contact_id,session_id,topic_name,confidence_score,response_type,thumbs_up,thumbs_down,escalated_to_agent,business_unit,application_channel,handle_seconds_dur,derived_resolution_score,created_at
CONT-6707D46A,SESS-5F52BE55,Account Management,0.3211,FAQ,0,0,1,Healthcare,Web,183,0.0532,2026-04-03T11:18:46
CONT-AA75BEEC,SESS-12F58809,Billing Inquiry,0.8617,Escalation,0,0,0,Travel,Kiosk,28,0.3813,2026-03-15T09:45:54
CONT-5A649855,SESS-DEF3A4AB,Technical Troubleshooting,0.5475,Self-Service,0,0,0,Financial Services,Mobile App,88,0.2532,2026-03-25T05:28:14
CONT-C5B8C25A,SESS-48D6EE30,Order Status,0.5404,Self-Service,0,0,0,Technology,Mobile App,25,0.2556,2026-03-29T10:35:58
CONT-333035CE,SESS-744E0A3B,Subscription Management,0.7026,Free Text,0,0,0,Travel,Web,31,0.3246,2026-04-01T07:55:29
CONT-32E9AD2F,SESS-661F8ED6,Billing Inquiry,0.569,Self-Service,0,0,0,Technology,Mobile App,216,0.2413,2026-03-08T07:43:56
CONT-88432A2F,SESS-EA03184B,Technical Troubleshooting,0.5373,Guided Flow,0,0,0,Travel,IVR,27,0.2628,2026-03-21T13:26:56
CONT-F0BD1BD0,SESS-EDDE14C5,Technical Troubleshooting,0.6046,FAQ,0,0,0,Travel,IVR,124,0.3129,2026-03-15T21:51:11
CONT-9A46F7D0,SESS-65FD0FAE,Account Management,0.6084,FAQ,0,0,0,Travel,IVR,274,0.3363,2026-03-15T14:29:28
CONT-82EB25A0,SESS-5B9B9148,Subscription Management,0.6994,Self-Service,0,0,0,Healthcare,Web,211,0.3222,2026-04-02T14:53:11
CONT-2F5B6595,SESS-7EF6C06E,Product Support,0.5574,FAQ,0,0,0,Travel,Web,15,0.2821,2026-04-01T14:04:33
CONT-405BE034,SESS-082B18AD,General Inquiry,0.5817,Free Text,0,0,0,Retail,Kiosk,22,0.2747,2026-04-05T23:52:21
CONT-2E28C7CC,SESS-DEADDDBF,Product Support,0.575,Handoff,0,0,0,Financial Services,Web,36,0.2552,2026-03-19T10:57:08
CONT-4EACA790,SESS-1E3B4A4E,Billing Inquiry,0.7961,Self-Service,0,0,0,Technology,Kiosk,34,0.4235,2026-03-16T05:19:30
CONT-8851D4C7,SESS-CC8F3187,Returns & Refunds,0.7862,Free Text,0,0,0,Technology,Mobile App,141,0.378,2026-04-03T09:02:59
CONT-E279A545,SESS-D1E34DCF,Account Management,0.6998,Escalation,0,0,0,Financial Services,Mobile App,97,0.3063,2026-03-17T16:04:26
CONT-F8790A91,SESS-4274F158,Billing Inquiry,0.5306,Handoff,0,0,0,Retail,Kiosk,68,0.2641,2026-03-29T09:18:42
CONT-57831F1B,SESS-CD082E99,Subscription Management,0.5389,Guided Flow,0,0,0,Healthcare,IVR,26,0.2924,2026-03-07T01:43:56
CONT-BF5D6C3B,SESS-35CA0FC9,Account Management,0.5157,Escalation,0,0,0,Travel,Mobile App,178,0.2512,2026-03-26T16:20:23
CONT-CDF31E79,SESS-2EB49985,Technical Troubleshooting,0.8451,Guided Flow,0,0,0,Technology,Mobile App,150,0.4488,2026-04-03T02:20:37
CONT-6B737A83,SESS-1BDD7327,Order Status,0.7317,Guided Flow,0,0,0,Healthcare,Mobile App,32,0.3583,2026-03-08T13:20:35
CONT-EE145C70,SESS-04AF41F4,Password Reset,0.5011,Guided Flow,0,0,0,Retail,Web,35,0.2981,2026-03-15T00:26:43
CONT-3E7BDB26,SESS-DEFA5E75,General Inquiry,0.7611,Self-Service,0,0,0,Healthcare,Partner API,125,0.3703,2026-03-30T05:15:20
CONT-81D52051,SESS-51EF4C79,Product Support,0.5746,Free Text,0,0,0,Healthcare,Kiosk,77,0.2772,2026-03-10T00:23:32
CONT-249CA701,SESS-F3B537F4,Account Management,0.6675,Guided Flow,0,0,0,Retail,Web,193,0.3256,2026-03-30T19:33:01
CONT-092E2D65,SESS-BB5FE3EC,Technical Troubleshooting,0.6635,Self-Service,1,0,0,Travel,Kiosk,58,0.6514,2026-04-01T04:29:06
CONT-57DD96A9,SESS-9E0F555C,Product Support,0.4406,Guided Flow,0,0,0,Travel,IVR,55,0.1916,2026-03-31T04:34:54
CONT-8C9FD144,SESS-25175903,Product Support,0.6582,Escalation,0,0,0,Travel,Mobile App,129,0.3469,2026-03-15T05:51:28
CONT-EEB1E699,SESS-7B362DA9,Loyalty Program,0.835,Escalation,0,0,0,Retail,Web,53,0.3835,2026-04-03T02:51:56
CONT-1A981D82,SESS-5B7C2FC2,General Inquiry,0.5512,Free Text,0,0,0,Healthcare,Mobile App,43,0.2402,2026-03-20T11:51:13
CONT-893F2F5C,SESS-23631F2D,Subscription Management,0.7968,FAQ,0,0,0,Retail,Kiosk,92,0.4482,2026-03-20T04:55:58
CONT-24B44694,SESS-00F5B2E8,Technical Troubleshooting,0.3887,Self-Service,0,0,0,Retail,Kiosk,199,0.1728,2026-03-21T04:40:57
CONT-FF553233,SESS-6366C138,Product Support,0.6783,Handoff,0,0,0,Retail,Partner API,10,0.3492,2026-03-15T15:19:58
CONT-30F4242A,SESS-B7BF1C26,Returns & Refunds,0.6125,Handoff,0,0,0,Travel,IVR,177,0.3194,2026-03-16T08:46:41
CONT-66D637F7,SESS-23180AF4,Billing Inquiry,0.6703,Free Text,0,0,0,Technology,Partner API,72,0.3368,2026-03-17T20:35:52
CONT-A15678CC,SESS-4A25D12B,Loyalty Program,0.7802,Free Text,0,0,0,Healthcare,Partner API,134,0.3814,2026-03-09T18:48:02
CONT-AC889C63,SESS-C693AE40,Account Management,0.5713,Free Text,0,0,0,Technology,Partner API,138,0.2642,2026-04-03T17:51:08
CONT-D412112D,SESS-40C26A5F,Password Reset,0.7517,FAQ,0,0,0,Technology,IVR,58,0.3965,2026-03-16T19:59:10
CONT-27CFE477,SESS-12946638,Returns & Refunds,0.6009,Guided Flow,0,0,0,Travel,IVR,140,0.3304,2026-04-02T10:57:18
CONT-62D1D575,SESS-3327C226,Password Reset,0.8024,Handoff,0,0,0,Travel,Mobile App,27,0.4005,2026-03-31T12:40:19
CONT-71E243E2,SESS-1435E51B,General Inquiry,0.5653,Escalation,0,0,0,Healthcare,Partner API,50,0.239,2026-03-24T20:03:19
CONT-069575BA,SESS-E6E5C1C9,Loyalty Program,0.6456,Free Text,0,0,0,Technology,Partner API,36,0.3384,2026-04-03T09:47:11
CONT-43347F97,SESS-D49B1816,Technical Troubleshooting,0.6266,Guided Flow,0,0,0,Technology,IVR,98,0.2856,2026-03-09T08:19:48
CONT-DF621541,SESS-6A8952D0,Password Reset,0.4788,Self-Service,0,0,0,Travel,Mobile App,179,0.2599,2026-03-23T05:06:38
CONT-209811C4,SESS-05401203,Billing Inquiry,0.5056,Free Text,0,0,0,Financial Services,Mobile App,72,0.2818,2026-03-19T00:13:49
CONT-4EE38568,SESS-97E4E7BC,Subscription Management,0.6833,Self-Service,0,0,0,Financial Services,Web,31,0.3858,2026-04-01T19:32:42
CONT-95BA2A80,SESS-1A67E3AA,Order Status,0.7399,Free Text,1,0,1,Travel,Kiosk,1113,0.4989,2026-03-09T12:17:01
CONT-FAF1AA6F,SESS-9CE34F0E,Billing Inquiry,0.6343,Free Text,0,0,0,Financial Services,Web,53,0.3496,2026-03-17T11:09:53
CONT-6C9DAF2C,SESS-0B55002D,Password Reset,0.6318,Escalation,0,0,0,Financial Services,Kiosk,171,0.266,2026-03-16T00:59:22
CONT-B5C3BAFF,SESS-41114550,Technical Troubleshooting,0.3898,Guided Flow,0,0,0,Healthcare,Web,55,0.2073,2026-04-04T08:39:32
CONT-15657895,SESS-342891FD,Password Reset,0.657,Escalation,0,0,0,Financial Services,Mobile App,79,0.3184,2026-04-05T15:02:54
CONT-B5C3BAFF,SESS-C829713C,Technical Troubleshooting,1.0,Free Text,0,0,0,Financial Services,Mobile App,71,0.4834,2026-04-02T13:14:24
CONT-774E8163,SESS-710C6621,Order Status,0.751,Free Text,0,0,0,Retail,Kiosk,83,0.356,2026-03-14T12:42:04
CONT-87426CF2,SESS-DC78B0F4,Billing Inquiry,0.8412,Handoff,0,0,0,Healthcare,IVR,36,0.4523,2026-04-04T01:06:23
CONT-4BCEFB7D,SESS-56DA20A5,Loyalty Program,0.6505,FAQ,0,0,0,Financial Services,Kiosk,257,0.3512,2026-03-09T06:20:52
CONT-D0AA31E7,SESS-B21C6390,Returns & Refunds,0.7162,Guided Flow,0,0,0,Retail,Partner API,62,0.3631,2026-03-27T21:47:14
CONT-BB6CB65C,SESS-2B0F9680,Technical Troubleshooting,0.9375,Guided Flow,0,0,1,Retail,Mobile App,266,0.3316,2026-04-04T05:16:34
CONT-3B7B4FDD,SESS-64131A81,Billing Inquiry,0.8095,Guided Flow,0,0,0,Financial Services,Mobile App,61,0.3686,2026-03-26T09:27:46
CONT-7B0643E6,SESS-4BEF746B,Billing Inquiry,0.7554,Free Text,0,0,0,Financial Services,IVR,312,0.3981,2026-03-20T14:15:59
CONT-2ED21BFE,SESS-FBFF1AEF,Product Support,0.4995,FAQ,0,0,0,Retail,Kiosk,154,0.263,2026-03-31T09:34:45
CONT-985CBFAA,SESS-5BA4ED22,Returns & Refunds,0.8343,Free Text,0,1,0,Financial Services,Kiosk,58,0.1875,2026-03-25T14:34:36
CONT-C4E5B5B9,SESS-1AC69E44,Loyalty Program,0.737,Guided Flow,0,0,0,Travel,IVR,233,0.3617,2026-03-11T19:18:30
CONT-977C1311,SESS-C7FCB622,Password Reset,0.7448,Escalation,1,0,0,Financial Services,Web,56,0.7017,2026-03-08T10:37:13
CONT-0011BE87,SESS-631A7EAC,Subscription Management,0.6692,Escalation,0,0,0,Retail,Web,100,0.3131,2026-03-31T22:51:50
CONT-CF7482AF,SESS-37C08D17,Product Support,0.8648,Handoff,0,0,0,Financial Services,Kiosk,59,0.4114,2026-03-18T08:08:42
CONT-73DFB371,SESS-1C6ED46B,Technical Troubleshooting,0.0571,Self-Service,0,0,1,Retail,Partner API,43,0.0,2026-04-04T22:34:41
CONT-5473931F,SESS-30990ED8,Account Management,0.9394,Self-Service,0,0,0,Healthcare,Kiosk,28,0.4614,2026-03-07T05:53:50
CONT-1FEA23FF,SESS-1B52B12D,Subscription Management,0.6069,Self-Service,0,0,0,Travel,Web,51,0.3437,2026-03-18T08:47:52
CONT-DC456AF4,SESS-AF40C9C2,Product Support,0.529,Escalation,1,0,1,Financial Services,Kiosk,45,0.3672,2026-03-20T04:31:43
CONT-9C100BDA,SESS-2DB24AA7,Billing Inquiry,0.3301,Guided Flow,0,0,1,Travel,Web,89,0.0168,2026-03-13T06:15:51
CONT-351F1908,SESS-958BCBC7,Subscription Management,0.7462,FAQ,0,0,0,Healthcare,IVR,279,0.3924,2026-04-02T11:51:57
CONT-17696243,SESS-563EE1A3,Password Reset,0.2494,Handoff,0,0,1,Technology,IVR,172,0.0,2026-03-16T21:42:55
CONT-18966676,SESS-B5BD9DB0,Account Management,0.4891,Handoff,0,0,0,Travel,IVR,134,0.2721,2026-03-18T00:56:05
CONT-69E21CDA,SESS-E984421F,Subscription Management,0.5455,Handoff,0,0,0,Travel,IVR,112,0.2523,2026-03-21T15:43:55
CONT-FAC0F3EA,SESS-0ABAB02A,Subscription Management,0.7767,Escalation,0,0,1,Travel,Kiosk,257,0.2573,2026-03-15T12:38:33
CONT-F8CF2BE5,SESS-F6D83293,Loyalty Program,0.4258,Self-Service,0,0,0,Healthcare,Web,110,0.1968,2026-03-20T07:28:53
CONT-EDDDEC0D,SESS-2D1A79AD,Billing Inquiry,0.3038,Handoff,0,0,0,Financial Services,Mobile App,34,0.1911,2026-03-16T17:24:40
CONT-8109F0E6,SESS-EEBFDF39,Billing Inquiry,1.0,Handoff,0,0,0,Retail,IVR,61,0.4811,2026-04-05T05:27:42
CONT-D69146EF,SESS-49BEDE0E,Product Support,0.6398,Free Text,0,0,0,Healthcare,Partner API,61,0.3333,2026-03-13T06:52:06
CONT-C93F67C2,SESS-16967C1C,Account Management,0.5745,Handoff,0,0,0,Healthcare,Web,37,0.3246,2026-03-17T09:32:54
CONT-55BA21AD,SESS-A1D9A507,Subscription Management,0.9138,Escalation,0,0,0,Travel,IVR,37,0.47,2026-03-30T04:33:08
CONT-C266A088,SESS-F58A4FFB,Technical Troubleshooting,0.456,Self-Service,0,0,0,Retail,Kiosk,27,0.2014,2026-03-13T23:05:41
CONT-1E886570,SESS-D9EF6A0A,Password Reset,0.7427,Free Text,0,0,0,Technology,Partner API,136,0.4125,2026-03-13T08:22:39
CONT-BA5AC9B0,SESS-D07E8CF0,Account Management,0.6467,Self-Service,0,0,0,Technology,Mobile App,54,0.3321,2026-03-31T03:28:26
CONT-F05ECFFF,SESS-B3C16AC9,Password Reset,0.4219,Handoff,0,0,0,Travel,Kiosk,28,0.2483,2026-03-07T06:12:42
CONT-2A680DFC,SESS-9574549C,Loyalty Program,0.6111,Self-Service,0,0,0,Retail,Web,58,0.3243,2026-03-26T15:15:03
CONT-5A649855,SESS-5E5A8B5B,Subscription Management,0.7664,Guided Flow,0,0,0,Technology,Kiosk,80,0.4108,2026-03-16T04:29:29
CONT-A6DA1179,SESS-43072BC4,General Inquiry,0.5568,Self-Service,1,0,0,Retail,Web,33,0.55,2026-03-13T01:14:52
CONT-5F7B0A8E,SESS-82CA4BC5,Loyalty Program,0.8076,Escalation,0,0,0,Travel,Mobile App,216,0.4228,2026-03-18T18:42:13
CONT-4F38987C,SESS-329A584B,Billing Inquiry,0.6122,Handoff,0,0,0,Financial Services,Mobile App,7,0.3357,2026-03-07T13:04:24
CONT-E26AAE49,SESS-E4F87B08,Returns & Refunds,0.6413,Free Text,0,0,0,Healthcare,Kiosk,73,0.3233,2026-03-09T06:29:57
CONT-7977D5B1,SESS-F28F974C,Technical Troubleshooting,0.7952,Self-Service,0,0,1,Technology,Kiosk,808,0.214,2026-03-10T14:51:20
CONT-F182720F,SESS-D373F3F6,Technical Troubleshooting,0.5829,Escalation,1,0,0,Retail,Mobile App,191,0.5732,2026-04-04T00:35:08
CONT-B880113D,SESS-B07DDFE7,Product Support,1.0,Self-Service,0,0,1,Healthcare,Web,339,0.3118,2026-03-27T01:03:23
CONT-89F75278,SESS-A3B4C2C1,Order Status,0.3905,Free Text,0,0,1,Financial Services,Partner API,69,0.0474,2026-03-19T17:45:04
CONT-1BB7DD1D,SESS-EF57539A,Password Reset,0.6464,Self-Service,0,1,0,Retail,Kiosk,159,0.1651,2026-03-31T05:03:30
CONT-73DFB371,SESS-6A348ECC,Loyalty Program,0.721,Self-Service,0,0,0,Healthcare,Mobile App,29,0.3896,2026-03-15T00:44:19
CONT-80E6448A,SESS-7CABFEE1,Billing Inquiry,0.5083,Handoff,0,0,0,Technology,Kiosk,71,0.2988,2026-03-08T10:06:01
CONT-2B9B5230,SESS-E4C3E45E,Order Status,0.8451,FAQ,1,0,1,Financial Services,IVR,238,0.5454,2026-03-27T06:14:45
CONT-F24C8A48,SESS-9D0E29ED,Returns & Refunds,0.776,Escalation,0,0,0,Retail,Web,285,0.4279,2026-03-26T05:06:32
CONT-9E76118B,SESS-24BAFD07,Account Management,0.7044,Escalation,0,0,0,Technology,IVR,286,0.3818,2026-03-23T15:53:03
CONT-2C4A3D92,SESS-34916A41,Account Management,1.0,Self-Service,0,0,0,Travel,Mobile App,45,0.4594,2026-03-08T01:53:10
CONT-5E5F2267,SESS-162672CB,Account Management,0.575,Escalation,0,0,0,Technology,IVR,62,0.2768,2026-03-25T10:24:17
CONT-A564DA43,SESS-EA09821B,Product Support,0.7173,Guided Flow,0,0,0,Travel,Partner API,25,0.3182,2026-03-19T06:24:04
CONT-978E6AF0,SESS-2A9397CD,Loyalty Program,0.4491,Handoff,0,0,1,Healthcare,Mobile App,1314,0.0798,2026-03-22T04:28:49
CONT-4CB3792E,SESS-05D7019A,Password Reset,0.682,FAQ,0,0,0,Travel,Kiosk,110,0.3072,2026-03-20T12:56:22
CONT-79EBF960,SESS-FD58E357,Loyalty Program,0.5527,Escalation,0,0,0,Travel,Web,35,0.2472,2026-03-10T01:49:47
CONT-4EE38568,SESS-F4FD5913,Returns & Refunds,0.4489,FAQ,0,0,0,Travel,Kiosk,265,0.2714,2026-04-01T19:21:34
CONT-841D5B36,SESS-B3B945D0,Billing Inquiry,0.7549,FAQ,1,0,0,Financial Services,Web,85,0.6349,2026-03-25T15:40:37
CONT-BBEA26B1,SESS-0A887A41,Subscription Management,0.8465,FAQ,0,0,0,Healthcare,Web,181,0.4542,2026-03-15T06:33:31
CONT-6BFD3951,SESS-11740AE2,Password Reset,0.7488,Guided Flow,0,0,0,Technology,IVR,123,0.3309,2026-03-19T01:24:23
CONT-4EE03A4B,SESS-C69EFBA4,Billing Inquiry,0.7628,Self-Service,0,0,0,Technology,Web,119,0.3597,2026-04-02T10:35:48
CONT-6B316998,SESS-9D047250,Account Management,0.6265,Self-Service,1,0,0,Retail,IVR,64,0.5714,2026-03-31T07:23:26
CONT-83054085,SESS-BB0E4B40,Returns & Refunds,0.7598,Self-Service,0,0,0,Healthcare,Kiosk,58,0.3454,2026-03-20T04:06:29
CONT-3DCD1855,SESS-9570DC5A,General Inquiry,0.7117,FAQ,0,0,0,Healthcare,Partner API,45,0.3808,2026-03-28T08:49:16
CONT-C01A3745,SESS-361DAE47,Order Status,0.9336,Escalation,0,0,0,Retail,IVR,39,0.4593,2026-03-13T14:44:25
CONT-762D0FE3,SESS-8BC1E0EC,Order Status,0.7026,Handoff,0,0,0,Retail,Kiosk,37,0.3367,2026-03-11T11:49:51
CONT-88A80658,SESS-6E875492,Subscription Management,0.9749,Self-Service,0,0,1,Healthcare,Web,231,0.3371,2026-03-30T12:14:10
CONT-788046D8,SESS-DB6F71FC,Loyalty Program,0.7933,Guided Flow,0,0,0,Retail,Web,137,0.3731,2026-03-07T02:23:42
CONT-36CAF708,SESS-9F4EFDDC,Billing Inquiry,0.3437,Guided Flow,0,0,0,Healthcare,Web,79,0.1769,2026-03-07T05:55:11
CONT-C93F67C2,SESS-867289EE,General Inquiry,0.5246,FAQ,0,0,0,Financial Services,Mobile App,29,0.2867,2026-03-11T09:38:39
CONT-A9D322AC,SESS-A0F19012,Technical Troubleshooting,0.7433,Free Text,0,0,0,Retail,IVR,72,0.3479,2026-04-01T21:52:30
CONT-BB6D5E06,SESS-D6F1D829,Order Status,0.5906,Guided Flow,0,0,0,Financial Services,Web,84,0.2465,2026-03-16T15:30:22
CONT-E7EFEBA6,SESS-42F2A32E,Billing Inquiry,0.3789,Guided Flow,0,0,0,Retail,Web,107,0.2062,2026-03-22T09:47:34
CONT-5CDB1823,SESS-BBE953AA,Subscription Management,0.6964,Handoff,0,0,1,Travel,Partner API,669,0.2109,2026-03-24T00:27:56
CONT-2520C83F,SESS-E550C8B2,Product Support,0.4772,Escalation,0,0,0,Financial Services,Web,112,0.2043,2026-03-16T10:44:22
CONT-B0B45403,SESS-7D9F158B,General Inquiry,0.7287,Self-Service,0,0,0,Technology,Web,31,0.3448,2026-04-01T16:25:54
CONT-BC739A87,SESS-7960A694,Order Status,0.6066,Self-Service,0,0,0,Retail,IVR,312,0.2883,2026-03-22T22:21:35
CONT-62D1D575,SESS-AC1BCBE3,Billing Inquiry,0.6492,Free Text,0,0,0,Retail,Partner API,58,0.2797,2026-03-09T03:02:59
CONT-0E9BCEBB,SESS-4F7FE8F6,Subscription Management,0.9254,Free Text,0,1,0,Financial Services,IVR,313,0.297,2026-03-17T15:27:18
CONT-2F5B6595,SESS-AA3F5B01,Account Management,0.7419,Escalation,0,0,0,Healthcare,Partner API,42,0.3862,2026-03-26T08:14:28
CONT-91034DB9,SESS-089DA257,Billing Inquiry,0.7062,FAQ,0,0,0,Technology,Kiosk,63,0.3465,2026-03-18T11:41:06
CONT-E88B032E,SESS-1E33D227,Returns & Refunds,0.9817,FAQ,0,0,0,Healthcare,Kiosk,239,0.5371,2026-03-07T14:41:23
CONT-B1760A43,SESS-77F8789E,Loyalty Program,0.875,Escalation,0,0,0,Retail,Mobile App,59,0.4143,2026-03-30T22:10:41
CONT-7EC69396,SESS-EFC70509,Order Status,1.0,Handoff,0,0,1,Financial Services,Web,104,0.3793,2026-03-21T23:10:10
CONT-6FC06AD4,SESS-C9EF0715,Returns & Refunds,0.6522,Self-Service,0,0,0,Financial Services,Partner API,259,0.3595,2026-03-30T07:27:25
CONT-BF6222E6,SESS-D72BD8DE,Order Status,1.0,Self-Service,0,0,0,Healthcare,Partner API,39,0.5281,2026-03-20T15:16:31
CONT-27634B09,SESS-69EEA599,Account Management,0.5371,Self-Service,0,0,0,Healthcare,IVR,61,0.2247,2026-03-26T19:22:13
CONT-22F7590C,SESS-35DB8AFB,Technical Troubleshooting,0.7137,Guided Flow,0,0,1,Financial Services,Mobile App,93,0.2313,2026-03-12T21:09:56
CONT-71D1F155,SESS-510A4634,Billing Inquiry,0.7951,Escalation,0,0,0,Healthcare,Mobile App,57,0.3708,2026-03-16T18:00:47
CONT-E096BD2E,SESS-EB3CA231,General Inquiry,0.8778,Free Text,0,0,0,Technology,Mobile App,51,0.4197,2026-03-24T07:26:53
CONT-EE58A101,SESS-D3C132F1,Password Reset,0.4962,Handoff,0,0,0,Travel,Partner API,29,0.2704,2026-03-10T00:59:14
CONT-5A649855,SESS-24E999E7,Technical Troubleshooting,0.6745,Free Text,0,0,0,Technology,Partner API,121,0.384,2026-03-24T13:57:31
CONT-568FCD31,SESS-3FD9A8F8,Loyalty Program,0.6665,Self-Service,0,0,0,Travel,Kiosk,22,0.3702,2026-03-16T06:38:18
CONT-D692685E,SESS-CF2AE8CB,Subscription Management,0.8123,FAQ,0,0,0,Healthcare,Mobile App,60,0.4106,2026-03-15T11:06:53
CONT-2882CC9F,SESS-9030F57C,Account Management,0.5905,Free Text,0,0,0,Travel,Partner API,174,0.2514,2026-03-10T08:38:27
CONT-D0662E54,SESS-EA292DEA,General Inquiry,0.6432,Guided Flow,1,0,0,Retail,Web,66,0.6574,2026-04-02T01:28:38
CONT-3227E46E,SESS-5CD1D7D1,Product Support,0.941,Self-Service,0,0,0,Financial Services,IVR,190,0.506,2026-03-16T23:30:17
CONT-09F996D4,SESS-1B0CEF77,Returns & Refunds,0.3494,Escalation,0,0,0,Technology,IVR,19,0.1822,2026-03-16T05:17:14
CONT-3E555CE6,SESS-24863AA4,Account Management,0.5204,Escalation,0,0,0,Retail,Partner API,275,0.2758,2026-03-09T03:56:16
CONT-2A50BFD1,SESS-432EFE69,Product Support,0.5368,FAQ,0,0,0,Technology,Partner API,74,0.2506,2026-03-14T04:02:30
CONT-21B0BE0E,SESS-563112BB,Account Management,0.3505,Escalation,0,0,0,Financial Services,Kiosk,73,0.2087,2026-03-15T01:00:46
CONT-FC6C3D69,SESS-1DA4688D,Order Status,0.6804,Guided Flow,0,0,0,Healthcare,IVR,58,0.3847,2026-03-08T05:35:45
CONT-CCD24B2B,SESS-CF57DFC4,Order Status,0.6675,Self-Service,1,0,0,Retail,Web,30,0.6795,2026-03-12T11:14:30
CONT-21CB85AF,SESS-BC82ADBC,Returns & Refunds,0.7304,Free Text,0,0,0,Financial Services,Kiosk,84,0.3911,2026-04-02T09:38:40
CONT-E096BD2E,SESS-153F82FA,Order Status,0.7354,Guided Flow,1,0,0,Retail,IVR,130,0.6833,2026-03-28T13:32:43
CONT-56FA752E,SESS-10B67795,Returns & Refunds,0.7517,Escalation,0,0,0,Financial Services,Kiosk,21,0.3699,2026-03-21T11:03:47
CONT-D473F8FC,SESS-2DE2AD15,Password Reset,0.8163,Handoff,0,0,1,Retail,Kiosk,29,0.2806,2026-03-12T18:46:58
CONT-7D606328,SESS-8EFEBAE7,Password Reset,0.7841,FAQ,0,0,0,Technology,Web,126,0.4053,2026-03-16T00:26:39
CONT-81D0455B,SESS-C27531F3,Password Reset,0.7468,FAQ,0,0,0,Travel,IVR,97,0.4045,2026-03-24T17:18:22
CONT-1481E547,SESS-64146884,Account Management,0.5749,Escalation,0,0,0,Financial Services,Partner API,48,0.2476,2026-03-26T01:15:27
CONT-9C100BDA,SESS-B90B4992,Subscription Management,0.3663,FAQ,0,0,0,Financial Services,Kiosk,71,0.1858,2026-04-03T02:49:13
CONT-62726E89,SESS-1343A38F,Password Reset,0.8718,Escalation,0,0,0,Retail,Mobile App,72,0.4259,2026-03-20T20:45:14
CONT-D9CC67C9,SESS-CA684F38,Password Reset,0.5161,FAQ,1,0,0,Healthcare,Mobile App,75,0.55,2026-03-08T00:00:11
CONT-AD635E9D,SESS-627860E9,Subscription Management,0.5851,Guided Flow,0,0,1,Travel,IVR,111,0.0979,2026-03-07T19:24:39
CONT-ED3207EF,SESS-6CF6BB26,Subscription Management,0.5813,Handoff,1,0,0,Travel,Partner API,217,0.5449,2026-03-27T07:59:06
CONT-CCA49F26,SESS-B1444A7F,Returns & Refunds,0.7898,FAQ,0,0,1,Retail,Web,135,0.278,2026-03-14T20:40:37
CONT-C77B1809,SESS-2657116F,Returns & Refunds,0.7688,Escalation,0,0,0,Technology,Kiosk,110,0.3925,2026-03-18T17:51:57
CONT-D9E2312D,SESS-94336C1E,General Inquiry,0.6806,Self-Service,0,0,0,Travel,Mobile App,85,0.3848,2026-03-17T15:03:44
CONT-93EE4DCC,SESS-7C983269,Subscription Management,1.0,Self-Service,0,0,0,Retail,Partner API,45,0.5342,2026-03-08T23:33:09
CONT-A4052955,SESS-AC799DDE,Order Status,0.5821,Escalation,0,0,1,Healthcare,IVR,345,0.1365,2026-04-03T10:57:41
CONT-9EB33CC6,SESS-9E41299F,Loyalty Program,0.4938,FAQ,0,0,0,Travel,Web,7,0.2144,2026-04-02T18:12:20
CONT-71A4FA4A,SESS-CF0E1B5C,Billing Inquiry,0.6465,Guided Flow,0,0,1,Healthcare,Web,59,0.2155,2026-03-23T20:12:44
CONT-BC22D510,SESS-525E747D,Password Reset,0.8773,Handoff,0,0,0,Technology,IVR,136,0.401,2026-03-29T19:44:08
CONT-E93E8CD2,SESS-D14DD775,Technical Troubleshooting,0.8541,Self-Service,0,0,0,Technology,Partner API,135,0.4324,2026-03-28T18:35:37
CONT-AD7E2E92,SESS-4792BF4A,Account Management,0.8062,Self-Service,0,0,0,Technology,IVR,59,0.3898,2026-03-31T13:48:49
CONT-94F24E42,SESS-36AD0B12,Loyalty Program,0.9766,Escalation,0,0,1,Travel,Web,37,0.3465,2026-03-11T19:59:47
CONT-E8764E30,SESS-97AFD5EE,Subscription Management,0.4412,Escalation,0,0,0,Financial Services,Kiosk,37,0.2445,2026-04-01T02:26:06
CONT-BC7CF6A4,SESS-0ACFA4D7,Order Status,0.4768,Free Text,0,0,1,Travel,Web,94,0.0807,2026-03-12T09:29:00
CONT-841D5B36,SESS-23F58DE4,Subscription Management,0.6739,Self-Service,0,0,0,Financial Services,Partner API,106,0.306,2026-03-16T14:23:12
CONT-0BBA7594,SESS-7AB7067B,Product Support,0.6557,Handoff,0,0,0,Technology,IVR,56,0.3015,2026-04-03T07:37:31
CONT-6B3A8370,SESS-1FD64E6E,Loyalty Program,0.8841,FAQ,0,0,0,Technology,IVR,54,0.444,2026-03-21T11:56:27
CONT-1324F705,SESS-93C721DA,Product Support,0.6466,Self-Service,0,0,0,Retail,IVR,43,0.2826,2026-03-19T01:27:49
CONT-451DFA78,SESS-E0BC3072,Loyalty Program,1.0,Handoff,0,0,0,Healthcare,Partner API,32,0.5331,2026-03-23T14:26:26
CONT-D00BF537,SESS-5D2A6A5E,Loyalty Program,0.5471,Free Text,0,0,0,Retail,IVR,22,0.3058,2026-03-19T00:47:06
CONT-C01A3745,SESS-1583947F,Account Management,0.594,Self-Service,1,0,0,Technology,Partner API,33,0.5961,2026-04-03T16:32:32
CONT-1D2D7AB8,SESS-0E67EC7C,Order Status,0.6217,Escalation,0,0,0,Financial Services,Partner API,93,0.3193,2026-03-11T14:58:37
CONT-2D869CCB,SESS-9F429453,Order Status,0.9001,FAQ,0,0,0,Healthcare,IVR,28,0.4308,2026-04-05T19:39:33
CONT-3395DD36,SESS-592F39E7,Product Support,0.9901,Guided Flow,0,0,0,Healthcare,Partner API,22,0.4829,2026-04-01T15:26:30
CONT-892D7832,SESS-35807A9A,Order Status,0.8061,Guided Flow,0,0,0,Financial Services,Web,206,0.3661,2026-03-26T23:46:43
CONT-11D2AE05,SESS-DB53FDA0,Subscription Management,0.4891,Handoff,0,0,0,Technology,Partner API,87,0.2513,2026-03-25T14:05:41
CONT-C67F5509,SESS-B79EC2AA,General Inquiry,0.5184,FAQ,0,0,0,Financial Services,Partner API,81,0.2998,2026-04-04T04:04:59
CONT-AA0EFEA4,SESS-2129C023,Order Status,0.6809,Handoff,0,0,0,Financial Services,IVR,27,0.2994,2026-03-16T07:42:52
CONT-677C7767,SESS-E5DF1DE4,Product Support,0.6553,Self-Service,0,0,0,Retail,Kiosk,208,0.3148,2026-03-20T02:26:39
CONT-9C40CA66,SESS-99197EAB,Product Support,0.5216,Escalation,0,1,0,Technology,Partner API,116,0.0146,2026-03-21T14:38:20
CONT-AEB5827D,SESS-28E86F66,Product Support,0.8378,Self-Service,0,0,0,Travel,Web,115,0.3799,2026-03-19T06:17:30
CONT-C898BE3E,SESS-BF5EF516,Billing Inquiry,0.6913,FAQ,0,0,0,Healthcare,Kiosk,142,0.3889,2026-04-02T13:55:09
CONT-B03095FA,SESS-C495D584,Billing Inquiry,0.3069,Free Text,0,0,0,Technology,Web,162,0.1098,2026-03-14T17:05:03
CONT-CF23FF01,SESS-AD5BD088,Account Management,0.694,Free Text,0,0,0,Retail,Partner API,22,0.3663,2026-04-04T04:33:59
CONT-F0862C6D,SESS-25EEB398,Returns & Refunds,0.7178,Free Text,0,0,0,Travel,Mobile App,26,0.3399,2026-03-20T07:39:58
CONT-A306B395,SESS-7D4E85F1,Password Reset,0.5732,FAQ,0,0,0,Financial Services,Web,84,0.3354,2026-03-20T03:51:32
CONT-BB2E59F1,SESS-9DD74AFD,Subscription Management,0.757,Guided Flow,0,0,0,Technology,Web,77,0.3782,2026-03-07T02:13:55
CONT-580E67DA,SESS-5494BB81,Returns & Refunds,0.491,Guided Flow,0,0,1,Healthcare,Partner API,135,0.0577,2026-03-28T02:02:24
CONT-24A2B788,SESS-9F7CFCF3,Technical Troubleshooting,0.543,Handoff,0,0,0,Travel,Kiosk,62,0.2883,2026-03-07T02:10:55
CONT-AEAFF340,SESS-ACBC1C30,Product Support,0.6421,Guided Flow,0,0,0,Healthcare,Kiosk,190,0.3313,2026-03-11T15:03:09
CONT-D00BF537,SESS-73CDF72F,Order Status,0.3678,Free Text,0,0,1,Technology,IVR,77,0.0068,2026-03-11T15:15:14
CONT-DCCB32F7,SESS-74FE73E8,Returns & Refunds,0.6011,Handoff,0,0,0,Financial Services,Kiosk,93,0.3474,2026-03-23T05:00:05
CONT-34372DCF,SESS-2F52F0BF,General Inquiry,0.5803,Handoff,0,0,1,Retail,Kiosk,249,0.1487,2026-03-26T13:31:19
CONT-CFC78E16,SESS-40F214E1,Subscription Management,0.714,Self-Service,0,0,0,Financial Services,Mobile App,120,0.3631,2026-03-21T21:13:52
CONT-EE145C70,SESS-F36AAAB8,Technical Troubleshooting,0.2164,FAQ,0,0,0,Healthcare,IVR,91,0.0936,2026-03-09T06:15:29
CONT-9E76118B,SESS-03EDF763,Order Status,0.569,FAQ,0,0,0,Technology,Kiosk,129,0.2731,2026-03-08T21:19:03
CONT-0E9108FE,SESS-3C8FF96D,Returns & Refunds,0.7019,Guided Flow,1,0,0,Technology,Partner API,13,0.684,2026-03-13T01:43:29
CONT-E0539BF6,SESS-71940724,Subscription Management,0.8044,Escalation,0,0,0,Retail,IVR,392,0.3938,2026-03-15T14:18:09
CONT-BB67483F,SESS-98C0684A,Technical Troubleshooting,0.7815,Guided Flow,1,0,1,Travel,Kiosk,256,0.5865,2026-03-29T17:54:46
CONT-BC7CF6A4,SESS-79370F03,Account Management,0.3494,Handoff,0,0,0,Healthcare,Partner API,129,0.173,2026-04-04T20:07:59
CONT-6631B248,SESS-F07ADA81,Loyalty Program,0.7417,FAQ,0,0,1,Financial Services,Partner API,273,0.2276,2026-04-05T01:24:31
CONT-B6EF8E17,SESS-64021B05,Billing Inquiry,0.3911,Free Text,0,0,1,Retail,Web,563,0.0131,2026-03-19T17:23:36
CONT-9EA7BD09,SESS-83199C80,Order Status,0.4913,FAQ,0,0,0,Technology,Mobile App,46,0.2801,2026-04-03T23:43:05
CONT-DC456AF4,SESS-3C9C4953,Password Reset,0.7249,Free Text,0,0,1,Retail,IVR,156,0.1659,2026-03-30T08:00:34
CONT-8B8CC16F,SESS-D5DB2693,Order Status,0.5922,Free Text,0,0,0,Healthcare,Partner API,140,0.2675,2026-04-01T19:21:09
CONT-9270AB94,SESS-B6110758,Product Support,0.5736,Escalation,0,0,0,Technology,Web,14,0.3243,2026-03-10T11:38:23
CONT-79EBF960,SESS-AF40BE32,Account Management,0.9678,Escalation,0,0,0,Financial Services,Kiosk,58,0.4487,2026-04-03T19:35:55
CONT-CA89E215,SESS-9778D2CF,Loyalty Program,0.6962,Handoff,0,0,0,Retail,Mobile App,101,0.3472,2026-04-02T10:39:42
CONT-D9121D1A,SESS-0B6E5171,Subscription Management,0.3859,Free Text,0,0,0,Healthcare,Partner API,83,0.2298,2026-03-25T14:35:53
CONT-6E77E927,SESS-4CDA9347,Order Status,0.4246,Guided Flow,0,0,0,Financial Services,Mobile App,380,0.1701,2026-03-13T13:00:35
CONT-FAF1AA6F,SESS-E1A0A9DC,Password Reset,0.7358,Free Text,0,0,0,Travel,Kiosk,77,0.3625,2026-03-19T18:56:55
CONT-96F1972E,SESS-71154FF1,Product Support,0.5484,FAQ,0,0,1,Financial Services,IVR,47,0.1476,2026-03-16T02:43:11
CONT-69289D26,SESS-07A1C403,General Inquiry,0.7075,FAQ,0,0,0,Financial Services,Mobile App,110,0.3344,2026-03-18T17:20:21
CONT-208E2CC9,SESS-6CC6F966,Account Management,0.7391,Escalation,0,0,0,Retail,Partner API,96,0.3813,2026-03-17T01:38:50
CONT-689FDEED,SESS-DDF53646,Returns & Refunds,0.7033,Self-Service,0,0,0,Financial Services,Partner API,53,0.3278,2026-03-21T00:11:12
CONT-62E7784E,SESS-7D4FA75A,Technical Troubleshooting,0.6185,Escalation,0,0,1,Healthcare,Mobile App,110,0.1736,2026-03-25T04:35:29
CONT-D7570ED1,SESS-5D2AB91D,Account Management,0.781,Handoff,0,0,0,Healthcare,Kiosk,42,0.3954,2026-03-14T19:22:31
CONT-AABF70C9,SESS-FF89B4BF,Password Reset,1.0,Escalation,0,0,0,Retail,Partner API,209,0.5487,2026-03-13T11:49:27
CONT-BB74186E,SESS-7734AF37,Product Support,0.6983,FAQ,0,0,0,Retail,Mobile App,185,0.3786,2026-03-09T15:54:42
CONT-2D0D8CF5,SESS-C3097732,Password Reset,0.8483,Escalation,0,0,1,Financial Services,Mobile App,85,0.3075,2026-03-24T15:08:55
CONT-E3C15B5D,SESS-38DFEAFF,Product Support,0.6988,Free Text,0,0,0,Travel,Partner API,28,0.3057,2026-03-29T07:42:51
CONT-AD364558,SESS-67433F70,Loyalty Program,0.5245,FAQ,0,0,0,Financial Services,Kiosk,270,0.3072,2026-03-23T21:56:05
CONT-60C3A876,SESS-B5005E2F,Technical Troubleshooting,0.5835,Handoff,0,0,0,Travel,Kiosk,45,0.2896,2026-03-09T06:58:45
CONT-8109F0E6,SESS-516117C1,Order Status,0.7156,FAQ,0,0,0,Financial Services,IVR,26,0.3087,2026-03-09T03:30:59
CONT-482E7D91,SESS-8CC143B0,Password Reset,0.672,Self-Service,0,0,0,Retail,Mobile App,11,0.3065,2026-03-11T04:24:44
CONT-0D52AB9E,SESS-8967D6C0,Technical Troubleshooting,0.5088,Handoff,0,0,0,Retail,Web,63,0.2057,2026-03-19T12:03:15
CONT-9A39709D,SESS-9ABABD2C,Loyalty Program,0.705,Free Text,0,0,0,Travel,IVR,46,0.3942,2026-03-08T11:14:21
CONT-B04A30E6,SESS-43CE7A84,General Inquiry,0.5659,Handoff,0,0,0,Retail,Web,188,0.2407,2026-03-28T03:17:44
CONT-9D1087BB,SESS-EBDEA861,Returns & Refunds,0.8673,Guided Flow,0,0,0,Technology,Web,21,0.41,2026-03-21T09:27:39
CONT-696EB156,SESS-D4514561,Product Support,0.3601,Self-Service,0,0,0,Technology,Partner API,33,0.1569,2026-03-30T22:27:29
CONT-A7B3C928,SESS-44A75769,Returns & Refunds,0.5086,FAQ,0,0,0,Retail,Web,38,0.2095,2026-03-25T01:22:39
CONT-24B44694,SESS-B53531D3,Account Management,0.7776,Escalation,1,0,0,Financial Services,Kiosk,53,0.7044,2026-04-02T18:24:02
CONT-9218D834,SESS-656C0A6E,Order Status,0.8843,Guided Flow,1,0,0,Retail,Web,48,0.7753,2026-04-03T18:10:29
CONT-101B610B,SESS-EE441C2F,General Inquiry,0.719,Free Text,0,0,0,Financial Services,Partner API,60,0.3743,2026-04-01T12:39:36
CONT-6B316998,SESS-838D4DA0,Subscription Management,0.4193,Escalation,0,0,1,Financial Services,Mobile App,52,0.0646,2026-03-29T01:00:45
CONT-AB6CA081,SESS-BEBDBDB4,Product Support,0.5024,Escalation,0,0,0,Retail,Partner API,44,0.2072,2026-03-14T20:22:07
CONT-A20F0B74,SESS-552B04E1,Password Reset,0.7569,Handoff,0,0,0,Retail,Kiosk,128,0.3781,2026-03-12T11:01:53
CONT-DC456AF4,SESS-03FE7B5C,Order Status,0.7991,Free Text,0,0,0,Technology,Partner API,32,0.4351,2026-03-17T19:27:38
CONT-B35E4D85,SESS-964A1453,Account Management,0.5497,Handoff,0,0,0,Financial Services,IVR,51,0.2315,2026-03-15T11:10:17
CONT-D153D9DD,SESS-913E2940,Account Management,0.601,Escalation,0,0,0,Financial Services,Partner API,153,0.3103,2026-03-12T17:58:26
CONT-A0144804,SESS-C73A8411,Account Management,0.8845,Guided Flow,0,0,0,Healthcare,Mobile App,99,0.4356,2026-03-11T03:33:54
CONT-D242F887,SESS-724EA9F4,Order Status,0.5821,Handoff,0,0,0,Retail,IVR,115,0.3346,2026-03-23T20:00:38
CONT-9E76118B,SESS-2EDF99DA,Loyalty Program,0.5863,Self-Service,0,0,0,Travel,Kiosk,50,0.3279,2026-03-25T20:43:04
CONT-4EE03A4B,SESS-5F58CEEF,Billing Inquiry,0.7273,Guided Flow,0,0,0,Technology,Partner API,40,0.4038,2026-03-09T04:20:17
CONT-BA69E9D7,SESS-6B79AB01,Billing Inquiry,0.5376,Handoff,0,0,1,Financial Services,Kiosk,571,0.1087,2026-04-03T06:41:21
CONT-5F7B20CC,SESS-05592962,Password Reset,0.662,Guided Flow,0,0,0,Technology,IVR,292,0.2891,2026-03-11T07:14:54
CONT-BF0A7325,SESS-AF5BF793,Subscription Management,0.6921,Free Text,0,1,0,Healthcare,IVR,31,0.1104,2026-04-04T13:11:02
CONT-774E8163,SESS-21A53A84,Product Support,0.5266,Free Text,0,0,0,Healthcare,Mobile App,41,0.2417,2026-03-20T15:27:08
CONT-6DB8BD3F,SESS-7037C106,Order Status,1.0,Handoff,1,0,0,Healthcare,Mobile App,106,0.8169,2026-03-17T11:04:50
CONT-69289D26,SESS-2D0DD3C4,Subscription Management,0.6002,Self-Service,0,0,0,Financial Services,Mobile App,32,0.269,2026-03-09T13:17:17
CONT-F8790A91,SESS-9D96B67A,Account Management,0.8404,Handoff,0,0,0,Travel,Partner API,48,0.439,2026-03-24T09:32:18
CONT-C41FF59A,SESS-D1001DDB,Billing Inquiry,0.8904,Escalation,0,0,1,Retail,IVR,41,0.32,2026-03-15T12:14:07
CONT-71700017,SESS-F67D3233,Account Management,0.4483,Self-Service,0,0,1,Retail,IVR,511,0.0766,2026-03-13T01:07:30
CONT-C4D2FCF6,SESS-7328810F,Product Support,0.8067,FAQ,0,1,0,Travel,Kiosk,228,0.2197,2026-03-08T16:54:31
CONT-2B9E3595,SESS-91962EAB,Product Support,0.6189,FAQ,0,0,0,Retail,Kiosk,87,0.3038,2026-03-20T16:17:38
CONT-4993870E,SESS-A279CD8E,Returns & Refunds,0.9483,Guided Flow,0,0,1,Technology,IVR,102,0.3462,2026-03-08T03:02:00
CONT-E27650F7,SESS-D72E2AA7,Password Reset,0.4137,FAQ,0,0,0,Travel,Mobile App,193,0.2427,2026-03-09T08:45:46
CONT-CF9A371F,SESS-AC3D68BF,General Inquiry,0.6156,Free Text,0,0,0,Healthcare,Mobile App,52,0.2997,2026-03-15T18:16:00
CONT-34959653,SESS-44E147B4,Loyalty Program,0.6135,FAQ,0,0,0,Healthcare,Web,51,0.3338,2026-03-27T01:49:42
CONT-3BAEA02C,SESS-382D8998,Loyalty Program,0.9658,Guided Flow,0,0,0,Healthcare,Kiosk,63,0.486,2026-03-09T00:45:58
CONT-C74A7C87,SESS-8796301F,Billing Inquiry,0.7931,Self-Service,0,0,0,Retail,Web,51,0.3487,2026-03-22T07:57:13
CONT-B14B1BA5,SESS-18F5CEF6,Subscription Management,0.4268,Self-Service,0,0,0,Healthcare,Mobile App,196,0.2313,2026-04-03T05:00:11
CONT-6E51C4DD,SESS-C3312ECF,Returns & Refunds,0.4613,Guided Flow,0,0,0,Healthcare,Kiosk,52,0.1864,2026-04-01T16:56:45
CONT-BB2E59F1,SESS-E6ABF8C4,Subscription Management,0.8219,Free Text,0,0,0,Financial Services,Web,311,0.4115,2026-03-15T18:44:54
CONT-E137C066,SESS-9F848AF9,Billing Inquiry,0.7483,Handoff,1,0,0,Retail,Web,170,0.6845,2026-03-11T13:07:57
CONT-62950A0E,SESS-C7590654,Password Reset,0.7352,Free Text,0,0,0,Financial Services,Partner API,95,0.3836,2026-03-20T05:41:50
CONT-B335D333,SESS-72E4C0EA,Subscription Management,0.866,Guided Flow,0,0,0,Healthcare,IVR,58,0.4618,2026-03-21T05:17:16
CONT-BE9F79D2,SESS-ACB269A0,Billing Inquiry,0.2021,Handoff,0,0,0,Healthcare,IVR,57,0.0783,2026-04-05T12:34:59
CONT-954E3D08,SESS-CC3FF626,Technical Troubleshooting,0.6078,Guided Flow,0,0,0,Technology,IVR,22,0.3027,2026-03-19T09:31:54
CONT-E6A03AF9,SESS-F5D622D0,Technical Troubleshooting,0.4564,Self-Service,0,0,0,Healthcare,Partner API,152,0.1894,2026-03-20T02:16:41
CONT-154579A7,SESS-F607D2D8,Subscription Management,0.7002,Self-Service,0,0,0,Travel,Kiosk,30,0.3238,2026-03-23T21:05:03
CONT-3B48C70E,SESS-13DA5822,Returns & Refunds,0.7456,Escalation,0,0,0,Technology,IVR,110,0.3529,2026-03-22T07:18:37
CONT-3BAEA02C,SESS-CB01BFD7,Subscription Management,0.7145,FAQ,0,0,0,Retail,IVR,75,0.4025,2026-03-29T23:46:30
CONT-90302654,SESS-751DD362,Product Support,0.7612,Self-Service,0,0,0,Technology,IVR,58,0.4023,2026-03-27T05:08:52
CONT-BB6D5E06,SESS-8713BF40,Product Support,0.8583,Handoff,1,0,0,Technology,IVR,31,0.7776,2026-04-05T02:32:09
CONT-4388C778,SESS-35D6CF01,Subscription Management,0.3966,Guided Flow,0,0,0,Financial Services,Kiosk,71,0.1901,2026-03-29T13:55:30
CONT-258A4B43,SESS-03FDF1B9,Billing Inquiry,0.5401,FAQ,0,0,0,Healthcare,Web,24,0.2299,2026-03-08T23:29:20
CONT-D0EBCAEA,SESS-3D5BA376,Product Support,0.629,FAQ,0,0,0,Travel,Kiosk,60,0.3187,2026-03-08T21:18:17
CONT-44448152,SESS-4A77DC12,Returns & Refunds,0.2547,Guided Flow,0,0,0,Travel,Mobile App,57,0.1499,2026-03-30T18:56:42
CONT-88A80658,SESS-48E1C8BE,Subscription Management,0.8076,Free Text,0,0,0,Retail,Partner API,51,0.3701,2026-03-07T07:43:15
CONT-CD8A02FE,SESS-6950EB75,Technical Troubleshooting,0.5583,Free Text,0,0,0,Healthcare,Kiosk,38,0.3242,2026-03-08T15:36:27
CONT-BE933834,SESS-C9D0EE01,Returns & Refunds,0.6276,Free Text,0,0,0,Healthcare,Web,267,0.3172,2026-03-16T19:26:00
CONT-D7792A29,SESS-DFA51ED1,Subscription Management,0.7764,Self-Service,0,0,0,Healthcare,Mobile App,76,0.3726,2026-03-28T23:32:34
CONT-EE0BDC04,SESS-BA65EB43,Order Status,0.453,Guided Flow,1,0,1,Financial Services,Web,198,0.3575,2026-04-01T18:47:38
CONT-1324F705,SESS-5B370BCB,Billing Inquiry,0.5734,Handoff,0,0,0,Healthcare,Web,80,0.2679,2026-03-15T17:41:31
CONT-08ADCF7B,SESS-86C91E17,Subscription Management,0.5227,Self-Service,0,0,0,Travel,Kiosk,40,0.2406,2026-03-25T07:11:35
CONT-954E3D08,SESS-33FABF69,Subscription Management,0.9035,Guided Flow,0,0,0,Travel,Kiosk,36,0.4095,2026-03-08T02:41:05
CONT-DEC7E233,SESS-5ACA1AA7,Billing Inquiry,0.7175,FAQ,0,0,0,Travel,IVR,21,0.3341,2026-03-17T13:20:59
CONT-AAAF7D48,SESS-4DE3A4E2,Subscription Management,0.3896,Free Text,0,0,0,Healthcare,Partner API,41,0.1935,2026-03-23T11:26:29
CONT-D7570ED1,SESS-A9996960,Billing Inquiry,0.7815,Guided Flow,0,0,0,Healthcare,Mobile App,28,0.3942,2026-03-28T23:50:34
CONT-69E21CDA,SESS-641BA1AF,Loyalty Program,0.7627,Guided Flow,0,0,0,Financial Services,Mobile App,26,0.3754,2026-03-10T07:09:00
CONT-5A649855,SESS-E15B5C8C,Password Reset,0.7725,Escalation,0,0,0,Healthcare,Web,14,0.3691,2026-03-20T10:11:04
CONT-C40B0EDA,SESS-387528C0,Technical Troubleshooting,0.5992,Free Text,0,0,0,Technology,IVR,80,0.2504,2026-03-25T17:03:32
CONT-24E4388E,SESS-C24ECB4A,Order Status,0.5034,Guided Flow,0,0,0,Technology,Partner API,59,0.2753,2026-04-02T05:12:16
CONT-81744922,SESS-9F96BBC6,Subscription Management,0.9324,FAQ,0,1,0,Healthcare,Partner API,100,0.2559,2026-03-07T05:44:20
CONT-BA69E9D7,SESS-F552921F,Technical Troubleshooting,0.4322,FAQ,0,0,0,Technology,Kiosk,56,0.2563,2026-04-05T15:38:12
CONT-0DBABD99,SESS-F92B96B3,Loyalty Program,0.6414,Free Text,0,0,0,Healthcare,Partner API,81,0.2915,2026-03-15T06:57:05
CONT-A9BF70CE,SESS-4B500160,Technical Troubleshooting,0.4254,Self-Service,0,0,1,Technology,Kiosk,278,0.0305,2026-03-27T15:49:06
CONT-95BA2A80,SESS-A1815B58,Subscription Management,0.8026,Handoff,0,0,0,Healthcare,Mobile App,46,0.3829,2026-04-04T01:53:25
CONT-221FC9DD,SESS-E7C28939,Returns & Refunds,0.3859,Self-Service,0,0,0,Financial Services,IVR,216,0.1598,2026-03-12T22:24:52
CONT-898D1870,SESS-EA4B425D,General Inquiry,0.5535,Escalation,0,0,0,Healthcare,Partner API,37,0.295,2026-03-31T18:49:06
CONT-51A5E3DD,SESS-74FF4DC7,General Inquiry,0.6325,Handoff,0,0,0,Financial Services,Kiosk,273,0.2939,2026-03-20T20:04:40
CONT-4210A2E4,SESS-74D864E3,Loyalty Program,0.7558,Escalation,0,0,0,Travel,Web,44,0.3378,2026-03-29T18:14:03
CONT-31EAB806,SESS-49A01F2B,Returns & Refunds,0.7832,Free Text,0,0,0,Healthcare,Partner API,24,0.4012,2026-04-03T22:38:54
CONT-D8FA1586,SESS-A3424787,Product Support,0.5906,Free Text,0,0,0,Retail,IVR,18,0.2533,2026-03-09T07:44:35
CONT-5A0F85D7,SESS-2A49AC87,Technical Troubleshooting,0.911,Handoff,0,0,0,Healthcare,Kiosk,23,0.4532,2026-03-21T01:01:17
CONT-B35C4A43,SESS-53C2F590,Subscription Management,0.6312,FAQ,0,0,0,Travel,IVR,24,0.3103,2026-03-20T07:34:01
CONT-34F966AB,SESS-45DC5354,Order Status,0.5701,Escalation,0,0,1,Technology,Mobile App,284,0.1271,2026-03-08T16:57:16
CONT-AA7B3F05,SESS-00508BAE,Password Reset,0.6572,Guided Flow,0,0,0,Healthcare,Kiosk,157,0.3018,2026-03-17T21:11:09
CONT-CF7482AF,SESS-B61A1A03,Returns & Refunds,0.772,Self-Service,0,0,0,Retail,Partner API,41,0.3493,2026-03-13T02:17:46
CONT-CD8A02FE,SESS-7B2631C2,General Inquiry,0.8087,FAQ,0,0,0,Technology,IVR,147,0.4311,2026-04-04T07:40:11
CONT-2520C83F,SESS-5A915D6F,Technical Troubleshooting,0.5805,FAQ,0,0,0,Retail,Mobile App,46,0.2661,2026-04-05T11:18:15
CONT-8CC701B1,SESS-22370FBE,Order Status,0.7982,Handoff,0,0,0,Retail,Partner API,20,0.4435,2026-03-09T16:05:12
CONT-54BA6C5D,SESS-50183772,Loyalty Program,0.6464,Guided Flow,1,0,0,Travel,Mobile App,39,0.585,2026-04-01T17:37:34
CONT-F79D9A69,SESS-DA1AA0AF,Loyalty Program,0.7404,Free Text,0,1,0,Technology,Kiosk,37,0.2005,2026-04-02T21:43:13
CONT-F30B7220,SESS-442911EE,Subscription Management,0.578,Handoff,0,0,0,Travel,Web,38,0.2911,2026-03-26T10:25:06
CONT-689758E5,SESS-56FC81BA,Loyalty Program,0.7685,FAQ,0,1,0,Financial Services,Partner API,68,0.225,2026-03-31T10:38:07
CONT-0E692EB2,SESS-8CD009D6,Product Support,0.7147,Escalation,0,0,0,Technology,Web,149,0.4017,2026-03-18T20:17:21
CONT-580E67DA,SESS-67497FC1,Order Status,1.0,Handoff,0,0,0,Retail,IVR,34,0.5153,2026-03-16T14:49:59
CONT-CE667770,SESS-BBCA53BB,Product Support,0.4383,Self-Service,0,0,1,Retail,Partner API,119,0.0644,2026-04-04T11:14:06
CONT-6BA72231,SESS-7AAAE105,Billing Inquiry,0.6116,Escalation,0,0,1,Retail,Mobile App,420,0.1591,2026-03-09T12:07:36
CONT-717337CA,SESS-6762B28A,Billing Inquiry,0.6897,Free Text,0,0,0,Retail,Web,93,0.3079,2026-03-31T09:57:38
CONT-F23690FB,SESS-B24E78C4,Order Status,0.8402,FAQ,0,0,1,Financial Services,Partner API,192,0.3149,2026-04-04T12:58:39
CONT-1B517847,SESS-64139029,Password Reset,0.4842,FAQ,0,0,1,Travel,Web,260,0.1033,2026-03-17T16:14:43
CONT-E21B12AA,SESS-07FD247C,Order Status,0.8808,Handoff,0,0,0,Technology,Web,12,0.4655,2026-03-09T12:26:41
CONT-35D10F8E,SESS-9C144FBD,Technical Troubleshooting,0.5844,Free Text,0,0,1,Retail,Partner API,222,0.1134,2026-03-16T01:10:51
CONT-A7769672,SESS-27F3EEF4,Returns & Refunds,0.9412,Free Text,0,0,0,Healthcare,IVR,21,0.4774,2026-03-18T23:57:50
CONT-ED8D694A,SESS-9154FCB8,Product Support,0.7657,FAQ,0,0,0,Travel,IVR,38,0.3705,2026-03-11T21:56:53
CONT-1823CC62,SESS-B2D76FE2,Order Status,0.3741,Free Text,0,0,1,Technology,Web,77,0.0746,2026-03-14T09:21:14
CONT-6B316998,SESS-308B17E3,Order Status,0.7234,Guided Flow,0,0,0,Travel,Partner API,19,0.3615,2026-03-30T04:38:34
CONT-5C3701EE,SESS-4C934E6C,Technical Troubleshooting,1.0,Self-Service,0,0,1,Healthcare,Partner API,77,0.3112,2026-03-25T08:55:34
CONT-8109F0E6,SESS-D9F73E43,Subscription Management,0.7288,Guided Flow,0,0,1,Retail,Kiosk,205,0.2458,2026-03-08T19:37:11
CONT-E85E4D2A,SESS-9CA03EC1,Technical Troubleshooting,0.4041,Escalation,0,0,1,Healthcare,Web,97,0.066,2026-03-23T11:33:49
CONT-CE6EC2FA,SESS-2163B8A9,Billing Inquiry,0.931,Self-Service,0,0,0,Technology,Web,46,0.4935,2026-03-26T14:12:49
CONT-AE525C32,SESS-D4B3D678,Technical Troubleshooting,0.7622,Self-Service,1,0,1,Travel,Mobile App,59,0.5259,2026-03-16T00:15:50
CONT-35D55FC4,SESS-41397245,Subscription Management,0.8965,Guided Flow,0,0,0,Travel,IVR,54,0.4903,2026-04-03T03:47:57
CONT-80AD1F63,SESS-4B6D7339,Product Support,0.6115,Self-Service,0,0,0,Retail,Kiosk,160,0.2731,2026-03-12T11:02:07
CONT-2441F989,SESS-D4B34FF9,Returns & Refunds,0.4815,Self-Service,0,0,0,Healthcare,Partner API,33,0.2658,2026-04-01T12:35:38
CONT-2D3E53F2,SESS-1F378268,General Inquiry,0.8908,Guided Flow,0,0,0,Financial Services,Kiosk,87,0.4355,2026-04-01T13:07:57
CONT-4E56B438,SESS-08BCD871,Order Status,0.6148,Guided Flow,0,0,1,Travel,Partner API,102,0.1141,2026-03-15T16:05:59
CONT-27CFE477,SESS-5A28CEB2,Billing Inquiry,0.7612,Self-Service,0,0,0,Financial Services,IVR,210,0.3949,2026-03-16T03:49:26
CONT-E8DDC77E,SESS-1F221B44,General Inquiry,0.5896,Escalation,0,0,0,Travel,Web,40,0.314,2026-03-17T04:17:42
CONT-34EED4E6,SESS-E58D93C5,Account Management,0.6626,Handoff,0,0,0,Travel,IVR,48,0.2863,2026-03-14T22:14:29
CONT-8BEDA625,SESS-23C4755A,Password Reset,0.9625,Handoff,0,0,0,Travel,Partner API,42,0.4676,2026-03-20T20:18:34
CONT-9D0B2E96,SESS-503C39DE,Password Reset,0.7701,Free Text,0,0,0,Technology,Kiosk,63,0.3357,2026-03-22T08:35:37
CONT-1C243976,SESS-86212BDA,Order Status,0.8244,Free Text,0,0,0,Travel,Kiosk,60,0.4228,2026-03-10T13:07:40
CONT-F8EF7972,SESS-8D74D4E1,Returns & Refunds,0.7848,Handoff,0,0,0,Financial Services,Kiosk,151,0.4357,2026-03-27T07:46:14
CONT-D267F979,SESS-538DCF91,Subscription Management,0.3088,FAQ,0,0,1,Retail,Mobile App,373,0.0274,2026-03-07T03:56:46
CONT-CC2A3CB8,SESS-049AAEDF,Order Status,0.6783,FAQ,0,0,0,Healthcare,Partner API,35,0.3825,2026-03-21T20:09:10
CONT-95B40AF6,SESS-FC15F595,Order Status,0.5453,Self-Service,0,0,1,Retail,Kiosk,95,0.1123,2026-04-02T22:06:53
CONT-7E8EDD51,SESS-8F2387B4,Loyalty Program,0.7502,Self-Service,0,0,0,Healthcare,Partner API,32,0.3971,2026-03-20T03:09:49
CONT-414525F2,SESS-9FFA9F00,Loyalty Program,0.7885,Handoff,0,0,0,Retail,IVR,82,0.4241,2026-03-26T07:08:01
CONT-D8FA1586,SESS-F2508FE5,General Inquiry,0.5957,Handoff,0,0,0,Travel,Web,49,0.3026,2026-03-17T12:23:26
CONT-D9E83C48,SESS-7E290E6C,Subscription Management,0.7973,Self-Service,0,0,1,Retail,Kiosk,63,0.2434,2026-03-22T12:33:10
CONT-CE6EC2FA,SESS-66202B8E,Subscription Management,0.6205,FAQ,0,0,1,Technology,Kiosk,208,0.2018,2026-03-10T16:46:44
CONT-D473F8FC,SESS-D39B30B5,Order Status,0.4375,Handoff,0,0,0,Retail,Web,26,0.1984,2026-04-03T19:20:19
CONT-1D6C5393,SESS-355B5DDE,Loyalty Program,0.5773,FAQ,0,0,0,Technology,Web,47,0.2447,2026-03-11T20:34:21
CONT-F24C8A48,SESS-6BE5683B,Billing Inquiry,0.6671,Guided Flow,0,0,0,Financial Services,Partner API,28,0.311,2026-04-04T15:52:41
CONT-20F7F2E9,SESS-B8BB0A03,Order Status,0.4291,Guided Flow,0,0,0,Retail,Mobile App,15,0.1863,2026-03-27T07:51:54
CONT-D153D9DD,SESS-8562CF74,Loyalty Program,0.885,Free Text,0,0,0,Financial Services,Mobile App,251,0.4181,2026-03-08T10:26:40
CONT-070A2647,SESS-9B9085BA,Returns & Refunds,0.5322,Guided Flow,0,0,1,Financial Services,Kiosk,63,0.0714,2026-03-29T17:26:38
CONT-9A46F7D0,SESS-4C36622A,Product Support,0.4539,Guided Flow,0,0,0,Healthcare,Partner API,17,0.185,2026-03-22T01:35:13
CONT-35D55FC4,SESS-1C4A468D,Order Status,0.8556,Handoff,0,0,1,Financial Services,Web,159,0.2988,2026-04-01T16:12:51
CONT-3B48C70E,SESS-3C8A0890,Returns & Refunds,0.8931,Self-Service,1,0,0,Technology,Partner API,17,0.7302,2026-03-18T06:54:47
CONT-44C1677A,SESS-92966549,Returns & Refunds,0.799,Self-Service,0,0,0,Travel,Kiosk,139,0.4217,2026-03-07T02:49:51
CONT-7AD43209,SESS-933C68F4,Technical Troubleshooting,0.6497,Guided Flow,0,0,0,Healthcare,IVR,204,0.3249,2026-03-11T13:03:08
CONT-5CF7E3AC,SESS-15FE2A2E,General Inquiry,0.5119,Handoff,0,0,0,Financial Services,IVR,23,0.2343,2026-03-11T05:52:45
CONT-D49E567F,SESS-C039AD2B,Account Management,0.5543,Escalation,0,0,1,Financial Services,Kiosk,269,0.1754,2026-04-01T11:58:59
CONT-1ADFD135,SESS-368B6023,Billing Inquiry,0.7359,Free Text,0,0,0,Healthcare,Web,164,0.3551,2026-03-10T16:46:57
CONT-61D15B27,SESS-DAF55650,Technical Troubleshooting,0.8432,Free Text,0,1,1,Travel,Partner API,149,0.0628,2026-03-12T00:50:03
CONT-BBD43A49,SESS-5D9FD3A0,Product Support,0.3806,Guided Flow,0,0,0,Healthcare,Web,19,0.2009,2026-03-16T17:55:44
CONT-BFE52CA1,SESS-C4DFD522,Returns & Refunds,0.5988,Handoff,0,0,0,Healthcare,Mobile App,97,0.3073,2026-03-11T14:39:46
CONT-AD3EB422,SESS-B4A15FD5,Product Support,0.3286,Self-Service,0,0,0,Retail,Kiosk,60,0.1632,2026-03-17T08:09:11
CONT-A8295EA2,SESS-1B78CC79,Order Status,0.8926,Guided Flow,0,0,1,Retail,Web,206,0.3301,2026-04-02T16:37:52
CONT-FB10B23F,SESS-6E352C89,Technical Troubleshooting,0.8793,Free Text,0,0,0,Travel,Partner API,221,0.4893,2026-04-04T06:53:58
CONT-5DA95A95,SESS-D192375C,Password Reset,0.5676,Free Text,0,0,0,Retail,Web,311,0.2935,2026-04-05T14:50:36
CONT-82CAC391,SESS-B212FC0F,Password Reset,0.4745,Handoff,0,0,0,Technology,Partner API,24,0.2211,2026-03-07T01:46:55
CONT-5BA2A913,SESS-67637DF3,Subscription Management,0.6308,Self-Service,0,0,0,Travel,Partner API,346,0.2955,2026-03-13T13:38:42
CONT-160BC819,SESS-35954C00,Subscription Management,0.4015,Guided Flow,0,0,0,Travel,Partner API,85,0.2399,2026-04-01T23:31:47
CONT-40B5313E,SESS-21D269F5,Product Support,0.4039,Guided Flow,0,0,0,Financial Services,Mobile App,177,0.2472,2026-03-21T02:20:46
CONT-6C95A5A9,SESS-C54694D1,Loyalty Program,0.7393,Self-Service,0,0,0,Travel,Mobile App,12,0.3512,2026-03-21T03:17:18
CONT-A6E22DA3,SESS-9963A2DC,General Inquiry,0.7884,FAQ,0,0,0,Retail,Partner API,6,0.3614,2026-03-08T08:36:51
CONT-3D18D14F,SESS-34862186,General Inquiry,0.5653,Escalation,0,0,0,Technology,Mobile App,12,0.3137,2026-03-26T13:07:24
CONT-9D1087BB,SESS-BDBF9866,General Inquiry,0.6812,Escalation,0,0,0,Technology,Web,22,0.2918,2026-03-11T16:00:38
CONT-A306B395,SESS-80A4CA1E,Billing Inquiry,0.6138,Guided Flow,0,1,0,Travel,Mobile App,49,0.1546,2026-03-17T05:03:55
CONT-417EF088,SESS-CABD02E6,Account Management,0.3606,Free Text,0,0,1,Travel,IVR,74,0.0,2026-03-12T14:06:36
CONT-A03C58BE,SESS-5A4FA683,Billing Inquiry,0.7699,Escalation,0,0,1,Travel,Mobile App,369,0.2323,2026-03-30T11:30:07
CONT-2F6DBE6A,SESS-CA6DB761,General Inquiry,0.7154,Self-Service,1,0,0,Travel,IVR,33,0.621,2026-03-08T11:55:29
CONT-6D5E9281,SESS-B07A1CF2,Product Support,0.5371,FAQ,0,0,0,Retail,Mobile App,19,0.3176,2026-04-01T12:08:39
CONT-B0B45403,SESS-0D3EDE83,Order Status,0.4897,Self-Service,0,0,0,Financial Services,IVR,8,0.2718,2026-03-28T05:25:24
CONT-4C75C281,SESS-E5EEB890,Technical Troubleshooting,0.9891,Guided Flow,1,0,1,Retail,Kiosk,20,0.6418,2026-03-15T02:34:54
CONT-9AF2DD9A,SESS-8697753C,Account Management,0.4869,Guided Flow,0,0,0,Travel,Mobile App,27,0.2368,2026-04-03T01:33:27
CONT-2709AEBF,SESS-C3DEB4A6,Loyalty Program,0.717,Escalation,0,0,0,Financial Services,Web,175,0.391,2026-03-17T06:52:21
CONT-F18822A7,SESS-F864EE37,General Inquiry,0.9486,FAQ,0,0,0,Travel,IVR,38,0.4945,2026-03-22T16:55:54
CONT-6A739AA6,SESS-4DA290E7,Returns & Refunds,0.7702,Free Text,0,0,0,Retail,Partner API,22,0.3939,2026-03-23T10:33:06
CONT-0E4A0BD0,SESS-24AEF701,Billing Inquiry,0.5388,Guided Flow,0,0,0,Healthcare,Web,122,0.2657,2026-04-05T03:25:44
CONT-81ADF613,SESS-F796133A,Returns & Refunds,0.4487,FAQ,0,0,0,Healthcare,Kiosk,65,0.241,2026-03-08T02:09:29
CONT-18616B6E,SESS-E69FE51B,Password Reset,0.6044,Guided Flow,0,0,0,Travel,IVR,77,0.3149,2026-03-08T04:22:27
CONT-62AEB7AB,SESS-97E11290,Account Management,0.9888,Guided Flow,0,0,0,Retail,Kiosk,32,0.4519,2026-03-27T08:34:40
CONT-1BC359F6,SESS-21F6C077,Order Status,0.4402,Guided Flow,0,0,0,Healthcare,Web,121,0.2012,2026-03-22T19:25:37
CONT-2E575D79,SESS-C2FA81C6,Account Management,0.6795,Escalation,0,0,0,Technology,IVR,32,0.3292,2026-03-21T07:06:53
CONT-4C2443FA,SESS-F59818E7,Order Status,0.4217,Handoff,1,0,0,Travel,Kiosk,84,0.5294,2026-03-28T01:50:28
CONT-5EE1F53F,SESS-E0CE694D,Loyalty Program,0.083,Free Text,0,0,0,Financial Services,IVR,246,0.0235,2026-03-13T08:24:14
CONT-7BA2B34D,SESS-45206F95,Loyalty Program,0.6652,Guided Flow,0,0,0,Healthcare,Mobile App,253,0.2963,2026-03-23T20:27:03
CONT-D3366546,SESS-DEE7B538,Technical Troubleshooting,0.756,Guided Flow,0,0,0,Retail,IVR,14,0.3818,2026-03-22T08:13:13
CONT-33DD228F,SESS-44CF8CA6,Returns & Refunds,0.6675,Self-Service,0,0,0,Financial Services,Partner API,59,0.3595,2026-03-18T23:51:52
CONT-36273E76,SESS-80B60E32,Billing Inquiry,0.7916,Guided Flow,0,0,0,Healthcare,Partner API,76,0.4257,2026-03-27T13:27:28
CONT-7231B341,SESS-7EA707FC,Returns & Refunds,0.5354,Handoff,1,0,0,Healthcare,IVR,263,0.5224,2026-03-07T22:55:49
CONT-B9F30FD2,SESS-7E2DAF18,Subscription Management,0.8204,FAQ,0,0,0,Travel,Partner API,68,0.4206,2026-03-29T13:46:27
CONT-1A981D82,SESS-B6CAC835,Technical Troubleshooting,0.6933,Self-Service,0,0,0,Healthcare,Partner API,49,0.3345,2026-04-01T20:32:14
CONT-D251DBD7,SESS-840D136B,Password Reset,0.4296,Escalation,0,0,0,Healthcare,Kiosk,36,0.204,2026-04-01T12:52:57
CONT-6666074B,SESS-40F1D645,Billing Inquiry,0.6596,Handoff,0,0,0,Technology,Kiosk,24,0.3295,2026-03-28T13:20:01
CONT-B2D493D8,SESS-4794B175,Password Reset,0.4763,Escalation,0,0,1,Retail,Partner API,187,0.0614,2026-03-29T02:45:28
CONT-6E2F5BE0,SESS-77860907,Billing Inquiry,0.7463,Handoff,0,0,1,Retail,IVR,95,0.1749,2026-03-12T00:05:04
CONT-A2BEDC5C,SESS-5016E6C9,Technical Troubleshooting,0.4798,Escalation,0,0,0,Retail,Kiosk,75,0.1927,2026-04-01T08:57:28
CONT-3B48C70E,SESS-F53400E8,Order Status,0.6301,FAQ,0,0,0,Retail,Web,193,0.3465,2026-03-21T10:02:31
CONT-E0539BF6,SESS-0AAB23DB,Account Management,0.5935,Handoff,0,0,0,Financial Services,Kiosk,48,0.2608,2026-04-04T18:12:41
CONT-1EFC3505,SESS-C8167CD5,Technical Troubleshooting,0.7089,FAQ,0,0,0,Financial Services,Kiosk,115,0.3615,2026-04-05T22:51:40
CONT-61D15B27,SESS-C78097D5,Technical Troubleshooting,0.6872,Self-Service,0,0,0,Retail,Mobile App,137,0.3749,2026-03-11T00:30:53
CONT-7960FD63,SESS-ECBD3056,Password Reset,0.6991,Free Text,0,0,0,Travel,Partner API,28,0.307,2026-03-09T03:14:59
CONT-545DF9FD,SESS-D434BE7F,Account Management,0.5778,Guided Flow,0,0,0,Financial Services,Web,11,0.2799,2026-04-03T16:23:25
CONT-B1021402,SESS-631A8E32,Account Management,0.5752,Free Text,0,0,0,Financial Services,Mobile App,111,0.3255,2026-03-12T23:35:19
CONT-3E4387CB,SESS-322FD2B0,Technical Troubleshooting,0.4813,Self-Service,0,0,0,Healthcare,IVR,22,0.232,2026-03-16T21:04:36
CONT-C9E5A69A,SESS-98B1C51F,Returns & Refunds,1.0,Guided Flow,0,0,0,Technology,Web,48,0.5422,2026-03-13T10:52:40
CONT-8109F0E6,SESS-E749EBDD,Technical Troubleshooting,0.6849,Free Text,0,0,0,Financial Services,IVR,111,0.3513,2026-03-26T22:11:59
CONT-290A254F,SESS-7EBC7B51,Product Support,0.4396,Free Text,0,0,0,Financial Services,Kiosk,124,0.2445,2026-04-01T22:03:15
CONT-558B1A7C,SESS-A08E3B22,Billing Inquiry,0.8499,Free Text,0,0,0,Retail,Web,45,0.4602,2026-03-21T13:45:18
CONT-4E051033,SESS-6F7B62DB,Returns & Refunds,0.3508,Guided Flow,0,0,0,Retail,IVR,55,0.1674,2026-04-04T03:09:07
CONT-5AF24E05,SESS-02276B94,Subscription Management,0.9492,Self-Service,0,0,0,Travel,IVR,34,0.4408,2026-03-27T16:12:21
CONT-A266E821,SESS-63283DEF,Loyalty Program,0.7406,FAQ,1,0,0,Financial Services,Mobile App,70,0.6978,2026-03-31T12:00:51
CONT-F6DE2C17,SESS-04EAFC53,Password Reset,0.9586,Escalation,0,0,0,Travel,Mobile App,31,0.4591,2026-03-15T22:07:55
CONT-6C95A5A9,SESS-FD61DBC7,Returns & Refunds,0.655,Guided Flow,1,0,0,Financial Services,Kiosk,57,0.6327,2026-03-29T04:31:39
CONT-F193948A,SESS-49048D94,Product Support,0.5079,Escalation,0,0,0,Healthcare,Mobile App,85,0.2217,2026-03-27T11:30:04
CONT-7CB6E3BE,SESS-C0FC475E,Account Management,0.978,Self-Service,1,0,0,Healthcare,Mobile App,99,0.7463,2026-03-27T22:07:52
CONT-B32EC519,SESS-3D0B00BE,Returns & Refunds,0.5113,Handoff,0,0,0,Travel,IVR,16,0.2085,2026-03-28T23:02:02
CONT-4EB02A62,SESS-395D6A3D,Account Management,0.3153,FAQ,0,0,0,Healthcare,Partner API,24,0.1463,2026-03-30T00:35:12
CONT-4D2BE78B,SESS-71D1EFF1,Billing Inquiry,0.6168,Guided Flow,0,0,1,Technology,Partner API,263,0.1825,2026-03-29T11:42:57
CONT-18744FC5,SESS-2CB8CFF0,Loyalty Program,0.7956,Escalation,0,0,0,Financial Services,Mobile App,115,0.3986,2026-03-12T20:32:52
CONT-3D18D14F,SESS-E6874AC0,Account Management,0.554,Self-Service,0,0,0,Financial Services,Web,76,0.3026,2026-03-25T08:34:34
CONT-6E7FBDD3,SESS-BEB9D51B,Returns & Refunds,0.7238,Escalation,0,0,0,Retail,IVR,25,0.3382,2026-03-31T06:29:43
CONT-E9748730,SESS-46264FD5,Technical Troubleshooting,1.0,Free Text,0,0,0,Retail,Partner API,35,0.515,2026-03-17T09:38:29
CONT-3519143E,SESS-251851AC,Account Management,0.4366,Guided Flow,0,0,1,Retail,Web,190,0.0193,2026-04-03T18:12:25
CONT-E137C066,SESS-073BAE8F,Technical Troubleshooting,0.7613,Free Text,0,0,0,Travel,Partner API,147,0.4037,2026-03-28T17:18:52
CONT-31EAB806,SESS-B2E7B9C8,Order Status,0.703,Guided Flow,0,0,0,Technology,Web,251,0.3747,2026-03-07T22:04:34
CONT-CB96B03C,SESS-7E61E9D1,General Inquiry,0.5767,Self-Service,0,0,0,Healthcare,IVR,11,0.3143,2026-03-19T17:06:12
CONT-2EE84C76,SESS-A28220EC,Billing Inquiry,0.7595,Escalation,0,0,0,Retail,Kiosk,31,0.3656,2026-03-13T05:47:36
CONT-BDA56C3F,SESS-DDA7F988,Billing Inquiry,0.5575,Guided Flow,0,0,0,Healthcare,Partner API,113,0.2428,2026-03-12T13:39:37
CONT-7B0643E6,SESS-CAD2BD35,Product Support,0.8575,FAQ,0,0,0,Retail,Mobile App,62,0.3827,2026-03-31T02:58:44
CONT-6929AFD3,SESS-29AAFB4C,Billing Inquiry,0.5458,Self-Service,0,0,0,Travel,Web,30,0.2482,2026-04-03T12:12:57
CONT-D9EEACF9,SESS-59B92310,Product Support,0.6932,Guided Flow,0,0,0,Travel,Partner API,42,0.3511,2026-04-04T18:14:42
CONT-F802CB54,SESS-7E4679B5,Technical Troubleshooting,0.5187,Free Text,1,0,0,Healthcare,Kiosk,35,0.5847,2026-04-04T09:31:09
CONT-770EE750,SESS-C046F9E4,Password Reset,0.9962,Self-Service,0,0,0,Technology,Partner API,57,0.4669,2026-03-18T00:57:53
CONT-1CB897BF,SESS-F9902151,Returns & Refunds,0.9269,Free Text,0,0,0,Healthcare,Kiosk,116,0.4191,2026-04-01T15:11:35
CONT-4993870E,SESS-2F4CDDF2,Loyalty Program,0.3409,FAQ,1,0,0,Technology,Partner API,183,0.4919,2026-04-05T16:33:31
CONT-F3A5E941,SESS-B2C4D0B6,Loyalty Program,0.6214,Escalation,0,0,0,Travel,Web,121,0.2967,2026-03-17T15:33:57
CONT-BEA48FC1,SESS-DDC1AF04,Loyalty Program,0.7378,Guided Flow,0,0,0,Technology,Partner API,213,0.3202,2026-03-28T20:30:27
CONT-09F996D4,SESS-88DBBDBF,Password Reset,1.0,Free Text,0,1,1,Retail,Partner API,36,0.1803,2026-03-08T23:21:40
CONT-7008CB12,SESS-2E687B5D,Loyalty Program,0.7896,Escalation,0,0,0,Travel,IVR,48,0.4049,2026-03-27T21:42:32
CONT-74131F07,SESS-A61FE6F8,Technical Troubleshooting,0.593,Escalation,0,0,1,Retail,Kiosk,334,0.1431,2026-03-12T13:37:20
CONT-FA02C9BD,SESS-7E29DBFE,Account Management,0.4104,Handoff,0,0,0,Financial Services,Partner API,8,0.1931,2026-03-19T02:09:42
CONT-2D2ABCA4,SESS-66DB909D,Returns & Refunds,0.586,Self-Service,1,0,0,Travel,Kiosk,170,0.5795,2026-03-26T08:39:35
CONT-5B721347,SESS-7AA36B0C,Order Status,0.6411,Guided Flow,0,0,0,Healthcare,Partner API,34,0.2957,2026-04-02T21:13:12
CONT-DDBFC5AF,SESS-3634517E,Loyalty Program,0.8037,Handoff,1,0,0,Financial Services,Web,11,0.6921,2026-03-18T11:53:15
CONT-D267F979,SESS-80F7AEEF,Technical Troubleshooting,0.6371,Escalation,0,0,0,Healthcare,Web,109,0.2917,2026-03-16T22:42:16
CONT-290FF715,SESS-B552AB4A,Account Management,0.6351,FAQ,0,0,0,Technology,IVR,46,0.3436,2026-03-13T12:21:10
CONT-3670B638,SESS-B331F28F,Password Reset,0.6299,Self-Service,0,0,0,Travel,Mobile App,61,0.3141,2026-03-07T00:41:54
CONT-5B7DEFC6,SESS-4AF0F633,General Inquiry,0.8042,Escalation,0,0,0,Financial Services,Web,17,0.38,2026-03-29T17:49:40
CONT-D2B52689,SESS-51638DA1,Returns & Refunds,0.6984,FAQ,1,0,1,Technology,Partner API,40,0.5302,2026-03-16T07:49:27
CONT-7AD43209,SESS-AFC253CA,Loyalty Program,0.4811,FAQ,0,1,0,Travel,Partner API,36,0.0854,2026-03-31T19:17:31
CONT-15FFEF4E,SESS-3B27A617,Product Support,0.5021,Handoff,0,0,0,Technology,IVR,59,0.2998,2026-03-12T01:18:26
CONT-E372AFE4,SESS-301F6A15,Product Support,0.8676,FAQ,0,0,0,Healthcare,Partner API,66,0.4554,2026-03-23T02:28:59
CONT-639A5658,SESS-A988DA5D,Product Support,0.5308,Guided Flow,0,0,0,Financial Services,IVR,182,0.2333,2026-03-22T20:31:19
CONT-E26AAE49,SESS-5569D862,Billing Inquiry,0.6346,Handoff,0,0,0,Healthcare,Kiosk,81,0.3115,2026-03-11T19:00:21
CONT-5CDB1823,SESS-0184EE93,General Inquiry,0.9396,Escalation,0,0,0,Healthcare,Kiosk,33,0.4999,2026-03-11T22:36:55
CONT-F2DD0D36,SESS-8C9FFBC2,Order Status,0.5366,Escalation,0,0,0,Financial Services,Partner API,22,0.219,2026-04-05T21:00:21
CONT-CB350B8D,SESS-640A6153,Product Support,0.5996,Handoff,0,0,0,Healthcare,Kiosk,64,0.3041,2026-03-09T04:24:53
CONT-DCE95A2D,SESS-FA3260D4,Order Status,0.5402,Handoff,0,0,1,Technology,IVR,542,0.1402,2026-03-20T06:42:09
CONT-55905B3A,SESS-3FFFB268,Order Status,0.746,Escalation,1,0,0,Retail,Web,56,0.6829,2026-03-14T21:39:15
CONT-2A78F4DA,SESS-7C658BF5,Account Management,0.6745,Guided Flow,0,0,0,Travel,Kiosk,56,0.3077,2026-03-08T20:22:58
CONT-3991BBA2,SESS-56C1BF59,Loyalty Program,0.5484,Self-Service,0,0,0,Healthcare,Partner API,46,0.2847,2026-03-20T01:58:51
CONT-509C4B0E,SESS-8F797EFD,Product Support,0.7529,Guided Flow,0,0,0,Financial Services,Partner API,41,0.3384,2026-03-12T17:20:46
CONT-E728D747,SESS-1DB8050F,Returns & Refunds,0.7931,Handoff,0,0,0,Technology,IVR,91,0.3915,2026-03-13T02:39:50
CONT-3414746D,SESS-39B1FF14,Loyalty Program,0.8707,Escalation,0,1,0,Healthcare,Kiosk,48,0.2459,2026-04-03T14:06:52
CONT-2B9E3595,SESS-2DA08FAE,Order Status,0.877,Handoff,0,0,1,Healthcare,Mobile App,199,0.2775,2026-03-12T19:29:04
CONT-81D52051,SESS-9E9616CA,Password Reset,0.4417,Self-Service,0,0,0,Travel,IVR,49,0.2207,2026-03-07T02:33:19
CONT-414525F2,SESS-18201555,General Inquiry,0.8376,Self-Service,1,0,0,Financial Services,Web,192,0.6954,2026-03-29T01:01:05
CONT-F1327172,SESS-EA2C298E,Subscription Management,0.7334,Self-Service,0,0,0,Retail,Web,119,0.3261,2026-03-20T22:28:13
CONT-D9E2312D,SESS-05A6A359,Returns & Refunds,0.5915,Escalation,0,0,0,Travel,IVR,90,0.3358,2026-03-15T09:56:58
CONT-3B97C19C,SESS-6395B5E2,Returns & Refunds,0.6341,Self-Service,0,0,0,Travel,Partner API,45,0.3443,2026-04-05T04:11:40
CONT-A3373B10,SESS-88581FBB,Returns & Refunds,0.5869,Escalation,0,0,1,Technology,Kiosk,303,0.1786,2026-03-22T00:57:16
CONT-4F38987C,SESS-66B36D95,Billing Inquiry,0.8012,Handoff,0,0,0,Travel,IVR,145,0.4381,2026-03-29T13:09:34
CONT-C40A0E26,SESS-54637839,Billing Inquiry,0.9268,Handoff,0,0,0,Retail,Mobile App,26,0.4619,2026-03-21T02:42:54
CONT-3227E46E,SESS-2E45E86B,Order Status,0.8155,Handoff,0,0,0,Healthcare,Web,36,0.4112,2026-03-11T16:51:18
CONT-3F8C8A66,SESS-E54BE729,Password Reset,0.3414,Free Text,0,0,0,Travel,Kiosk,223,0.1323,2026-04-05T13:42:05
CONT-843E919D,SESS-1DFFDDE6,Billing Inquiry,0.4733,Free Text,0,0,0,Retail,Web,112,0.2734,2026-03-18T04:24:49
CONT-D39F89E0,SESS-0BA1E0F5,Account Management,0.9438,Self-Service,0,0,0,Travel,Partner API,106,0.4999,2026-03-17T18:41:23
CONT-80424D05,SESS-5462B682,Product Support,0.8775,Escalation,0,0,0,Technology,Web,35,0.4581,2026-03-30T00:55:24
CONT-7962A784,SESS-9F1DC365,General Inquiry,0.7361,Self-Service,0,0,0,Retail,IVR,78,0.4163,2026-04-03T16:21:12
CONT-90764E98,SESS-5719DB0E,Technical Troubleshooting,0.5282,Self-Service,0,0,0,Retail,Web,158,0.2363,2026-03-08T00:41:55
CONT-C15CB23E,SESS-AB3F8AE8,Billing Inquiry,0.5776,Handoff,0,0,0,Financial Services,Partner API,55,0.315,2026-04-03T10:15:29
CONT-62D1D575,SESS-CE3391D3,Product Support,0.7658,FAQ,0,1,0,Travel,Kiosk,76,0.2105,2026-04-04T09:19:02
CONT-11B8571A,SESS-616A575E,Password Reset,0.7491,Free Text,0,0,0,Retail,Kiosk,25,0.3475,2026-04-01T16:08:55
CONT-8226BCCC,SESS-00CD8DA9,Order Status,0.6373,Handoff,0,0,0,Retail,Kiosk,152,0.2872,2026-04-02T16:08:25
CONT-18869BD5,SESS-98030889,Order Status,0.8145,Handoff,0,0,0,Technology,Kiosk,156,0.453,2026-04-03T18:31:27
CONT-4BCEFB7D,SESS-3BE81562,Loyalty Program,0.7495,Escalation,0,0,0,Travel,IVR,38,0.3589,2026-03-16T10:34:25
CONT-99BA119E,SESS-A0AB61AD,Product Support,0.6843,Self-Service,0,0,0,Financial Services,Mobile App,150,0.333,2026-03-23T04:46:34
CONT-4DB2D071,SESS-A4A0989B,Loyalty Program,0.8514,Free Text,0,1,0,Retail,Partner API,202,0.1948,2026-03-26T16:43:26
CONT-BF5D6C3B,SESS-38D7F337,Subscription Management,0.8173,Escalation,0,0,0,Technology,Kiosk,49,0.4055,2026-03-20T09:45:39
CONT-52E1E6AE,SESS-3A305B5F,Technical Troubleshooting,0.8654,Escalation,0,0,1,Travel,Web,242,0.245,2026-03-08T00:21:58
CONT-A6E22DA3,SESS-F310EB26,Technical Troubleshooting,0.6781,Free Text,0,0,0,Technology,Web,115,0.3102,2026-03-13T21:25:47
CONT-61F4C5B0,SESS-8AF72DC4,Password Reset,0.737,Escalation,0,0,0,Retail,Web,37,0.3787,2026-03-30T06:23:14
CONT-9A746656,SESS-E2B50FFD,Account Management,0.5081,Free Text,0,0,0,Healthcare,Mobile App,122,0.2706,2026-04-03T18:07:33
CONT-E2863CE7,SESS-E10E832E,Account Management,0.7624,Guided Flow,0,0,0,Technology,Partner API,25,0.3357,2026-03-21T18:33:34
CONT-FB275D38,SESS-B0ED23B5,Billing Inquiry,0.5699,Self-Service,0,0,0,Retail,Kiosk,113,0.277,2026-03-29T17:46:02
CONT-42BDEFC9,SESS-546AA4D9,Subscription Management,0.7098,Free Text,0,0,0,Retail,Kiosk,25,0.3742,2026-03-25T14:01:59
CONT-8FF1DD07,SESS-3EAF7D4C,Loyalty Program,0.6827,FAQ,0,0,0,Travel,Partner API,72,0.3861,2026-03-19T13:48:12
CONT-4393E986,SESS-4476E373,Order Status,0.4851,Free Text,0,0,1,Travel,Partner API,83,0.0521,2026-03-18T22:38:25
CONT-4E051033,SESS-B3560952,Technical Troubleshooting,0.9205,Guided Flow,0,0,1,Financial Services,Kiosk,47,0.2747,2026-03-27T15:56:35
CONT-C0483C84,SESS-E08241D4,Product Support,0.556,Self-Service,0,0,0,Retail,Mobile App,90,0.2673,2026-03-24T14:28:44
CONT-223289D8,SESS-190AF6AB,General Inquiry,0.6447,Handoff,0,0,0,Retail,Kiosk,37,0.3659,2026-04-02T13:39:34
CONT-3F66B3C6,SESS-5D70C91D,Subscription Management,0.8724,FAQ,0,0,0,Travel,Web,114,0.4544,2026-03-25T21:32:58
CONT-4C7884D0,SESS-069A35DE,Product Support,0.7178,Escalation,1,0,0,Technology,Web,61,0.6399,2026-03-23T10:05:04
CONT-E7E26ADE,SESS-A91695D7,General Inquiry,0.3949,Free Text,0,0,0,Technology,Kiosk,96,0.2126,2026-03-29T03:55:09
CONT-1D6C5393,SESS-558C2BAC,General Inquiry,0.637,Handoff,0,0,0,Financial Services,Web,113,0.3671,2026-03-24T13:59:57
CONT-0275254D,SESS-69F9C76B,Password Reset,0.4993,Self-Service,0,0,0,Healthcare,Mobile App,20,0.2049,2026-03-09T00:39:52
CONT-5F4FBE7D,SESS-DECB576C,Subscription Management,0.4835,Handoff,0,0,0,Financial Services,IVR,26,0.283,2026-03-21T18:16:05
CONT-37DD737E,SESS-62316C59,Password Reset,0.8434,Escalation,0,0,0,Retail,IVR,176,0.4161,2026-03-26T03:28:29
CONT-99BA119E,SESS-8FDB8DB6,Billing Inquiry,0.5137,Handoff,0,0,0,Technology,Kiosk,70,0.24,2026-04-03T19:35:31
CONT-5AF24E05,SESS-7045ED0C,Product Support,0.3996,Escalation,0,0,1,Retail,IVR,206,0.0977,2026-03-16T18:49:56
CONT-A0BD1C4B,SESS-2AA89789,Subscription Management,0.619,FAQ,0,0,0,Financial Services,Kiosk,127,0.3249,2026-03-12T11:11:34
CONT-0DC3A77F,SESS-29BD2401,Account Management,0.6539,Handoff,0,0,0,Technology,Web,7,0.2932,2026-03-15T09:58:12
CONT-50B043BC,SESS-352B28DE,Subscription Management,0.4875,Escalation,0,0,0,Healthcare,Mobile App,151,0.2081,2026-03-27T10:34:06
CONT-E6744495,SESS-04E87FEB,Billing Inquiry,0.6039,FAQ,1,0,0,Financial Services,Partner API,346,0.5789,2026-03-20T10:45:08
CONT-591813EB,SESS-89850042,Technical Troubleshooting,0.5628,Self-Service,0,0,0,Healthcare,Mobile App,88,0.3059,2026-03-22T10:21:26
CONT-F30B7220,SESS-2C8A849E,Subscription Management,0.3469,Free Text,0,0,0,Technology,Web,21,0.1637,2026-03-25T20:10:40
CONT-E01908A5,SESS-2A1D8D52,Billing Inquiry,1.0,Escalation,0,0,0,Technology,Web,221,0.4671,2026-04-04T19:04:19
CONT-35977613,SESS-371ED54E,Password Reset,0.5435,Guided Flow,0,0,0,Financial Services,Kiosk,39,0.2671,2026-03-15T14:33:47
CONT-30F80ACD,SESS-F42084DE,Subscription Management,0.8528,Escalation,0,0,0,Travel,Web,37,0.4678,2026-03-31T21:20:36
CONT-888B4017,SESS-53CD4185,General Inquiry,0.5175,Guided Flow,1,0,0,Financial Services,Mobile App,22,0.5483,2026-04-02T02:24:46
CONT-9B32EB09,SESS-BA1D90CF,Technical Troubleshooting,0.7987,FAQ,0,0,0,Travel,Kiosk,49,0.3698,2026-04-05T02:03:36
CONT-290A254F,SESS-4C13BE4F,General Inquiry,0.5651,Handoff,1,0,0,Retail,Web,48,0.6023,2026-03-25T09:39:38
CONT-805FF2F7,SESS-E6ADBBF7,Loyalty Program,0.5869,Free Text,0,0,0,Healthcare,Kiosk,50,0.3052,2026-03-26T04:12:51
CONT-3F66B3C6,SESS-674642EC,Technical Troubleshooting,1.0,Escalation,0,0,0,Retail,Kiosk,55,0.4931,2026-03-21T20:28:03
CONT-993CFFBB,SESS-6A631CC9,Account Management,0.69,FAQ,0,0,0,Healthcare,Mobile App,64,0.3448,2026-03-25T16:17:58
CONT-FD04AD39,SESS-C52A0965,Loyalty Program,0.4991,Self-Service,0,0,1,Technology,Web,78,0.076,2026-03-18T04:04:49
CONT-290FF715,SESS-8BC52C2E,Account Management,0.7759,FAQ,1,0,0,Travel,IVR,42,0.6756,2026-03-22T19:31:48
CONT-5A7E0D71,SESS-54736BD4,Subscription Management,0.6906,Guided Flow,0,0,0,Financial Services,IVR,55,0.3738,2026-04-04T20:42:08
CONT-59C8DFCE,SESS-B5027CE0,Technical Troubleshooting,0.3264,Free Text,0,0,0,Technology,Partner API,63,0.1648,2026-04-03T16:55:24
CONT-945A9F91,SESS-796C2963,Order Status,0.6598,Handoff,0,0,0,Travel,Kiosk,325,0.304,2026-03-21T07:54:46
CONT-822A031B,SESS-EAED2B7B,General Inquiry,0.6562,FAQ,0,0,0,Financial Services,Web,69,0.2969,2026-03-08T10:02:27
CONT-9218D834,SESS-CE2333D5,Technical Troubleshooting,0.5397,Escalation,1,0,0,Retail,Partner API,31,0.584,2026-03-11T12:09:55
CONT-F5176C67,SESS-1B6C51CF,Product Support,0.6715,Escalation,1,0,0,Technology,Kiosk,30,0.5987,2026-03-27T23:27:12
CONT-81744922,SESS-0E464013,Password Reset,0.6285,Free Text,0,0,0,Healthcare,Mobile App,18,0.2731,2026-04-02T23:16:14
CONT-9189BF80,SESS-DC02F98B,Product Support,0.4227,Free Text,0,0,1,Retail,IVR,325,0.091,2026-03-07T09:36:08
CONT-B8011E5E,SESS-FFF66AE3,Password Reset,0.8526,Guided Flow,0,0,0,Travel,Kiosk,6,0.3899,2026-03-22T07:35:10
CONT-C01C5D58,SESS-74102FC8,Billing Inquiry,0.7692,Self-Service,1,0,0,Healthcare,Kiosk,107,0.64,2026-03-16T16:03:56
CONT-DDD2CAF7,SESS-99A28050,Password Reset,0.8221,Self-Service,0,0,0,Healthcare,Web,264,0.4062,2026-03-27T05:48:18
CONT-CF23FF01,SESS-E1CB8001,Technical Troubleshooting,0.5364,Self-Service,0,0,0,Healthcare,Mobile App,24,0.2832,2026-03-23T10:08:51
CONT-F07C0D83,SESS-6B186C04,Subscription Management,0.852,Escalation,0,0,0,Travel,Partner API,73,0.4449,2026-03-10T16:34:19
CONT-16B7B293,SESS-2803639D,Account Management,0.8228,Guided Flow,0,0,0,Healthcare,Mobile App,76,0.3915,2026-03-29T00:36:18
CONT-350DF508,SESS-6B346757,General Inquiry,0.7115,Escalation,0,0,0,Healthcare,IVR,117,0.3846,2026-03-13T23:34:18
CONT-530377BC,SESS-24DF06B6,Product Support,0.3334,Free Text,0,0,0,Financial Services,Web,28,0.1855,2026-03-24T11:41:23
CONT-50825BFF,SESS-290641CD,Technical Troubleshooting,0.6476,Escalation,0,0,0,Retail,IVR,46,0.3573,2026-03-28T08:04:38
CONT-209811C4,SESS-F14F0C5E,Account Management,0.6875,Self-Service,0,0,0,Financial Services,Kiosk,83,0.3116,2026-03-09T22:27:10
CONT-48EF8892,SESS-14A07AB6,Returns & Refunds,0.3976,Guided Flow,0,0,0,Travel,Partner API,457,0.2171,2026-03-17T02:48:05
CONT-2E575D79,SESS-EC2D9EB6,Account Management,0.9018,FAQ,1,0,0,Technology,Mobile App,100,0.7344,2026-03-30T18:44:30
CONT-29B1B77D,SESS-F98ACEB8,Billing Inquiry,0.8185,Handoff,0,0,0,Technology,Mobile App,23,0.4038,2026-03-14T08:47:15
CONT-DDFC7BD9,SESS-962A8F4F,Loyalty Program,0.8696,Escalation,0,0,0,Retail,Mobile App,62,0.4008,2026-03-09T00:30:13
CONT-376A7825,SESS-E6CD89DB,General Inquiry,0.3976,Handoff,0,0,0,Travel,Web,376,0.2267,2026-03-30T07:16:25
CONT-28C767DF,SESS-72A5E1F3,Account Management,0.6768,Handoff,1,0,0,Travel,Partner API,25,0.67,2026-04-04T15:14:42
CONT-2BB79C40,SESS-DA05C0C0,General Inquiry,0.7598,FAQ,0,0,0,Financial Services,Mobile App,42,0.3478,2026-03-16T12:24:36
CONT-41DFC333,SESS-C9E628AA,Loyalty Program,0.7105,Handoff,0,0,0,Retail,Kiosk,81,0.3277,2026-04-04T16:05:53
CONT-E2863CE7,SESS-9824D9AE,Account Management,0.407,Escalation,0,0,0,Financial Services,Partner API,45,0.218,2026-03-31T20:26:52
CONT-7D8B418F,SESS-55309F43,Technical Troubleshooting,0.6103,Handoff,0,0,1,Technology,Kiosk,107,0.1174,2026-04-05T21:40:25
CONT-0839A32B,SESS-305B9F33,Loyalty Program,0.4854,Free Text,0,1,0,Retail,Kiosk,135,0.0884,2026-03-08T02:27:59
CONT-93CF6E61,SESS-E85F4B04,General Inquiry,0.7689,Free Text,0,0,0,Retail,Mobile App,50,0.4293,2026-04-04T16:29:25
CONT-A3F210CA,SESS-57EB3BD7,Loyalty Program,0.4959,Handoff,1,0,0,Retail,Mobile App,152,0.5499,2026-03-20T17:19:57
CONT-DBA3234C,SESS-D8F30664,Account Management,0.7206,Guided Flow,0,0,0,Healthcare,Partner API,334,0.3187,2026-03-17T04:08:43
CONT-B9BA6206,SESS-CCEAB002,Loyalty Program,0.4912,Handoff,0,0,1,Financial Services,IVR,58,0.0628,2026-04-05T18:31:25
CONT-D103997F,SESS-F118ED5F,Loyalty Program,0.693,FAQ,0,0,0,Financial Services,Web,27,0.3717,2026-04-03T00:16:05
CONT-7EC69396,SESS-D0FD83DB,General Inquiry,0.4637,Handoff,0,0,0,Healthcare,Kiosk,211,0.2166,2026-03-16T21:56:46
CONT-5412213B,SESS-231BF7ED,Product Support,0.6413,Guided Flow,0,0,0,Technology,Web,95,0.3042,2026-03-25T23:35:43
CONT-8FA1DB80,SESS-FC16CD5E,Returns & Refunds,0.9016,Self-Service,0,0,0,Travel,Kiosk,118,0.4633,2026-03-20T05:46:02
CONT-A0144804,SESS-A7C7BCC6,Account Management,0.8947,Handoff,0,0,0,Travel,IVR,44,0.4122,2026-03-08T15:09:06
CONT-E833E10D,SESS-576B2E61,Returns & Refunds,0.5248,Free Text,0,1,0,Retail,IVR,23,0.0846,2026-03-16T04:08:40
CONT-D57C3BFD,SESS-8D194875,Technical Troubleshooting,0.5086,Handoff,0,0,0,Healthcare,Mobile App,108,0.2505,2026-03-15T02:54:12
CONT-377FB47C,SESS-FA08EA90,Loyalty Program,0.6094,Handoff,0,0,1,Financial Services,Partner API,265,0.132,2026-03-23T12:42:11
CONT-B7C5691F,SESS-DACA5471,Order Status,0.666,Self-Service,0,0,1,Retail,Partner API,231,0.1436,2026-03-31T21:45:00
CONT-DDBFC5AF,SESS-53B65213,Loyalty Program,0.7771,Handoff,0,0,0,Retail,Web,104,0.369,2026-03-27T15:13:35
CONT-892D7832,SESS-FFD67F78,Billing Inquiry,0.2522,Escalation,0,0,0,Healthcare,IVR,31,0.1601,2026-03-18T18:12:01
CONT-FB10B23F,SESS-305AD4E1,Loyalty Program,0.6534,Self-Service,1,0,0,Retail,IVR,39,0.6562,2026-03-18T03:15:17
CONT-8719908C,SESS-229639F2,Returns & Refunds,1.0,Self-Service,1,0,0,Financial Services,Kiosk,37,0.7698,2026-04-03T06:47:02
CONT-95438484,SESS-EFD617EC,Technical Troubleshooting,0.7315,Handoff,0,0,0,Healthcare,IVR,74,0.3578,2026-03-24T19:03:26
CONT-752E4B4F,SESS-499AEA65,Order Status,0.8737,Escalation,0,0,1,Technology,Web,442,0.269,2026-04-03T09:47:20
CONT-C8668CA7,SESS-2F99725E,Loyalty Program,1.0,Self-Service,0,0,0,Technology,IVR,55,0.4567,2026-04-05T17:10:08
CONT-5DA95A95,SESS-02A76946,Technical Troubleshooting,0.6465,Free Text,0,0,0,Technology,IVR,38,0.3034,2026-03-13T19:10:59
CONT-C01A3745,SESS-B40A427B,Product Support,0.6662,Guided Flow,0,0,0,Retail,Kiosk,40,0.3389,2026-03-19T21:56:16
CONT-C94A8369,SESS-88C921FE,General Inquiry,0.8398,FAQ,0,0,0,Technology,IVR,40,0.4484,2026-03-14T20:16:44
CONT-D80C9D09,SESS-6C7D7E3F,Password Reset,0.6027,Escalation,0,0,0,Travel,Mobile App,298,0.2818,2026-04-01T06:46:52
CONT-818A8AD3,SESS-21A8CC9B,Returns & Refunds,0.8058,FAQ,0,0,1,Travel,Mobile App,602,0.3003,2026-03-27T03:08:25
CONT-60715B6D,SESS-6209CDBD,Account Management,0.7925,Guided Flow,0,0,0,Financial Services,Web,116,0.4244,2026-03-29T22:01:21
CONT-4D2BE78B,SESS-E0AB8D47,Technical Troubleshooting,0.9118,Self-Service,0,0,0,Travel,IVR,95,0.4696,2026-03-20T16:33:34
CONT-5B7AAB59,SESS-A086911A,Account Management,0.9106,Self-Service,0,0,0,Retail,Mobile App,166,0.4615,2026-03-28T07:47:28
CONT-7CABAB1B,SESS-65448324,Subscription Management,0.3962,Self-Service,0,0,0,Financial Services,IVR,87,0.169,2026-03-08T03:38:35
CONT-2B6461C3,SESS-07029ED5,General Inquiry,0.4742,FAQ,0,0,0,Financial Services,Web,106,0.2819,2026-03-20T02:57:11
CONT-5BA7CE2D,SESS-03F0E42F,Technical Troubleshooting,0.6669,Free Text,0,0,1,Retail,Web,101,0.2215,2026-03-16T01:36:05
CONT-D7C939BD,SESS-158971EA,Billing Inquiry,0.4121,Free Text,0,0,1,Retail,IVR,104,0.0258,2026-03-12T02:07:55
CONT-C898BE3E,SESS-74CDE458,Order Status,0.501,Self-Service,1,0,0,Retail,Kiosk,65,0.5898,2026-03-10T04:46:50
CONT-E4982AC3,SESS-81AB1132,Account Management,0.6756,Self-Service,1,0,0,Travel,Mobile App,51,0.6024,2026-04-04T22:25:32
CONT-A41CAFC5,SESS-4A69ED3D,Loyalty Program,0.947,Guided Flow,0,0,0,Retail,IVR,91,0.4673,2026-04-03T19:46:23
CONT-ECE3A7FB,SESS-C1256058,Product Support,0.8414,Escalation,0,0,0,Healthcare,IVR,35,0.453,2026-03-17T17:54:06
CONT-717E0439,SESS-952A7517,Returns & Refunds,0.5958,Self-Service,0,0,0,Travel,Mobile App,75,0.3433,2026-03-29T20:41:12
CONT-D9CC67C9,SESS-5F9C0C4B,Product Support,0.6615,Self-Service,0,0,0,Retail,IVR,69,0.3186,2026-03-25T23:32:53
CONT-67806029,SESS-61F05E8B,Product Support,0.3431,Guided Flow,0,0,1,Travel,Partner API,776,0.0083,2026-03-30T22:23:09
CONT-893C2AB4,SESS-C7F3142E,Password Reset,0.6644,FAQ,1,0,0,Financial Services,Mobile App,66,0.6739,2026-03-20T16:16:54
CONT-F683CBEE,SESS-52893C76,General Inquiry,0.7539,Escalation,0,0,0,Healthcare,Kiosk,30,0.331,2026-03-08T05:48:44
CONT-71C21184,SESS-15CD26EA,Loyalty Program,0.5348,Handoff,0,0,0,Travel,Mobile App,30,0.2175,2026-03-28T16:52:40
CONT-7C6C8B84,SESS-DBF82E9E,Account Management,0.2415,Handoff,0,0,1,Travel,Mobile App,55,0.0036,2026-03-19T05:31:04
CONT-D1F3F0D1,SESS-5F3AD008,Returns & Refunds,0.6339,Free Text,0,0,0,Retail,Partner API,35,0.2899,2026-03-22T03:48:41
CONT-1DE66AF1,SESS-3DA3978F,Password Reset,0.6272,FAQ,0,0,1,Retail,IVR,187,0.1318,2026-03-25T07:37:46
CONT-F8EF7972,SESS-62A492C1,Returns & Refunds,0.5082,Free Text,0,1,0,Financial Services,IVR,105,0.0533,2026-03-15T08:06:42
CONT-2A50BFD1,SESS-B3943DF7,Password Reset,0.5404,Guided Flow,0,1,1,Financial Services,IVR,307,0.0,2026-03-29T07:31:30
CONT-24E2A71A,SESS-1787B4BF,Subscription Management,0.4991,FAQ,0,0,0,Financial Services,Kiosk,79,0.2911,2026-03-09T06:52:01
CONT-BBD8A2FA,SESS-2439BDA0,Account Management,0.4945,FAQ,0,0,0,Technology,Mobile App,89,0.1988,2026-03-28T03:40:36
CONT-4FADD073,SESS-9FE7E77A,Product Support,0.8185,Free Text,0,0,0,Retail,Web,64,0.3851,2026-03-14T04:26:26
CONT-B782B1C6,SESS-9CD754D1,Account Management,0.5497,FAQ,0,0,0,Financial Services,Kiosk,45,0.2764,2026-03-24T08:55:26
CONT-3E7F88FC,SESS-7063E0E5,Technical Troubleshooting,0.7989,Handoff,0,0,0,Travel,Kiosk,23,0.4469,2026-03-13T05:19:27
CONT-3395DD36,SESS-BFFE3ADE,Subscription Management,0.7959,Self-Service,0,0,0,Financial Services,Mobile App,57,0.3942,2026-03-25T10:29:59
CONT-D925F7DC,SESS-95E18D76,Subscription Management,0.6907,FAQ,0,0,0,Technology,Web,30,0.3553,2026-03-29T17:34:55
CONT-68A20E89,SESS-CE8EF408,Product Support,0.6487,FAQ,0,0,0,Travel,Kiosk,114,0.3245,2026-04-01T21:42:14
CONT-8BEDA625,SESS-F99B6B01,Account Management,0.6056,FAQ,0,0,0,Technology,Kiosk,40,0.2726,2026-04-05T21:12:11
CONT-D9F7D807,SESS-F7D1D5FC,Account Management,0.7204,Handoff,0,0,0,Financial Services,Web,17,0.374,2026-03-15T16:01:23
CONT-0EBBD718,SESS-BCD4A3A0,Technical Troubleshooting,0.5813,Self-Service,0,0,0,Technology,IVR,57,0.3296,2026-03-21T12:31:54
CONT-1A992A0D,SESS-7BA1A7D3,Product Support,0.7926,Escalation,1,0,0,Technology,Mobile App,120,0.6671,2026-03-28T05:55:28
CONT-1C778FAC,SESS-9296088A,Billing Inquiry,0.7365,Escalation,0,1,1,Technology,Kiosk,173,0.0,2026-03-18T14:50:04
CONT-B73F5740,SESS-6607EF35,Loyalty Program,0.2485,Self-Service,0,0,1,Retail,IVR,50,0.0,2026-03-22T12:54:10
CONT-60BF6EAA,SESS-F8FD313D,Technical Troubleshooting,0.6309,Self-Service,0,0,0,Retail,Partner API,49,0.3227,2026-03-27T00:37:01
CONT-4D70DC10,SESS-EE87829E,Password Reset,0.5164,Free Text,0,0,0,Technology,Web,107,0.2155,2026-03-31T11:37:27
CONT-8BD5C3BD,SESS-E995C892,Order Status,0.9442,FAQ,0,0,0,Technology,Web,28,0.4648,2026-03-11T22:17:31
CONT-A63E9D08,SESS-9894740C,General Inquiry,0.6851,Handoff,0,0,0,Retail,Mobile App,71,0.305,2026-03-18T06:45:46
CONT-9D2BB2FA,SESS-41F1FAE3,Billing Inquiry,0.7246,Self-Service,0,0,0,Travel,Partner API,58,0.3562,2026-04-03T05:16:09
CONT-07DBA960,SESS-E79DB9A6,Product Support,0.6503,Guided Flow,0,0,0,Travel,Mobile App,51,0.3711,2026-04-04T21:58:51
CONT-9E6F276A,SESS-A3F60CC6,Product Support,0.8669,FAQ,0,0,0,Healthcare,Partner API,71,0.471,2026-03-26T06:56:23
CONT-5430724E,SESS-33813925,Technical Troubleshooting,0.6922,Guided Flow,0,0,0,Healthcare,Web,199,0.3912,2026-03-30T20:02:22
CONT-EB5B73E2,SESS-94D383AE,Billing Inquiry,0.5577,Guided Flow,0,0,0,Technology,IVR,227,0.2408,2026-03-22T05:47:53
CONT-89B23AF0,SESS-A51A75A3,Order Status,0.7354,Escalation,0,0,0,Financial Services,Mobile App,20,0.3211,2026-03-12T12:29:09
CONT-A9213D9C,SESS-E0C6B74E,Loyalty Program,0.8217,Self-Service,1,0,0,Travel,Mobile App,61,0.6805,2026-03-29T18:15:20
CONT-140D2D0D,SESS-FD563484,Loyalty Program,0.7622,Handoff,1,0,0,Financial Services,Partner API,81,0.6876,2026-03-21T04:08:36
CONT-6BA72231,SESS-D91CBADC,Subscription Management,0.472,Self-Service,0,0,0,Healthcare,Web,33,0.2289,2026-03-11T17:41:22
CONT-788046D8,SESS-2C62C74F,Order Status,0.7616,Escalation,0,0,0,Technology,Mobile App,262,0.4228,2026-04-01T04:39:26
CONT-F23690FB,SESS-93DDC4A1,Account Management,0.5747,Self-Service,1,0,0,Financial Services,Web,23,0.5786,2026-03-14T17:37:17
CONT-73FE053E,SESS-EDED73C1,Billing Inquiry,0.6074,Self-Service,0,0,1,Financial Services,Web,79,0.1037,2026-03-30T18:47:44
CONT-D57C3BFD,SESS-9914BDE6,Returns & Refunds,0.795,Escalation,0,0,0,Healthcare,Mobile App,74,0.3766,2026-03-29T04:34:35
CONT-C17EE89E,SESS-A1D662A9,Password Reset,0.6943,Free Text,0,0,0,Healthcare,Mobile App,237,0.3421,2026-03-16T12:47:38
CONT-568FCD31,SESS-78BDEBC1,Account Management,0.4303,FAQ,0,0,0,Retail,Mobile App,168,0.1974,2026-03-28T01:40:14
CONT-2795B856,SESS-E217A34E,Technical Troubleshooting,0.5107,Free Text,0,0,0,Healthcare,IVR,159,0.2815,2026-03-28T08:58:12
CONT-95BAA889,SESS-306A6E92,Billing Inquiry,0.7768,Guided Flow,0,0,0,Technology,Kiosk,73,0.3763,2026-03-12T15:38:41
CONT-9583AC5A,SESS-F052E459,Product Support,0.7177,Guided Flow,0,0,0,Healthcare,Mobile App,62,0.3643,2026-04-01T02:53:45
CONT-B73F5740,SESS-514F3632,Subscription Management,0.6038,Free Text,0,0,0,Healthcare,IVR,55,0.2744,2026-03-10T23:14:20
CONT-1D52E390,SESS-F523FE8A,Billing Inquiry,0.4463,Self-Service,0,0,1,Financial Services,Web,83,0.0384,2026-03-18T00:18:13
CONT-E60E0371,SESS-039194BF,Product Support,0.613,Self-Service,0,0,0,Financial Services,Kiosk,25,0.2615,2026-03-12T05:35:42
CONT-AED5D13F,SESS-97467E25,Order Status,0.5015,Free Text,0,0,0,Technology,Kiosk,102,0.2955,2026-04-05T01:12:37
CONT-3BAEA02C,SESS-C2D5863E,Product Support,0.621,Escalation,0,0,0,Travel,Web,103,0.3233,2026-04-01T14:26:28
CONT-1D2D7AB8,SESS-0342E263,Loyalty Program,0.3603,FAQ,0,0,0,Healthcare,Kiosk,162,0.1613,2026-03-09T20:45:34
CONT-ABD02D6C,SESS-771CBD49,Subscription Management,0.5223,Escalation,0,0,0,Financial Services,IVR,105,0.2965,2026-03-25T01:56:53
CONT-E21AF06A,SESS-CD511CC8,Product Support,0.4927,Self-Service,0,0,1,Retail,IVR,192,0.1154,2026-03-11T17:30:18
CONT-6A7DFE5C,SESS-A515A36B,Billing Inquiry,0.7638,Escalation,0,0,0,Technology,Partner API,61,0.3674,2026-03-16T07:57:09
CONT-3C4FE90D,SESS-A4C9C243,Returns & Refunds,0.805,Free Text,0,0,0,Technology,Kiosk,91,0.3598,2026-04-01T12:15:37
CONT-7C6C8B84,SESS-FCE88F8D,General Inquiry,0.5393,Escalation,0,0,0,Healthcare,IVR,61,0.22,2026-03-16T00:15:17
CONT-2A50BFD1,SESS-262CB594,Billing Inquiry,0.9032,Free Text,0,0,0,Retail,Kiosk,413,0.4091,2026-03-26T10:11:00
CONT-530AED74,SESS-FBC78B47,Technical Troubleshooting,0.4422,FAQ,0,0,0,Retail,Partner API,67,0.1917,2026-03-08T11:49:39
CONT-C0E5C31C,SESS-F529C6CD,Account Management,0.58,Free Text,0,0,0,Technology,Kiosk,19,0.3352,2026-03-16T10:11:45
CONT-0C86A613,SESS-34811A0A,Product Support,0.8076,Self-Service,0,0,0,Technology,Partner API,72,0.3628,2026-03-23T04:36:09
CONT-56ACB0FD,SESS-EFDAF0BB,Returns & Refunds,0.8315,Escalation,0,0,0,Technology,Mobile App,68,0.4391,2026-03-09T18:21:00
CONT-4DB46E81,SESS-DE985048,Password Reset,0.9783,Escalation,0,0,0,Technology,Mobile App,123,0.4444,2026-03-22T12:34:17
CONT-C67F5509,SESS-F11713EE,Subscription Management,0.8258,Handoff,1,0,1,Technology,Partner API,295,0.6118,2026-03-19T23:16:15
CONT-277861AA,SESS-5A037D39,Loyalty Program,0.5608,Escalation,0,0,1,Healthcare,Partner API,151,0.1562,2026-04-03T03:18:59
CONT-3395DD36,SESS-5D33010F,Loyalty Program,0.6925,Guided Flow,0,0,0,Retail,IVR,25,0.3235,2026-03-09T12:41:13
CONT-800F8E8E,SESS-D896E8A9,General Inquiry,0.2575,Escalation,0,0,0,Financial Services,Web,262,0.1604,2026-04-03T01:46:17
CONT-09D8F325,SESS-97DCE853,Loyalty Program,0.5251,Handoff,0,0,0,Travel,Mobile App,85,0.2507,2026-03-22T18:49:36
CONT-91FAF57B,SESS-4A42610B,Product Support,0.7795,Handoff,0,0,0,Travel,Mobile App,195,0.3822,2026-03-17T11:33:34
CONT-3414746D,SESS-C16272FF,Password Reset,0.5613,Escalation,0,0,0,Healthcare,IVR,12,0.2544,2026-04-05T05:11:06
CONT-36DD64DB,SESS-6162F559,Account Management,0.8971,Handoff,0,0,0,Financial Services,Web,34,0.4358,2026-03-29T08:16:33
CONT-FC6C3D69,SESS-ED317773,Subscription Management,0.4114,Self-Service,0,0,0,Healthcare,Web,55,0.2147,2026-03-08T11:06:21
CONT-1B34B61F,SESS-5C326A55,Order Status,0.7375,Escalation,1,0,0,Technology,Kiosk,12,0.6418,2026-03-25T22:06:31
CONT-2E28C7CC,SESS-E9AB1E7B,Subscription Management,0.5432,Guided Flow,0,0,0,Technology,Partner API,94,0.315,2026-03-15T06:46:34
CONT-6ED17195,SESS-09A86A2A,Technical Troubleshooting,0.6344,Self-Service,1,0,0,Travel,Web,54,0.6054,2026-03-30T03:15:44
CONT-C47AC390,SESS-B86D7B30,Loyalty Program,0.7444,Guided Flow,0,0,0,Healthcare,IVR,124,0.3812,2026-03-19T01:00:53
CONT-7C3C969B,SESS-3890D774,Subscription Management,0.9116,Free Text,0,0,0,Financial Services,IVR,78,0.4211,2026-03-27T09:48:59
CONT-1C422D0D,SESS-433AEB3F,Returns & Refunds,0.7392,Free Text,0,0,0,Retail,Web,125,0.3599,2026-03-27T09:09:23
CONT-242B49EE,SESS-C08046F8,Password Reset,0.7198,Self-Service,0,0,0,Technology,IVR,11,0.3951,2026-03-11T13:18:23
CONT-B32EC519,SESS-86449C2E,Password Reset,0.626,Handoff,0,0,0,Technology,Mobile App,243,0.3608,2026-04-03T03:47:10
CONT-843A7886,SESS-14594CF2,General Inquiry,0.9844,Handoff,0,0,0,Financial Services,Kiosk,60,0.495,2026-03-10T19:13:53
CONT-9C0F459F,SESS-8B7685FF,Account Management,0.3331,FAQ,1,0,0,Retail,Web,100,0.4564,2026-03-17T09:25:35
CONT-FE768785,SESS-3E9C75E5,Password Reset,0.7771,FAQ,0,0,0,Financial Services,Web,314,0.3563,2026-03-30T12:57:59
CONT-A73C6078,SESS-A4376DD7,Returns & Refunds,0.2883,Escalation,0,0,1,Retail,IVR,191,0.0273,2026-03-18T16:58:59
CONT-351F1908,SESS-4F664BEF,Technical Troubleshooting,0.4962,Escalation,0,0,1,Financial Services,Partner API,417,0.1371,2026-03-25T19:54:52
CONT-3939688A,SESS-BF64D3A1,Order Status,0.5336,Handoff,0,0,0,Technology,IVR,41,0.2587,2026-04-02T20:57:05
CONT-587EC1AE,SESS-7C3C7C15,Account Management,0.6326,Free Text,0,0,0,Financial Services,Partner API,37,0.3041,2026-03-14T05:03:45
CONT-87D18EF9,SESS-1E8DF205,Subscription Management,0.4567,Escalation,0,0,0,Technology,Web,104,0.2107,2026-03-21T06:42:29
CONT-B6C8ED99,SESS-5359A57F,General Inquiry,0.7013,Handoff,0,0,0,Travel,Mobile App,86,0.3641,2026-04-04T11:38:22
CONT-DE0152C3,SESS-2BEF26F4,Order Status,0.4656,Guided Flow,0,1,0,Healthcare,Mobile App,73,0.0597,2026-03-15T02:53:40
CONT-A8E5EF1C,SESS-5EBA8839,Subscription Management,0.8091,Self-Service,0,0,0,Technology,Web,99,0.4217,2026-04-01T05:58:51
CONT-CF9A371F,SESS-B028F621,Returns & Refunds,0.4822,Self-Service,0,0,0,Financial Services,Partner API,60,0.2046,2026-03-27T01:55:52
CONT-B5906801,SESS-CB2261D8,Billing Inquiry,0.7612,Handoff,0,0,0,Financial Services,Web,215,0.4278,2026-03-17T19:11:53
CONT-2A9B0FEF,SESS-721C4690,Subscription Management,0.8884,Self-Service,0,0,0,Technology,Partner API,170,0.3961,2026-03-15T22:02:16
CONT-923FA3E2,SESS-4AF0D746,Product Support,0.5673,Self-Service,0,0,1,Travel,IVR,683,0.1428,2026-03-13T22:53:20
CONT-CBDEA68B,SESS-BE71BC67,Loyalty Program,0.8058,Guided Flow,0,0,0,Healthcare,Partner API,52,0.4115,2026-04-02T20:50:50
CONT-DF24FA34,SESS-77D6AB9B,General Inquiry,0.9242,Free Text,0,0,0,Technology,Web,195,0.4185,2026-03-28T21:03:05
CONT-814A2044,SESS-9B345301,Loyalty Program,0.8087,Handoff,0,0,0,Financial Services,Mobile App,34,0.3972,2026-03-20T14:44:09
CONT-C8F231CA,SESS-00392170,Product Support,0.6207,Self-Service,0,0,0,Financial Services,Mobile App,38,0.2808,2026-03-16T07:08:54
CONT-AABF70C9,SESS-EF1766DB,Account Management,0.5059,FAQ,0,0,0,Financial Services,IVR,38,0.2846,2026-03-29T21:44:43
CONT-F4EF1E63,SESS-4A3DF24C,Password Reset,0.5596,FAQ,0,0,0,Technology,Web,20,0.2399,2026-03-31T07:30:21
CONT-8E9C96CA,SESS-52D623FD,Account Management,0.6351,FAQ,0,0,0,Technology,Mobile App,113,0.3059,2026-03-20T18:04:35
CONT-342BC118,SESS-1AC84EBA,Product Support,0.9147,FAQ,0,0,0,Technology,Web,55,0.4505,2026-03-31T05:53:32
CONT-ADAABE9D,SESS-02F3E229,Account Management,0.4876,Guided Flow,0,0,0,Financial Services,Web,99,0.2861,2026-03-09T18:50:46
CONT-120B3B42,SESS-71BC0B36,Password Reset,0.9153,Handoff,0,0,0,Financial Services,IVR,29,0.4596,2026-03-16T06:36:22
CONT-4DB2D071,SESS-F793E754,Loyalty Program,0.5145,Escalation,0,0,0,Financial Services,Kiosk,349,0.2635,2026-03-25T14:37:44
CONT-D0EC3101,SESS-1348ADFF,Billing Inquiry,0.6554,Free Text,0,0,0,Financial Services,IVR,34,0.3462,2026-03-08T00:05:11
CONT-221FC9DD,SESS-78214264,Billing Inquiry,0.5895,Guided Flow,0,0,0,Travel,Web,75,0.3124,2026-03-09T11:24:20
CONT-2E9071D4,SESS-A8B0D6AD,Password Reset,0.5645,Escalation,0,0,0,Travel,Web,155,0.2544,2026-03-30T06:06:20
CONT-E096BD2E,SESS-B2E84457,Product Support,0.6344,Escalation,0,0,0,Healthcare,Kiosk,72,0.3093,2026-03-21T15:28:59
CONT-D9E2312D,SESS-7D0D7C17,Order Status,0.994,Escalation,0,0,0,Technology,IVR,32,0.5248,2026-03-27T17:22:45
CONT-A8295EA2,SESS-67C704D3,Order Status,0.6783,Escalation,0,0,0,Retail,Web,32,0.3733,2026-03-21T17:10:35
CONT-76BBD915,SESS-153EFF5D,Account Management,0.95,Escalation,0,0,0,Retail,Partner API,287,0.4557,2026-03-11T04:09:36
CONT-EA3EE6CE,SESS-F8E1B6A2,Password Reset,0.3143,Self-Service,0,0,1,Travel,Web,1642,0.0326,2026-03-26T12:27:37
CONT-AA75BEEC,SESS-BF74EFF1,Billing Inquiry,0.6577,FAQ,0,0,0,Healthcare,Mobile App,28,0.3423,2026-03-25T18:32:59
CONT-9A1FCF19,SESS-E5BFD913,Billing Inquiry,0.8138,Guided Flow,0,0,0,Retail,Kiosk,244,0.4162,2026-04-03T08:27:27
CONT-CEE6043A,SESS-ADCA9F27,Order Status,0.808,Escalation,0,0,0,Financial Services,Web,72,0.4327,2026-03-31T01:01:11
CONT-AED5D13F,SESS-0B10BD86,General Inquiry,0.2468,Free Text,0,0,0,Technology,Mobile App,80,0.1626,2026-03-18T06:57:47
CONT-30F80ACD,SESS-5E8A75DA,Loyalty Program,0.5973,Free Text,0,0,0,Travel,Mobile App,24,0.2549,2026-03-13T13:11:35
CONT-C6CB6442,SESS-2DB01BCC,General Inquiry,0.5622,Free Text,0,0,0,Technology,Kiosk,31,0.2912,2026-03-25T07:05:52
CONT-290FF715,SESS-9D092D83,Billing Inquiry,0.6268,Free Text,1,0,0,Retail,Kiosk,18,0.5776,2026-03-19T00:17:31
CONT-6D5E9281,SESS-AC328014,Order Status,0.8611,FAQ,0,0,1,Technology,Kiosk,138,0.3162,2026-03-13T06:03:44
CONT-60715B6D,SESS-8FB67FDF,Loyalty Program,0.426,Handoff,1,0,1,Travel,Web,104,0.4006,2026-03-07T04:58:17
CONT-C8001D64,SESS-88A57883,Password Reset,0.7762,Handoff,1,0,0,Financial Services,Kiosk,216,0.6678,2026-04-04T13:52:47
CONT-D47DDA2E,SESS-A27814C4,Account Management,0.6095,Self-Service,0,0,0,Travel,Web,43,0.3328,2026-03-16T12:01:56
CONT-142230EF,SESS-A94BD4A2,Subscription Management,0.6001,Guided Flow,0,1,0,Technology,Kiosk,63,0.134,2026-03-21T09:37:15
CONT-D8674DA1,SESS-A9A7B58B,General Inquiry,0.5273,Handoff,0,0,0,Technology,IVR,79,0.2435,2026-03-09T09:34:08
CONT-10CEAF1E,SESS-C41F80B0,Password Reset,0.6,Escalation,0,0,0,Technology,Partner API,54,0.3396,2026-03-22T18:32:55
CONT-898D1870,SESS-10FA4EDF,Returns & Refunds,0.7331,Self-Service,0,0,0,Retail,Partner API,355,0.3902,2026-03-20T22:24:52
CONT-C2778F43,SESS-F0099CD8,Password Reset,0.7501,FAQ,0,1,0,Travel,Mobile App,40,0.1585,2026-04-05T04:45:55
CONT-D8001183,SESS-F39DDFA5,Account Management,0.3724,Self-Service,0,0,0,Travel,Kiosk,91,0.1929,2026-03-12T16:34:41
CONT-C9C851B3,SESS-B3725CBE,Returns & Refunds,0.54,Free Text,0,0,0,Financial Services,IVR,128,0.2671,2026-03-22T08:12:22
CONT-69B301DF,SESS-C060C79B,Product Support,0.6144,Free Text,0,0,0,Travel,IVR,56,0.2831,2026-03-10T04:18:50
CONT-A9213D9C,SESS-BF10CF67,Subscription Management,0.5941,Self-Service,0,0,0,Retail,Mobile App,119,0.2944,2026-03-11T07:30:40
CONT-F3EC1AFF,SESS-AC10E766,Returns & Refunds,0.6054,Free Text,0,0,0,Financial Services,IVR,35,0.325,2026-03-12T23:00:27
CONT-259389CA,SESS-9621354E,Billing Inquiry,0.6877,Free Text,0,0,0,Healthcare,Web,415,0.3704,2026-03-21T08:18:07
CONT-C32DCAC0,SESS-EA5BAB17,Billing Inquiry,0.6775,FAQ,0,0,0,Healthcare,Web,117,0.3329,2026-03-31T12:32:49
CONT-C8F231CA,SESS-31088731,Technical Troubleshooting,0.7876,FAQ,0,0,0,Retail,Mobile App,92,0.3822,2026-03-09T03:39:45
CONT-19C83A7F,SESS-6A4015F3,Billing Inquiry,0.9894,FAQ,0,0,0,Healthcare,Kiosk,84,0.533,2026-03-16T09:59:01
CONT-6B4AB31D,SESS-939D6808,Technical Troubleshooting,0.5998,Escalation,0,0,0,Financial Services,Mobile App,18,0.3259,2026-03-09T17:35:10
CONT-333035CE,SESS-60CA0285,Password Reset,0.7485,Guided Flow,0,0,1,Travel,Mobile App,282,0.2734,2026-03-18T22:53:02
CONT-0F0C1775,SESS-2912C58D,Product Support,0.7177,Self-Service,0,0,0,Healthcare,Web,61,0.3663,2026-03-16T10:22:21
CONT-E7599CB4,SESS-889379AA,General Inquiry,0.4279,Escalation,0,0,0,Retail,Web,17,0.2568,2026-03-14T10:19:38
CONT-AB9A5CB3,SESS-0ACE4CF9,Returns & Refunds,0.3818,Free Text,0,0,0,Technology,Partner API,58,0.2028,2026-03-19T17:39:20
CONT-C266A088,SESS-1CB401C2,Technical Troubleshooting,0.4442,Free Text,0,0,0,Healthcare,IVR,161,0.1906,2026-03-23T08:55:41
CONT-01E9C169,SESS-DAC1B6E1,Account Management,0.682,Handoff,1,0,0,Financial Services,Partner API,85,0.6057,2026-03-12T02:25:39
CONT-F65CB4FF,SESS-C96A96EF,Billing Inquiry,0.7517,Escalation,0,0,0,Travel,Partner API,28,0.3915,2026-03-16T17:46:42
CONT-A4E40E99,SESS-417CE7CF,Password Reset,0.474,FAQ,0,0,0,Retail,Web,62,0.216,2026-03-19T02:38:51
CONT-0240CD87,SESS-A17F496C,Billing Inquiry,1.0,FAQ,0,0,0,Healthcare,Web,81,0.5353,2026-04-04T07:50:32
CONT-909FF5D6,SESS-A75F7B03,Account Management,0.7702,Guided Flow,0,0,0,Technology,Mobile App,43,0.3631,2026-03-15T12:42:22
CONT-066E5ADB,SESS-0DE88666,Order Status,0.7245,Free Text,1,0,0,Financial Services,Mobile App,84,0.6971,2026-03-23T00:06:46
CONT-2609898C,SESS-16AA0E42,Technical Troubleshooting,0.7228,FAQ,0,0,1,Healthcare,IVR,153,0.1889,2026-03-20T01:31:54
CONT-9FEF5577,SESS-3359EE65,Password Reset,0.6589,Free Text,0,0,1,Technology,Mobile App,247,0.1901,2026-03-11T03:35:30
CONT-CA98BAAD,SESS-A5FC754E,Password Reset,0.4296,Handoff,0,0,1,Technology,Mobile App,34,0.0945,2026-03-12T00:31:08
CONT-6B55CEAD,SESS-9317DF2B,Loyalty Program,0.8333,Self-Service,0,0,0,Financial Services,Web,70,0.3819,2026-03-19T17:12:51
CONT-D9A6FD8B,SESS-53997897,Loyalty Program,0.8249,FAQ,0,0,0,Financial Services,Partner API,126,0.3989,2026-04-05T20:43:12
CONT-22CECDCE,SESS-BA6D138A,Order Status,0.504,Guided Flow,0,0,0,Retail,Kiosk,121,0.243,2026-03-31T00:07:39
CONT-4BEA22A4,SESS-50935ED7,Product Support,0.7155,Escalation,0,0,0,Travel,Kiosk,93,0.3081,2026-03-07T06:11:42
CONT-BEA48FC1,SESS-1CB6478B,Order Status,0.8165,Guided Flow,0,0,0,Financial Services,IVR,25,0.3987,2026-03-18T06:55:02
CONT-19C83A7F,SESS-25E3D149,General Inquiry,0.599,Handoff,0,0,0,Technology,Partner API,27,0.314,2026-03-15T18:01:16
CONT-DA35E5CA,SESS-71DCC8B2,General Inquiry,0.8094,Guided Flow,0,0,0,Financial Services,Web,157,0.4478,2026-03-23T13:48:18
CONT-A5D9C33D,SESS-3DBF31D0,Order Status,0.5757,Self-Service,1,0,0,Financial Services,Kiosk,236,0.5544,2026-03-10T18:26:25
CONT-1BB7DD1D,SESS-597540BA,General Inquiry,0.3007,FAQ,0,0,0,Financial Services,Partner API,20,0.1532,2026-03-23T11:25:07
CONT-D6D37B80,SESS-F9E57732,Billing Inquiry,0.45,Free Text,0,0,0,Travel,Mobile App,58,0.2123,2026-03-28T18:44:47
CONT-C51143F7,SESS-F898C80F,Subscription Management,0.5879,Guided Flow,0,0,0,Travel,Web,200,0.3102,2026-03-21T05:57:17
CONT-D853E394,SESS-ADD8EAAF,Product Support,0.5588,Self-Service,0,0,0,Travel,Kiosk,28,0.2694,2026-04-01T19:39:00
CONT-568FCD31,SESS-75C2FB71,General Inquiry,0.7507,Guided Flow,0,0,0,Healthcare,Mobile App,47,0.3784,2026-03-16T21:03:25
CONT-806B12F0,SESS-72CED53D,General Inquiry,0.6452,Free Text,0,0,1,Technology,IVR,79,0.1361,2026-04-04T10:13:20
CONT-ED7ADAF3,SESS-5F80A345,Account Management,0.7557,Escalation,0,0,0,Travel,Web,64,0.4138,2026-04-02T08:21:41
CONT-E5E6F6FF,SESS-344E7A7F,Order Status,0.5993,Free Text,0,0,0,Retail,Partner API,114,0.3295,2026-03-15T18:05:20
CONT-C42BF724,SESS-2E62A0B8,Technical Troubleshooting,0.6562,Guided Flow,0,0,0,Retail,IVR,177,0.3146,2026-03-26T04:43:07
CONT-20D95D21,SESS-589584C1,Returns & Refunds,0.5811,FAQ,0,0,0,Retail,Partner API,191,0.2484,2026-04-04T04:16:39
CONT-E8758D3F,SESS-EAD48499,Product Support,0.6841,Free Text,0,0,0,Healthcare,Partner API,81,0.327,2026-03-07T13:29:34
CONT-3A96652D,SESS-EBA6FDD1,Password Reset,0.5862,Handoff,0,0,0,Financial Services,Web,282,0.2637,2026-03-25T22:00:41
CONT-6707D46A,SESS-6C8A8DB7,Returns & Refunds,0.6829,Self-Service,0,0,0,Healthcare,Web,108,0.3498,2026-03-19T01:56:41
CONT-1BF54BB6,SESS-A50237FB,Loyalty Program,0.7314,Escalation,0,0,0,Retail,Partner API,153,0.3279,2026-03-07T05:39:41
CONT-A5D9C33D,SESS-F869C3BE,Order Status,0.5808,Free Text,1,0,0,Retail,Kiosk,43,0.5929,2026-03-08T07:34:45
CONT-1E886570,SESS-496BAB55,Returns & Refunds,0.4517,Guided Flow,0,0,0,Technology,IVR,459,0.227,2026-04-03T04:32:40
CONT-A0F22A9D,SESS-195F8175,Loyalty Program,0.521,Self-Service,0,0,0,Travel,Web,42,0.2523,2026-03-14T02:46:48
CONT-FAF1AA6F,SESS-9BBA7A9B,Loyalty Program,0.5886,Free Text,0,0,0,Retail,Kiosk,82,0.2541,2026-03-24T07:39:17
CONT-45FEA461,SESS-287DA8AE,Product Support,0.5768,FAQ,0,0,0,Financial Services,Partner API,16,0.2828,2026-03-16T05:26:06
CONT-68A20E89,SESS-2DB44C1C,Technical Troubleshooting,0.6492,Handoff,0,0,0,Technology,Web,38,0.3248,2026-03-20T06:29:01
CONT-BAF5690B,SESS-A69DD0C6,Order Status,0.4677,Self-Service,0,0,1,Financial Services,Kiosk,54,0.1213,2026-03-16T17:09:33
CONT-9E76118B,SESS-163DE216,Order Status,0.4941,Handoff,1,0,1,Technology,Mobile App,60,0.3881,2026-03-22T04:30:04
CONT-B6FC1783,SESS-E56492B1,Returns & Refunds,0.9587,Escalation,0,0,0,Travel,Web,44,0.4844,2026-03-20T16:28:26
CONT-D3C6AA8A,SESS-1204B79A,Subscription Management,0.8143,Escalation,0,1,0,Travel,Web,53,0.2065,2026-03-14T17:42:59
CONT-333035CE,SESS-72D676D7,Returns & Refunds,0.3459,Handoff,1,0,1,Technology,Kiosk,154,0.3144,2026-04-02T12:53:20
CONT-CCEC9FC2,SESS-5C3C5182,Returns & Refunds,0.9451,Handoff,0,0,0,Travel,IVR,157,0.457,2026-04-03T05:12:28
CONT-38436B6F,SESS-01B0E74D,General Inquiry,0.8794,Guided Flow,0,0,0,Retail,Kiosk,117,0.4294,2026-03-27T00:23:07
CONT-5D7E05BE,SESS-D60588C7,Billing Inquiry,0.6843,Guided Flow,0,0,0,Retail,Kiosk,101,0.3357,2026-03-09T00:46:13
CONT-D1D5B0FC,SESS-B52647B9,Product Support,0.7038,Guided Flow,0,0,0,Healthcare,Kiosk,49,0.3794,2026-03-10T18:54:02
CONT-49A9E28C,SESS-B29A486A,Product Support,0.3841,Handoff,0,0,0,Financial Services,Mobile App,87,0.1572,2026-03-24T11:15:26
CONT-6BFD3951,SESS-6B73AA42,General Inquiry,0.5865,Free Text,0,0,0,Retail,IVR,22,0.3088,2026-03-25T07:53:15
CONT-358792FA,SESS-A3C20E5E,Loyalty Program,0.3791,Self-Service,0,0,0,Retail,Web,191,0.1917,2026-03-09T13:19:28
CONT-168CCE14,SESS-5AA1C641,Order Status,0.465,Escalation,0,0,1,Retail,Mobile App,48,0.1269,2026-03-10T09:39:13
CONT-C683B9DF,SESS-79E9FA63,Order Status,0.5997,Handoff,0,0,0,Travel,Kiosk,39,0.3012,2026-03-31T09:53:49
CONT-C9CEE780,SESS-B9BCF3C9,Password Reset,0.7162,Guided Flow,0,0,0,Healthcare,Web,132,0.3506,2026-03-24T21:38:38
CONT-F5441525,SESS-0504A2F4,Password Reset,0.7038,Handoff,0,0,0,Retail,Web,48,0.309,2026-04-04T02:24:37
CONT-805F667F,SESS-6FB6DD57,Technical Troubleshooting,0.5432,Handoff,0,1,0,Technology,IVR,86,0.058,2026-03-16T10:08:30
CONT-8850FF50,SESS-2730D3BF,Order Status,0.9612,Self-Service,0,0,0,Healthcare,IVR,39,0.4893,2026-03-17T06:57:17
CONT-B263CBCD,SESS-53B21CA0,Billing Inquiry,0.6434,Handoff,0,0,1,Healthcare,Mobile App,222,0.1688,2026-04-01T18:52:06
CONT-B9BE8D2A,SESS-E4C07DD6,Technical Troubleshooting,0.6986,Escalation,0,0,0,Travel,IVR,28,0.3227,2026-04-03T01:58:43
CONT-7D606328,SESS-CDB8D104,Returns & Refunds,0.6352,Escalation,0,0,0,Retail,Partner API,209,0.2695,2026-03-21T23:00:58
CONT-147D8B3F,SESS-538F8800,Technical Troubleshooting,0.7463,Guided Flow,0,0,0,Financial Services,IVR,83,0.3656,2026-03-15T05:16:25
CONT-D77C5FD7,SESS-067DC882,Billing Inquiry,1.0,Guided Flow,0,1,0,Technology,Mobile App,43,0.3102,2026-03-27T16:53:47
CONT-EF4F7C26,SESS-14414087,Technical Troubleshooting,0.5844,FAQ,0,0,0,Healthcare,Kiosk,62,0.2601,2026-03-13T22:08:10
CONT-EF9ECED8,SESS-5507A2BF,Password Reset,0.9048,Free Text,0,0,1,Healthcare,IVR,151,0.348,2026-03-15T09:02:09
CONT-BD302E22,SESS-36090002,Order Status,0.4133,Guided Flow,0,0,0,Financial Services,Kiosk,88,0.1823,2026-04-01T11:47:19
CONT-AAC2EC01,SESS-B4D33E15,Order Status,0.8973,Guided Flow,0,0,0,Technology,Partner API,258,0.4187,2026-03-08T12:06:24
CONT-FF8FA3E1,SESS-219026C1,Billing Inquiry,0.746,Handoff,0,0,1,Healthcare,Partner API,672,0.2225,2026-03-14T05:18:19
CONT-1BC359F6,SESS-FA162504,General Inquiry,0.99,Free Text,0,0,0,Travel,IVR,170,0.4772,2026-03-19T19:16:50
CONT-C9A5AE2E,SESS-F667E63D,Loyalty Program,0.567,Escalation,0,0,0,Technology,Mobile App,453,0.3101,2026-03-22T22:15:01
CONT-BEB118E2,SESS-DACF1E9E,Account Management,0.7934,FAQ,0,0,0,Financial Services,Kiosk,46,0.4343,2026-03-28T01:21:05
CONT-F182720F,SESS-47D26A82,Order Status,0.7585,Guided Flow,0,0,0,Technology,IVR,33,0.3542,2026-03-20T01:13:45
CONT-1B34B61F,SESS-D7837727,Order Status,0.6449,Self-Service,0,0,0,Travel,IVR,131,0.2938,2026-03-25T03:58:12
CONT-C41FF59A,SESS-8F5614FF,Subscription Management,0.8586,Self-Service,0,0,0,Technology,Web,33,0.3892,2026-03-19T00:34:03
CONT-C913ED16,SESS-62FE191C,Returns & Refunds,0.3852,Handoff,0,0,0,Healthcare,Web,41,0.1588,2026-04-03T13:06:45
CONT-2DD2693C,SESS-E03E453A,Returns & Refunds,0.9444,Guided Flow,0,0,0,Technology,Mobile App,49,0.4987,2026-03-08T21:08:08
CONT-22BC9414,SESS-234049D0,Subscription Management,0.8732,FAQ,0,0,0,Travel,Kiosk,36,0.4574,2026-03-08T08:59:44
CONT-CC220CFF,SESS-278A84FD,Password Reset,0.4982,Self-Service,0,0,0,Travel,Web,450,0.2289,2026-04-03T20:20:13
CONT-1CE5FE20,SESS-CD3302CB,Returns & Refunds,0.796,Free Text,0,0,0,Healthcare,Web,153,0.443,2026-03-10T00:28:45
CONT-CE667770,SESS-E753DD21,Returns & Refunds,0.5551,Free Text,0,0,0,Healthcare,IVR,40,0.2865,2026-03-30T21:56:58
CONT-71068E2F,SESS-A98BC151,Subscription Management,0.2742,Free Text,1,0,0,Technology,Mobile App,27,0.4323,2026-04-03T21:10:53
CONT-63E41B91,SESS-0B142353,Order Status,0.5558,Escalation,0,0,1,Technology,Web,403,0.1183,2026-03-11T20:49:22
CONT-F18822A7,SESS-77251864,Product Support,0.7117,Handoff,0,0,0,Travel,Kiosk,130,0.3711,2026-04-03T09:14:40
CONT-8AB8E81B,SESS-5ACA9BB5,Account Management,0.8705,Handoff,0,0,0,Travel,IVR,103,0.4261,2026-03-24T00:44:09
CONT-888B4017,SESS-405787DC,Returns & Refunds,1.0,Escalation,0,0,0,Financial Services,Mobile App,69,0.5489,2026-03-30T10:49:33
CONT-DC19B87F,SESS-626BA6E1,Product Support,0.4065,Self-Service,0,0,1,Retail,Mobile App,237,0.0296,2026-03-11T08:07:52
CONT-C61996E6,SESS-44D4B416,Technical Troubleshooting,0.7013,Handoff,0,0,0,Healthcare,Partner API,141,0.3747,2026-03-11T07:42:08
CONT-3A6DBD82,SESS-C56FFE5E,Returns & Refunds,0.6972,FAQ,0,0,0,Technology,Web,89,0.3388,2026-03-15T10:15:39
CONT-54BA6C5D,SESS-2313B520,Billing Inquiry,0.4452,FAQ,1,0,0,Healthcare,Partner API,95,0.4989,2026-03-24T07:57:28
CONT-1734A2C6,SESS-8F6870BF,Loyalty Program,0.7802,Self-Service,0,0,0,Healthcare,IVR,108,0.4101,2026-03-25T17:57:46
CONT-CBA44377,SESS-94AFC46B,Billing Inquiry,0.5854,Guided Flow,0,0,0,Technology,Mobile App,45,0.2555,2026-03-25T19:54:48
CONT-F8EF7972,SESS-665CD7ED,Billing Inquiry,0.8875,Handoff,0,0,0,Healthcare,Kiosk,2,0.4557,2026-03-26T22:36:51
CONT-7D606328,SESS-0F70B760,Returns & Refunds,0.7599,Handoff,0,0,0,Travel,IVR,45,0.3769,2026-03-18T09:05:36
CONT-1FE07571,SESS-BBE7A183,Returns & Refunds,0.5573,Self-Service,0,0,0,Travel,Partner API,122,0.2832,2026-03-08T22:35:51
CONT-ADA769A0,SESS-B36034A0,Product Support,0.4578,Escalation,0,0,0,Travel,Partner API,49,0.2753,2026-03-13T22:09:21
CONT-9364009E,SESS-67F5AB53,Loyalty Program,0.8287,Self-Service,0,0,0,Healthcare,IVR,33,0.3658,2026-03-24T04:16:28
CONT-22CECDCE,SESS-CD83F5B3,Order Status,0.5994,Escalation,0,0,1,Travel,Web,136,0.167,2026-04-02T08:14:56
CONT-C8E4157A,SESS-38C6C6E9,Returns & Refunds,0.447,FAQ,0,0,0,Travel,Mobile App,54,0.1885,2026-03-20T05:49:11
CONT-562723F4,SESS-FAD2BAAE,Returns & Refunds,0.3899,Self-Service,0,0,1,Retail,IVR,58,0.004,2026-04-03T19:50:30
CONT-E21AF06A,SESS-4868844D,Technical Troubleshooting,0.8639,FAQ,0,0,0,Healthcare,Kiosk,388,0.4552,2026-03-09T13:13:03
CONT-A0EF0D64,SESS-66AA5C30,Technical Troubleshooting,0.5643,Handoff,0,0,0,Healthcare,Partner API,103,0.2826,2026-03-21T01:45:41
CONT-EDDDEC0D,SESS-3BE01646,Billing Inquiry,0.9045,Handoff,0,0,0,Financial Services,Mobile App,142,0.4863,2026-03-27T23:58:16
CONT-5E5F2267,SESS-2655665A,Order Status,0.893,Escalation,0,0,1,Travel,Kiosk,116,0.33,2026-03-22T20:02:45
CONT-27D97F7C,SESS-90D72041,Billing Inquiry,0.463,FAQ,0,0,1,Financial Services,Web,47,0.0627,2026-03-23T03:16:44
CONT-B35C4A43,SESS-DF6FAC3E,Subscription Management,0.791,Self-Service,0,0,0,Travel,Partner API,38,0.4292,2026-03-12T21:34:38
CONT-0C36B5C6,SESS-D7092B9C,Loyalty Program,0.6052,Free Text,0,0,0,Travel,Web,158,0.2552,2026-03-09T01:55:38
CONT-6ADC3FEB,SESS-A0EE7A0A,Returns & Refunds,0.7249,Self-Service,0,0,0,Healthcare,Kiosk,182,0.333,2026-04-05T12:44:51
CONT-BA5AC9B0,SESS-741EF459,Loyalty Program,0.8289,Escalation,0,0,0,Technology,Web,141,0.4489,2026-03-19T02:20:32
CONT-7008CB12,SESS-CCBC83D5,Order Status,0.7796,FAQ,0,0,1,Financial Services,Mobile App,463,0.2083,2026-03-19T14:03:57
CONT-8B8425FC,SESS-FAA6705E,Billing Inquiry,0.7449,Free Text,0,0,0,Financial Services,Web,120,0.3587,2026-03-20T09:27:57
CONT-20D95D21,SESS-39AADB76,Password Reset,0.8265,Free Text,0,0,0,Healthcare,IVR,52,0.4531,2026-04-03T14:05:37
CONT-E0539BF6,SESS-891EEBE3,General Inquiry,0.7158,Escalation,0,0,0,Travel,Mobile App,146,0.374,2026-03-30T17:18:37
CONT-8109F0E6,SESS-BCC63F99,Technical Troubleshooting,0.686,Free Text,0,0,0,Financial Services,Kiosk,30,0.3421,2026-04-02T11:02:04
CONT-2DA7698C,SESS-85DC3EC1,Technical Troubleshooting,0.7761,Handoff,0,0,0,Retail,Partner API,101,0.38,2026-03-15T03:05:36
CONT-9D2BB2FA,SESS-8B159528,Subscription Management,0.6666,Free Text,0,0,0,Financial Services,Partner API,87,0.3319,2026-03-08T05:50:01
CONT-D251DBD7,SESS-50D22DF7,Subscription Management,0.7551,FAQ,0,1,0,Healthcare,Kiosk,52,0.2018,2026-04-05T01:21:13
CONT-5C03223D,SESS-376FCD64,General Inquiry,0.6603,FAQ,0,0,0,Technology,IVR,76,0.312,2026-03-27T06:29:58
CONT-61D15B27,SESS-E7AB335C,Returns & Refunds,0.8834,Self-Service,0,0,0,Retail,IVR,85,0.4789,2026-04-02T23:56:25
CONT-893F2F5C,SESS-CAE7F0ED,Loyalty Program,0.5583,Free Text,0,0,0,Travel,Web,23,0.2322,2026-04-05T00:38:02
CONT-6BA72231,SESS-03D70F37,Returns & Refunds,0.5295,Handoff,0,0,0,Technology,Partner API,143,0.2996,2026-03-31T19:32:23
CONT-1069F762,SESS-C9A6EB26,Order Status,0.5275,Escalation,0,0,1,Financial Services,Partner API,541,0.1607,2026-03-14T08:55:54
CONT-32FD9E47,SESS-118B397A,Subscription Management,0.6164,Escalation,0,0,0,Retail,IVR,24,0.3445,2026-03-31T06:12:41
CONT-8D5C33AA,SESS-99EC236F,Order Status,0.7604,FAQ,0,0,0,Technology,Web,33,0.4098,2026-03-28T12:54:09
CONT-594DC5C6,SESS-72FF3CBC,Loyalty Program,0.5414,Escalation,0,0,0,Retail,Partner API,80,0.259,2026-03-27T05:39:19
CONT-DF24FA34,SESS-E96E0C29,Returns & Refunds,0.9962,Guided Flow,0,0,0,Financial Services,Kiosk,44,0.4632,2026-03-08T02:07:50
CONT-60197F74,SESS-A011284D,Returns & Refunds,0.6153,Self-Service,0,0,0,Technology,Mobile App,87,0.2692,2026-04-01T02:46:18
CONT-D1512665,SESS-16549923,Account Management,0.985,Free Text,0,0,0,Financial Services,Web,90,0.4844,2026-03-20T04:13:22
CONT-81ADF613,SESS-38199382,Loyalty Program,0.5963,FAQ,0,0,0,Healthcare,IVR,35,0.2675,2026-03-20T02:27:32
CONT-B1760A43,SESS-E40B919F,General Inquiry,0.7925,Escalation,0,0,0,Financial Services,Kiosk,46,0.3774,2026-04-01T07:14:36
CONT-8B137D64,SESS-41C58032,General Inquiry,0.3871,Free Text,0,0,1,Travel,Kiosk,130,0.0729,2026-04-04T03:34:40
CONT-6B8F19BB,SESS-D67DA105,Product Support,0.6468,Escalation,0,0,0,Technology,Kiosk,131,0.3101,2026-04-02T01:01:31
CONT-E60E0371,SESS-8C9C571E,Returns & Refunds,0.4287,Guided Flow,0,0,0,Technology,Web,18,0.1671,2026-03-10T06:41:25
CONT-F07ED8EB,SESS-140D45DE,Billing Inquiry,0.6134,Self-Service,0,0,0,Healthcare,Kiosk,113,0.2766,2026-03-07T08:27:19
CONT-F0862C6D,SESS-525F3337,Billing Inquiry,0.425,Free Text,0,0,0,Technology,Web,20,0.1686,2026-03-19T13:16:27
CONT-4722C3E7,SESS-CAD33C82,Password Reset,0.7822,Self-Service,0,0,0,Travel,Kiosk,25,0.398,2026-03-11T17:56:21
CONT-3BB599A4,SESS-C1031972,Product Support,0.793,Guided Flow,1,0,0,Financial Services,IVR,59,0.7146,2026-03-14T10:44:09
CONT-62012623,SESS-C5084024,Technical Troubleshooting,0.4923,Handoff,0,0,0,Financial Services,Mobile App,42,0.2385,2026-04-04T00:16:32
CONT-AFE53951,SESS-1AE55FD8,Billing Inquiry,0.6675,Self-Service,1,0,0,Healthcare,IVR,187,0.6037,2026-03-14T22:51:31
CONT-259389CA,SESS-15D45921,Returns & Refunds,0.8903,FAQ,0,0,0,Retail,IVR,46,0.4289,2026-03-24T09:18:12
CONT-4E25393A,SESS-309594F6,Subscription Management,0.7394,Self-Service,0,0,0,Retail,Kiosk,20,0.3455,2026-03-09T12:31:42
CONT-2F6DBE6A,SESS-9E78C3E6,Technical Troubleshooting,0.8629,FAQ,0,0,0,Healthcare,Kiosk,230,0.3873,2026-03-22T05:34:00
CONT-B7DD4959,SESS-23C212B1,Loyalty Program,0.6375,Escalation,0,0,0,Technology,Partner API,84,0.2802,2026-03-25T16:13:37
CONT-1DE66AF1,SESS-A750F296,Product Support,0.6214,Handoff,0,0,0,Technology,Partner API,105,0.2804,2026-03-29T17:02:38
CONT-8A93126B,SESS-9BAD92F9,Billing Inquiry,0.7762,Free Text,0,0,0,Financial Services,Mobile App,12,0.3667,2026-03-12T01:04:04
CONT-CBFA346C,SESS-C1A9B064,Billing Inquiry,0.7966,Guided Flow,0,0,0,Technology,Kiosk,80,0.3951,2026-03-20T20:26:47
CONT-B880113D,SESS-62137122,Technical Troubleshooting,0.7849,FAQ,0,0,0,Travel,Kiosk,144,0.4305,2026-03-18T11:46:31
CONT-66D637F7,SESS-CC245E28,Account Management,0.7285,Escalation,0,0,0,Financial Services,Kiosk,78,0.3311,2026-04-04T01:26:41
CONT-CA89E215,SESS-2A447822,Account Management,0.6222,Escalation,0,0,0,Healthcare,Web,198,0.2742,2026-03-27T10:54:53
CONT-6B55CEAD,SESS-24DCFA7C,Order Status,0.3846,Free Text,0,0,0,Technology,Partner API,13,0.2319,2026-03-23T06:49:24
CONT-445E6B4E,SESS-DAD42735,Billing Inquiry,0.7356,Guided Flow,0,0,1,Technology,Kiosk,1438,0.2017,2026-03-28T19:30:36
CONT-574B8C2F,SESS-91E25B36,Password Reset,0.4926,Handoff,0,0,1,Travel,IVR,116,0.0526,2026-03-25T20:42:59
CONT-9A4B76BA,SESS-EFDF6469,Returns & Refunds,0.7277,Handoff,0,0,0,Travel,Partner API,107,0.3279,2026-03-19T08:02:11
CONT-60BF6EAA,SESS-38291D9A,Account Management,0.3796,Escalation,0,0,0,Technology,IVR,93,0.1705,2026-03-20T19:38:22
CONT-1324F705,SESS-1794A303,Billing Inquiry,0.6281,Free Text,0,0,0,Technology,Web,19,0.3258,2026-03-21T15:53:07
CONT-71068E2F,SESS-21281F6A,Order Status,0.4821,Free Text,0,1,0,Healthcare,Partner API,81,0.0,2026-03-17T14:39:54
CONT-028535F7,SESS-2E1FE5B7,Order Status,0.7874,Free Text,0,0,1,Technology,Web,124,0.2263,2026-03-14T20:52:58
CONT-8B7A8EE6,SESS-78ACF798,Order Status,0.6066,Free Text,0,0,0,Travel,Web,86,0.2655,2026-03-25T15:40:07
CONT-101ECD0D,SESS-714A7A6C,Password Reset,0.6356,Guided Flow,0,0,0,Healthcare,Partner API,95,0.2842,2026-03-29T22:53:03
CONT-6E2F5BE0,SESS-135DCFD5,Technical Troubleshooting,0.3629,Handoff,0,0,1,Healthcare,Partner API,186,0.0725,2026-03-12T20:11:03
CONT-7D614E2D,SESS-942B76F1,Billing Inquiry,0.8691,Free Text,0,0,0,Retail,Partner API,83,0.4119,2026-03-12T07:10:44
CONT-D68F56EB,SESS-2E1CFD7F,Order Status,0.847,Self-Service,0,0,0,Retail,IVR,32,0.3981,2026-04-01T17:47:38
CONT-811831CF,SESS-8DCBBB06,Account Management,0.5973,Escalation,0,0,0,Retail,Web,81,0.3113,2026-03-24T17:38:48
CONT-58211FE9,SESS-7668345D,Order Status,1.0,Free Text,0,0,0,Financial Services,IVR,95,0.4748,2026-03-22T19:37:58
CONT-3A223E82,SESS-16C81717,Account Management,0.5317,Escalation,0,0,0,Retail,Mobile App,22,0.2389,2026-03-29T02:42:46
CONT-1EF19EBF,SESS-A7B86F74,Subscription Management,0.9407,Escalation,0,0,0,Financial Services,Kiosk,60,0.4499,2026-04-04T21:46:33
CONT-D9E83C48,SESS-08F1959E,Loyalty Program,0.4544,FAQ,0,0,0,Travel,Web,33,0.2146,2026-03-18T07:07:44
CONT-EF9ECED8,SESS-F4E8610F,General Inquiry,0.7854,FAQ,0,0,0,Healthcare,Partner API,35,0.3572,2026-03-23T23:35:42
CONT-4A2FA379,SESS-E1A6C8C1,Password Reset,0.5432,FAQ,1,0,0,Healthcare,IVR,48,0.6056,2026-03-12T15:37:17
CONT-3108391A,SESS-D0E0BF28,Subscription Management,0.7141,FAQ,0,0,0,Travel,Partner API,137,0.3595,2026-03-16T06:22:40
CONT-A7661A74,SESS-32167AE6,Loyalty Program,0.8263,FAQ,0,0,0,Travel,Partner API,21,0.383,2026-03-19T17:04:46
CONT-57D6F84D,SESS-DF3E81F3,General Inquiry,0.7626,Guided Flow,0,0,0,Travel,Kiosk,307,0.4194,2026-04-01T01:07:39
CONT-BB626213,SESS-48B8991C,Order Status,0.8968,Free Text,0,0,1,Travel,Partner API,191,0.3102,2026-04-04T18:46:53
CONT-2441F989,SESS-8D970588,Billing Inquiry,0.9865,Guided Flow,0,0,0,Financial Services,Mobile App,123,0.5096,2026-03-31T04:54:23
CONT-F29E8B17,SESS-42F62023,Subscription Management,0.6106,Self-Service,0,0,1,Retail,Web,111,0.1784,2026-03-12T23:07:11
CONT-29FCBE80,SESS-039FA06E,Subscription Management,0.6451,Free Text,0,0,0,Retail,Mobile App,56,0.3312,2026-03-15T03:29:25
CONT-451DFA78,SESS-81E0943B,Loyalty Program,0.7024,FAQ,1,0,0,Retail,Web,48,0.622,2026-03-26T16:51:54
CONT-A85B6F34,SESS-56B5D011,Returns & Refunds,0.7275,Free Text,0,0,0,Healthcare,Kiosk,186,0.388,2026-04-02T06:12:32
CONT-A2E5EB7A,SESS-6686B5BD,Loyalty Program,0.5138,FAQ,0,0,0,Travel,Partner API,14,0.2284,2026-03-18T00:09:12
CONT-AB84AC91,SESS-3D36E380,Billing Inquiry,0.5617,FAQ,0,0,0,Retail,IVR,89,0.2312,2026-03-17T07:15:17
CONT-91FAF57B,SESS-9AA7A328,General Inquiry,0.985,Handoff,0,0,0,Technology,Mobile App,17,0.4631,2026-03-17T01:29:42
CONT-22CECDCE,SESS-6C29B6FA,Subscription Management,0.4967,Handoff,0,0,0,Technology,Partner API,173,0.2839,2026-04-03T21:58:49
CONT-AED0D896,SESS-CBDD5C9E,Billing Inquiry,0.6775,Handoff,0,0,0,Retail,IVR,350,0.3741,2026-03-12T21:55:01
CONT-290FF715,SESS-20169B49,Password Reset,0.6522,Guided Flow,0,0,0,Healthcare,Web,46,0.2959,2026-03-22T16:47:58
CONT-C7FA579B,SESS-DC2CBBDC,General Inquiry,0.6731,Escalation,0,0,0,Financial Services,Kiosk,24,0.3839,2026-03-19T09:01:43
CONT-2230A710,SESS-894A2896,General Inquiry,0.5479,FAQ,0,0,0,Technology,IVR,30,0.275,2026-03-11T13:00:51
CONT-E728D747,SESS-B52ED5A5,General Inquiry,0.6749,FAQ,0,0,0,Technology,IVR,61,0.3091,2026-03-31T12:48:30
CONT-8300A264,SESS-DD6BDD8B,Billing Inquiry,0.6098,Escalation,0,0,1,Travel,Kiosk,110,0.1521,2026-03-21T10:41:17
CONT-2B4B144A,SESS-39E2A4B5,Returns & Refunds,0.9043,Free Text,0,0,0,Retail,Partner API,73,0.436,2026-03-21T22:25:44
CONT-5B721347,SESS-17FEA7F4,Account Management,0.8759,FAQ,1,0,0,Retail,Web,20,0.7093,2026-04-04T23:57:30
CONT-76BBD915,SESS-05A85C29,Order Status,0.5357,Escalation,0,0,0,Travel,Partner API,35,0.2963,2026-03-15T05:37:37
CONT-07DBA960,SESS-37C7C3CE,Technical Troubleshooting,0.3911,Self-Service,0,0,1,Financial Services,IVR,272,0.0003,2026-03-30T08:58:44
CONT-B13DD92A,SESS-CAB7F994,Order Status,0.8122,FAQ,0,0,0,Technology,Mobile App,15,0.4206,2026-03-21T15:07:07
CONT-7EBD2416,SESS-CE67C559,General Inquiry,0.7199,Handoff,0,1,0,Technology,Kiosk,159,0.114,2026-04-04T09:21:40
CONT-D3F0C5F5,SESS-1A00A75B,Technical Troubleshooting,0.4584,FAQ,0,0,1,Retail,Web,146,0.0845,2026-04-05T08:59:36
CONT-9A73CD5C,SESS-58BC37B1,Order Status,0.7438,Escalation,0,0,1,Travel,Mobile App,332,0.2532,2026-03-17T02:02:38
CONT-55BA21AD,SESS-0C3FFBB8,Password Reset,0.2715,Self-Service,0,1,0,Healthcare,IVR,88,0.0,2026-03-15T05:04:49
CONT-1D2D7AB8,SESS-40CF4FD1,Billing Inquiry,0.7988,Handoff,0,0,1,Financial Services,Partner API,201,0.2959,2026-03-11T22:42:32
CONT-9E76118B,SESS-09572D32,Billing Inquiry,0.6535,Handoff,0,0,0,Travel,IVR,60,0.2781,2026-03-24T17:09:34
CONT-F5DAA93D,SESS-A449112A,Password Reset,0.722,Handoff,0,0,0,Travel,Mobile App,58,0.3357,2026-03-08T15:08:04
CONT-5DBA3F91,SESS-A13410BD,Account Management,0.4076,Handoff,0,0,0,Technology,IVR,13,0.2423,2026-03-16T08:38:42
CONT-68ECDA8A,SESS-0DD4628A,Account Management,0.851,Self-Service,0,0,0,Travel,IVR,25,0.4303,2026-03-16T01:00:14
CONT-2BB79C40,SESS-AD634F88,Billing Inquiry,0.6805,Escalation,0,0,0,Travel,Web,19,0.3901,2026-03-13T08:44:56
CONT-46A93115,SESS-4DF12002,Product Support,0.3649,Handoff,0,0,1,Healthcare,Kiosk,152,0.0018,2026-03-22T02:43:16
CONT-E029E52D,SESS-C9B7B4FC,Loyalty Program,0.3789,Free Text,1,0,0,Travel,Partner API,301,0.4799,2026-03-26T00:26:55
CONT-FC487FCE,SESS-D21070B4,Account Management,1.0,Guided Flow,0,0,0,Technology,Partner API,169,0.5058,2026-03-11T06:43:14
CONT-FCE6F04A,SESS-B1A6E25F,Order Status,1.0,Escalation,0,0,0,Technology,Web,94,0.4719,2026-03-12T03:53:32
CONT-A85B6F34,SESS-37E5050A,Loyalty Program,0.8283,Self-Service,0,0,0,Retail,Partner API,88,0.411,2026-03-13T19:14:09
CONT-CCEC9FC2,SESS-12B5D63C,Returns & Refunds,0.7632,Guided Flow,0,0,0,Retail,Web,21,0.394,2026-03-11T21:24:41
CONT-377FB47C,SESS-3ED13536,Account Management,1.0,Handoff,0,0,0,Travel,IVR,25,0.511,2026-03-20T03:58:07
CONT-DE0152C3,SESS-7358CB23,Technical Troubleshooting,0.4241,Handoff,1,0,0,Financial Services,Web,46,0.5164,2026-03-10T10:21:47
CONT-888F6ABC,SESS-3AEE70DC,Billing Inquiry,0.5789,Self-Service,0,0,0,Financial Services,Web,492,0.3161,2026-03-15T11:20:20
CONT-34F966AB,SESS-81F5878E,Technical Troubleshooting,0.6543,Escalation,1,0,0,Healthcare,Partner API,32,0.6172,2026-04-04T03:45:26
CONT-60197F74,SESS-6384C6EC,Product Support,0.6129,Guided Flow,0,0,0,Technology,IVR,195,0.2995,2026-03-24T11:13:35
CONT-9A746656,SESS-C39480DD,Product Support,0.5594,Free Text,0,0,0,Financial Services,Mobile App,206,0.269,2026-03-27T06:25:23
CONT-82CAC391,SESS-5B3AF07D,Password Reset,0.5297,Self-Service,0,0,0,Travel,Kiosk,41,0.2829,2026-03-26T00:25:28
CONT-53887138,SESS-7A130BEF,Order Status,0.8825,FAQ,0,0,0,Retail,IVR,43,0.4362,2026-04-05T02:00:25
CONT-8A79340B,SESS-06433A8A,Loyalty Program,0.8119,Escalation,0,0,0,Retail,Partner API,19,0.4163,2026-03-14T07:19:03
CONT-BF7D4E25,SESS-19734E4F,Returns & Refunds,0.6446,Self-Service,1,0,0,Travel,Mobile App,180,0.6401,2026-03-31T01:14:41
CONT-2651F37D,SESS-50714BC9,General Inquiry,0.6439,Self-Service,0,0,0,Retail,Web,41,0.292,2026-03-26T00:16:19
CONT-7CB632FC,SESS-70527225,Product Support,0.6422,FAQ,0,0,0,Retail,IVR,90,0.3467,2026-04-01T09:48:13
CONT-8096E8CF,SESS-945DA0E8,Technical Troubleshooting,0.7458,Guided Flow,0,0,0,Healthcare,Kiosk,74,0.3957,2026-04-04T21:22:24
CONT-6B316998,SESS-E3590F96,Subscription Management,0.7764,FAQ,0,0,0,Retail,Mobile App,86,0.4189,2026-03-11T12:56:00
CONT-2902527E,SESS-462DED4F,Password Reset,0.538,Self-Service,0,0,0,Financial Services,Partner API,95,0.2507,2026-04-01T11:24:02
CONT-DDE2193A,SESS-F5494AC8,Returns & Refunds,0.4235,Free Text,0,0,0,Healthcare,IVR,129,0.1988,2026-03-19T04:00:40
CONT-D066832E,SESS-1F1C0F0D,Subscription Management,0.8068,Self-Service,0,0,1,Financial Services,Partner API,165,0.256,2026-03-10T09:50:38
CONT-814A2044,SESS-01DAE66B,Subscription Management,0.7286,Guided Flow,0,0,0,Travel,IVR,47,0.3343,2026-03-31T12:09:20
CONT-A283878C,SESS-37A39F22,Technical Troubleshooting,0.5893,Free Text,0,0,0,Travel,Web,88,0.261,2026-03-24T14:41:43
CONT-568FCD31,SESS-68D24AE5,Product Support,0.6611,Guided Flow,0,0,1,Travel,Mobile App,67,0.2117,2026-04-05T11:28:09
CONT-9A39709D,SESS-56EF7121,Loyalty Program,0.6814,Self-Service,0,0,0,Healthcare,Partner API,82,0.3641,2026-03-29T10:05:23
CONT-BF6DB542,SESS-0EBFFA53,Billing Inquiry,0.6636,Guided Flow,1,0,0,Financial Services,IVR,58,0.6351,2026-03-29T16:19:02
CONT-377FB47C,SESS-EE1EA15F,Returns & Refunds,0.8069,Free Text,0,0,0,Technology,Web,148,0.3641,2026-03-26T00:27:19
CONT-557C92A0,SESS-12D49DB7,Account Management,0.9001,Free Text,0,0,0,Travel,Web,161,0.4277,2026-03-23T14:15:37
CONT-23E7A094,SESS-DA62EA2C,Loyalty Program,0.8769,Handoff,0,0,0,Financial Services,IVR,23,0.4488,2026-03-21T19:47:58
CONT-C17EE89E,SESS-80A3CB32,General Inquiry,0.732,Self-Service,0,0,0,Financial Services,IVR,154,0.3477,2026-03-08T18:03:44
CONT-3A599437,SESS-4472C68E,Password Reset,0.3414,Guided Flow,0,0,0,Financial Services,Mobile App,68,0.2016,2026-03-09T10:38:05
CONT-509C9E2D,SESS-6C8E563F,Billing Inquiry,0.4251,Guided Flow,0,0,1,Financial Services,IVR,358,0.0658,2026-03-22T13:35:38
CONT-BEA48FC1,SESS-D3D292CD,Loyalty Program,0.7287,FAQ,0,0,1,Travel,Web,137,0.1789,2026-03-12T02:50:30
CONT-66D637F7,SESS-3557C8C9,Loyalty Program,0.6646,Self-Service,0,0,0,Technology,Web,47,0.2869,2026-03-08T14:23:42
CONT-5A02A804,SESS-6E8719DF,Product Support,0.4382,Guided Flow,0,0,0,Travel,Mobile App,49,0.2045,2026-03-11T07:43:11
CONT-CB350B8D,SESS-38469650,General Inquiry,0.7619,Escalation,1,0,0,Retail,Mobile App,32,0.7255,2026-03-24T19:28:56
CONT-1324F705,SESS-EF7CDE6F,Technical Troubleshooting,0.8727,FAQ,0,0,0,Healthcare,Kiosk,179,0.3904,2026-03-19T19:08:06
CONT-CFA13D92,SESS-5BA76029,Order Status,0.5466,Guided Flow,0,0,0,Technology,Partner API,132,0.3009,2026-04-02T04:10:13
CONT-E056A6FF,SESS-BEEAF0AB,Returns & Refunds,0.4984,FAQ,0,0,0,Financial Services,Web,86,0.2687,2026-03-19T19:18:25
CONT-092E2D65,SESS-28AA20C9,Account Management,1.0,Handoff,0,0,0,Travel,Partner API,100,0.456,2026-03-12T09:10:30
CONT-0C841679,SESS-BC46FA6D,Loyalty Program,0.618,Handoff,0,0,1,Retail,Web,302,0.1927,2026-03-26T15:46:41
CONT-805FF2F7,SESS-147E2F41,Password Reset,0.6919,Guided Flow,0,0,0,Healthcare,Mobile App,98,0.3087,2026-03-28T10:33:46
CONT-5D729219,SESS-E97C299C,Product Support,0.303,Self-Service,0,0,0,Healthcare,Partner API,117,0.1544,2026-03-28T18:20:53
CONT-7D606328,SESS-F6BDE850,Billing Inquiry,0.5286,Handoff,0,0,0,Retail,Mobile App,35,0.2725,2026-03-13T01:09:05
CONT-23E7A094,SESS-4E79CA5D,Account Management,0.6637,Guided Flow,0,0,0,Travel,Kiosk,55,0.3031,2026-03-12T14:37:21
CONT-CA103FC1,SESS-0CDC2FE9,Subscription Management,0.7837,Escalation,0,0,0,Healthcare,Partner API,103,0.3494,2026-03-29T17:51:49
CONT-43FA4E7C,SESS-B92C4C00,Product Support,0.7668,Free Text,1,0,0,Travel,Web,300,0.7179,2026-03-09T16:21:57
CONT-C73A492D,SESS-E26C990F,Account Management,0.2843,FAQ,0,0,0,Retail,Web,116,0.1079,2026-03-16T00:49:57
CONT-F965BA7B,SESS-C7CD1076,Order Status,0.5284,Escalation,0,0,0,Financial Services,Web,61,0.2187,2026-03-21T19:37:34
CONT-80B42FD3,SESS-64FF82AB,Order Status,0.6486,Handoff,0,0,0,Healthcare,Kiosk,80,0.3037,2026-04-04T13:32:34
CONT-9410939C,SESS-4DCAEFAE,Technical Troubleshooting,0.6322,Self-Service,0,0,1,Retail,Partner API,402,0.1996,2026-03-17T03:07:00
CONT-4D2BE78B,SESS-04F75078,Order Status,0.5892,Escalation,0,0,0,Travel,Kiosk,57,0.2756,2026-03-13T22:08:22
CONT-E21B12AA,SESS-1BA71997,General Inquiry,0.7507,Free Text,0,0,0,Financial Services,Web,47,0.3898,2026-03-21T15:26:36
CONT-8A24BB99,SESS-41660530,Loyalty Program,0.6292,Free Text,1,0,0,Travel,Partner API,67,0.6056,2026-03-28T05:38:03
CONT-0B55AC6E,SESS-3A7E0612,Account Management,0.7552,Handoff,1,0,0,Financial Services,Kiosk,26,0.677,2026-03-18T15:36:44
CONT-CDF31E79,SESS-65F637A3,General Inquiry,0.5569,Free Text,0,0,0,Retail,IVR,110,0.2825,2026-04-04T10:55:21
CONT-2EE84C76,SESS-31B1EFF0,Product Support,0.7414,Guided Flow,0,0,1,Technology,Kiosk,1610,0.2233,2026-03-11T04:37:31
CONT-3394E0EB,SESS-669E0EE8,Subscription Management,0.9659,FAQ,0,0,0,Retail,Partner API,55,0.4696,2026-03-07T05:52:04
CONT-3DED481E,SESS-D19498DF,Password Reset,0.8561,Self-Service,0,0,0,Financial Services,IVR,59,0.3883,2026-03-20T17:36:43
CONT-B005EB7D,SESS-BA264AB6,Returns & Refunds,0.6847,Self-Service,0,0,0,Financial Services,Web,40,0.3472,2026-03-29T01:02:39
CONT-B642CDE8,SESS-94200025,Returns & Refunds,0.9171,FAQ,0,0,0,Healthcare,Web,48,0.4719,2026-03-19T17:33:13
CONT-779F6953,SESS-FB65543D,General Inquiry,0.6903,Escalation,0,0,1,Retail,Partner API,193,0.1648,2026-04-02T11:44:10
CONT-00B16408,SESS-F38882D5,Billing Inquiry,0.4347,Self-Service,0,0,0,Retail,Partner API,13,0.2328,2026-04-02T13:04:18
CONT-A4AB0465,SESS-62EFCB50,Order Status,0.3693,Guided Flow,0,0,1,Travel,Kiosk,290,0.0618,2026-03-15T14:35:03
CONT-B047506C,SESS-E2F5A49A,Order Status,0.837,FAQ,0,0,0,Technology,Partner API,169,0.3946,2026-03-14T21:33:57
CONT-1BC359F6,SESS-ACF8734C,Account Management,0.5387,Escalation,0,0,0,Financial Services,Partner API,96,0.2325,2026-04-01T14:20:13
CONT-358792FA,SESS-3AECF55A,Product Support,0.642,Escalation,0,0,0,Healthcare,Mobile App,68,0.3697,2026-03-29T06:04:53
CONT-5412213B,SESS-640BFF24,Product Support,0.7163,Guided Flow,0,0,0,Travel,Mobile App,90,0.3365,2026-03-24T00:46:43
CONT-4564D6AF,SESS-C6363349,Returns & Refunds,0.775,Escalation,0,0,1,Financial Services,IVR,333,0.2179,2026-04-01T19:00:25
CONT-39A9ED2B,SESS-7F636AE3,Billing Inquiry,0.6123,Guided Flow,0,0,0,Retail,Mobile App,148,0.2622,2026-03-25T10:50:51
CONT-A296382C,SESS-6EF6237B,Order Status,0.4732,Self-Service,0,0,0,Retail,Mobile App,88,0.2586,2026-03-21T21:19:04
CONT-2A680DFC,SESS-3D2BA5E0,Billing Inquiry,0.5587,FAQ,0,0,0,Technology,Kiosk,19,0.2605,2026-03-22T03:32:58
CONT-DBDE7423,SESS-83F53939,Product Support,0.7027,Self-Service,0,0,0,Technology,Web,41,0.3525,2026-03-27T01:23:04
CONT-BE9F79D2,SESS-3797A739,General Inquiry,0.6792,Handoff,0,0,0,Technology,Partner API,141,0.3665,2026-03-15T01:00:08
CONT-9E6F276A,SESS-7381508A,Account Management,0.6887,Escalation,0,1,0,Retail,Partner API,10,0.1837,2026-03-15T00:01:20
CONT-A17D4BF7,SESS-2BCADAB7,Loyalty Program,0.2855,FAQ,0,0,1,Healthcare,Kiosk,205,0.0,2026-03-23T04:37:00
CONT-A296382C,SESS-3568C66A,Subscription Management,0.777,Self-Service,0,0,0,Technology,Partner API,37,0.3907,2026-03-27T23:24:12
CONT-7BF03133,SESS-45180030,General Inquiry,0.5553,Handoff,0,0,1,Financial Services,Mobile App,149,0.1726,2026-03-31T00:46:37
CONT-E8046C22,SESS-7EFDCE1A,Returns & Refunds,0.7863,Free Text,0,0,0,Healthcare,Mobile App,129,0.4365,2026-03-23T10:28:32
CONT-E6744495,SESS-1EC31588,Subscription Management,0.2373,Handoff,0,0,1,Retail,Web,145,0.0,2026-03-15T08:55:22
CONT-0A070F8F,SESS-BE8588FA,Order Status,0.757,FAQ,0,0,0,Healthcare,Kiosk,336,0.4077,2026-03-19T16:43:09
CONT-7D8B418F,SESS-01DC7AD4,Loyalty Program,0.555,Self-Service,0,0,0,Healthcare,Partner API,72,0.2971,2026-03-27T14:20:28
CONT-36DD64DB,SESS-B0272E84,Order Status,0.6236,Handoff,0,0,0,Technology,Web,24,0.2918,2026-03-15T01:09:24
CONT-5E8A7037,SESS-0BFFE5E2,Account Management,0.4976,Guided Flow,0,0,0,Technology,Mobile App,74,0.2548,2026-03-31T15:27:11
CONT-C8F231CA,SESS-62B05C1A,Order Status,0.709,Free Text,1,0,0,Technology,Web,24,0.6131,2026-03-14T16:02:55
CONT-66C53610,SESS-B0FBE7AD,Loyalty Program,0.7032,Guided Flow,0,0,0,Financial Services,IVR,69,0.3665,2026-03-29T10:59:09
CONT-AF2A87B3,SESS-8DB659BD,General Inquiry,0.3966,Handoff,0,0,1,Travel,Mobile App,66,0.0618,2026-03-26T22:33:11
CONT-6DC6A2B5,SESS-11886EEC,Loyalty Program,0.5041,Guided Flow,0,0,0,Financial Services,IVR,221,0.2108,2026-03-19T20:32:06
CONT-5A09B2AA,SESS-22DCD54B,Billing Inquiry,0.6119,Guided Flow,0,0,0,Healthcare,Web,25,0.2635,2026-03-29T06:16:54
CONT-69C669DE,SESS-5D5A1067,Technical Troubleshooting,1.0,Handoff,0,0,0,Technology,IVR,60,0.5492,2026-03-31T14:28:08
CONT-FDB7ADE1,SESS-D0FD26C1,Returns & Refunds,0.6108,Handoff,0,0,0,Financial Services,Mobile App,102,0.2821,2026-03-12T03:33:28
CONT-85824369,SESS-D8DCE32F,Loyalty Program,0.6748,Guided Flow,0,0,0,Retail,Kiosk,136,0.3092,2026-03-25T03:28:23
CONT-066E5ADB,SESS-0CD4A7F7,Subscription Management,0.6565,Escalation,0,0,0,Healthcare,IVR,258,0.3327,2026-03-27T16:17:34
CONT-6B737A83,SESS-6AC99F2D,Loyalty Program,0.7518,Guided Flow,0,0,1,Travel,Partner API,334,0.2067,2026-03-20T09:03:30
CONT-8CFA7E81,SESS-D8FE58A4,Billing Inquiry,0.5375,Escalation,0,0,0,Healthcare,Web,220,0.295,2026-03-08T21:53:44
CONT-E26AAE49,SESS-98BFD5D4,Password Reset,0.6084,Escalation,0,0,0,Financial Services,Kiosk,149,0.2576,2026-04-03T07:59:15
CONT-B1FF2458,SESS-356B7115,Returns & Refunds,0.9575,Handoff,0,0,0,Technology,IVR,41,0.5253,2026-04-04T14:44:52
CONT-FABB31CF,SESS-558EA9DB,Returns & Refunds,0.6481,Self-Service,0,0,0,Financial Services,Kiosk,128,0.3215,2026-04-03T15:34:41
CONT-775005A3,SESS-3AB28ED8,Order Status,0.6883,Handoff,0,0,1,Retail,Kiosk,378,0.1996,2026-03-09T03:04:10
CONT-FB275D38,SESS-157DC485,Order Status,0.5373,Handoff,0,0,0,Travel,IVR,180,0.2794,2026-03-15T00:21:13
CONT-1BB7DD1D,SESS-3148F3DE,Loyalty Program,1.0,Self-Service,0,0,0,Retail,Mobile App,109,0.495,2026-03-18T13:39:41
CONT-221FC9DD,SESS-D25A8625,Billing Inquiry,0.7024,Handoff,0,0,0,Healthcare,IVR,28,0.3266,2026-03-25T03:53:13
CONT-231C25D9,SESS-FBE4B1F2,Technical Troubleshooting,0.6128,Self-Service,0,0,0,Financial Services,Kiosk,53,0.3267,2026-03-08T20:44:43
CONT-CA98BAAD,SESS-D1C67E5A,Billing Inquiry,0.6452,Guided Flow,0,0,1,Financial Services,Mobile App,920,0.2115,2026-03-21T09:33:41
CONT-1F8793F8,SESS-160BDFF1,Password Reset,0.4878,Escalation,0,1,1,Financial Services,Kiosk,271,0.0,2026-03-07T06:19:06
CONT-B1CF1E0D,SESS-89377777,Returns & Refunds,0.8231,Self-Service,0,0,0,Travel,Web,67,0.3691,2026-03-13T18:31:02
CONT-B945286C,SESS-E696C4B4,Loyalty Program,0.6402,Free Text,1,0,0,Technology,Web,150,0.5823,2026-04-02T12:43:16
CONT-1295C610,SESS-47A92A8F,General Inquiry,0.686,Handoff,0,0,1,Retail,Partner API,209,0.1999,2026-03-21T02:34:26
CONT-C82BBCBB,SESS-93A3D6BC,Product Support,0.6902,Guided Flow,0,0,0,Healthcare,IVR,56,0.391,2026-03-18T03:03:49
CONT-58F78F26,SESS-E95FFFAB,Returns & Refunds,0.5689,Free Text,0,0,0,Retail,Web,80,0.334,2026-03-22T11:04:21
CONT-38D5D4B3,SESS-E95D1CAE,Subscription Management,0.4448,Handoff,0,0,0,Travel,Kiosk,105,0.2126,2026-03-07T15:07:44
CONT-349711DC,SESS-DE274AEB,Password Reset,0.463,Handoff,0,0,1,Travel,Mobile App,409,0.037,2026-03-26T00:27:27
CONT-055D60FE,SESS-957823A5,Password Reset,0.6081,Free Text,1,0,0,Travel,Mobile App,57,0.6239,2026-03-26T17:33:15
CONT-D412112D,SESS-C565D46D,Billing Inquiry,0.8985,Handoff,0,0,1,Technology,Mobile App,91,0.255,2026-03-08T13:20:46
CONT-C8A4A595,SESS-C31A93CA,Billing Inquiry,0.7231,Free Text,0,0,0,Technology,Partner API,81,0.3347,2026-03-07T21:21:23
CONT-E231C98C,SESS-7CB3A808,Loyalty Program,0.8852,FAQ,0,1,0,Retail,Web,50,0.194,2026-03-13T10:53:57
CONT-30F4242A,SESS-91E75A22,Account Management,0.5872,Guided Flow,0,0,0,Technology,IVR,130,0.2791,2026-03-27T01:52:06
CONT-D4B17345,SESS-FF45C438,Subscription Management,0.9926,Free Text,0,0,1,Retail,Web,146,0.3562,2026-04-05T10:03:43
CONT-D72CB971,SESS-9687BBA5,Password Reset,0.8534,Handoff,0,0,0,Travel,Mobile App,55,0.4456,2026-03-11T21:25:39
CONT-C41FF59A,SESS-EE452131,Subscription Management,0.6222,FAQ,0,0,0,Retail,Partner API,43,0.3482,2026-03-28T10:14:12
CONT-2819ABC4,SESS-F9F56F10,General Inquiry,0.6132,Guided Flow,0,0,0,Technology,Kiosk,147,0.3074,2026-03-08T10:37:16
CONT-B621F2EE,SESS-0EE1CFF2,Password Reset,0.8599,Free Text,0,0,1,Technology,Web,199,0.2494,2026-03-19T18:10:54
CONT-81834572,SESS-8C66A00D,Account Management,1.0,Free Text,0,0,0,Financial Services,Mobile App,30,0.5384,2026-03-28T16:56:12
CONT-F8EF4966,SESS-1356B650,General Inquiry,0.6726,Free Text,0,0,0,Travel,Mobile App,64,0.3158,2026-03-19T08:56:57
CONT-767EA564,SESS-4C979B07,Billing Inquiry,0.2705,Escalation,0,0,0,Retail,Mobile App,261,0.1763,2026-03-28T12:00:18
CONT-290A254F,SESS-599CC2CD,Password Reset,0.4946,Self-Service,1,0,0,Retail,Web,125,0.5552,2026-03-24T05:00:53
CONT-E3C15B5D,SESS-D4286A9B,Billing Inquiry,0.9328,Handoff,1,0,0,Travel,Partner API,113,0.7646,2026-03-24T02:57:20
CONT-28F9074D,SESS-39EB4A6D,Billing Inquiry,0.7468,FAQ,0,0,0,Travel,IVR,24,0.3556,2026-04-03T18:41:42
CONT-A4E40E99,SESS-55BBCECB,Loyalty Program,0.8647,Self-Service,0,0,0,Travel,Partner API,256,0.4136,2026-04-01T21:54:42
CONT-9DD1796F,SESS-864B63E8,Password Reset,0.6292,Self-Service,0,0,0,Travel,Partner API,114,0.3062,2026-03-27T14:41:55
CONT-1119F427,SESS-E0795195,Order Status,0.6674,Handoff,0,0,0,Technology,Partner API,171,0.2948,2026-03-17T14:27:18
CONT-CD867C32,SESS-0523D600,Loyalty Program,0.71,Escalation,0,0,0,Travel,Kiosk,119,0.3747,2026-04-01T08:08:24
CONT-7D606328,SESS-0DA440C8,Account Management,0.7089,Free Text,0,0,0,Financial Services,Mobile App,36,0.3639,2026-04-01T22:30:55
CONT-21B0BE0E,SESS-E47CA3F9,Returns & Refunds,0.8683,Handoff,0,0,0,Financial Services,Mobile App,17,0.3848,2026-03-11T20:19:57
CONT-42BDEFC9,SESS-F3C23AF1,Order Status,1.0,Self-Service,0,0,0,Financial Services,Web,24,0.5431,2026-03-25T22:43:43
CONT-C898BE3E,SESS-1A96E309,Billing Inquiry,0.7398,Free Text,0,0,1,Healthcare,Mobile App,245,0.2342,2026-04-03T00:28:54
CONT-F79D9A69,SESS-74A6EAC2,Account Management,0.7203,Guided Flow,0,0,0,Travel,Kiosk,30,0.3548,2026-03-25T00:09:20
CONT-5A79242C,SESS-6FA91745,Technical Troubleshooting,0.8211,Guided Flow,0,0,0,Travel,IVR,87,0.3724,2026-04-02T22:27:32
CONT-632BF8E1,SESS-67DAAC6A,Account Management,0.8395,Handoff,0,0,0,Healthcare,Web,24,0.4574,2026-03-29T19:51:56
CONT-36B48445,SESS-755CE93B,Billing Inquiry,0.7311,FAQ,0,0,0,Travel,Mobile App,46,0.3361,2026-03-24T03:39:39
CONT-5EAD59F6,SESS-6007A8E0,Billing Inquiry,0.7793,Escalation,0,0,0,Technology,Web,29,0.3855,2026-03-18T04:05:14
CONT-71068E2F,SESS-2D163D12,Technical Troubleshooting,0.6178,Escalation,1,0,0,Technology,Web,11,0.6221,2026-04-03T01:33:31
CONT-EE58A101,SESS-58E5E27E,Password Reset,0.3988,Self-Service,0,0,0,Financial Services,Mobile App,95,0.241,2026-04-04T07:56:23
CONT-E21AF06A,SESS-307A7D6F,Password Reset,0.7529,Guided Flow,0,0,0,Travel,IVR,149,0.3372,2026-04-05T06:01:51
CONT-09979186,SESS-991696C4,Product Support,0.4678,Handoff,0,0,0,Retail,Partner API,41,0.2097,2026-04-05T23:57:12
CONT-112DF6B2,SESS-6A28DD5F,Returns & Refunds,0.483,Self-Service,0,0,0,Financial Services,Kiosk,115,0.2227,2026-04-01T18:11:45
CONT-C01A3745,SESS-2355FA4D,Order Status,0.6038,Handoff,0,0,1,Technology,IVR,154,0.1637,2026-03-21T14:24:05
CONT-558B1A7C,SESS-D6D8022B,Loyalty Program,0.4577,Escalation,0,0,0,Healthcare,Web,13,0.1807,2026-03-18T07:04:31
CONT-2F0A44F8,SESS-1748D3DA,Order Status,0.7554,Free Text,0,0,0,Technology,Kiosk,65,0.4183,2026-03-28T08:41:30
CONT-7925BC14,SESS-16494FC4,Returns & Refunds,0.9343,Handoff,0,0,0,Travel,Kiosk,145,0.4299,2026-03-21T21:58:48
CONT-0EBD5A52,SESS-6D2A9031,Subscription Management,0.7258,Guided Flow,0,0,1,Retail,Web,67,0.2479,2026-03-07T19:25:54
CONT-6D5E9281,SESS-7DB4808A,Account Management,0.7552,Free Text,0,0,0,Healthcare,Partner API,33,0.3346,2026-03-21T19:20:24
CONT-C88D5FCA,SESS-49AAF2E7,Password Reset,0.3151,FAQ,0,0,1,Healthcare,IVR,99,0.0025,2026-03-14T08:35:20
CONT-D6E98A00,SESS-3790A8A8,Subscription Management,0.5634,Self-Service,0,0,0,Healthcare,Partner API,98,0.2565,2026-03-13T18:11:04
CONT-E02C4B0C,SESS-C486C765,Order Status,0.846,Free Text,0,0,1,Retail,Web,122,0.2342,2026-03-08T14:31:07
CONT-1DFA5460,SESS-8973C4C0,Order Status,0.6707,Free Text,0,0,0,Financial Services,Mobile App,69,0.3573,2026-04-01T19:52:05
CONT-F4DB1F10,SESS-E287B5F0,Technical Troubleshooting,0.6109,Self-Service,0,0,0,Retail,Web,156,0.3536,2026-03-14T16:50:38
CONT-CFF51542,SESS-A8C8196E,Order Status,0.6114,Free Text,0,0,0,Financial Services,Partner API,22,0.3012,2026-03-13T10:35:08
CONT-5F7B0A8E,SESS-29173BF7,Account Management,0.7436,Guided Flow,0,0,0,Technology,IVR,126,0.3474,2026-03-21T19:09:12
CONT-54BA6C5D,SESS-AD33E187,Loyalty Program,0.7072,Handoff,0,0,0,Technology,Partner API,119,0.3094,2026-03-18T15:31:39
CONT-AB9A5CB3,SESS-A60FF055,Password Reset,0.8603,Handoff,1,0,0,Technology,Mobile App,70,0.7331,2026-03-14T13:45:23
CONT-1D52E390,SESS-64F2AC9A,Product Support,0.6279,Handoff,0,0,1,Financial Services,IVR,59,0.1565,2026-03-29T17:31:18
CONT-2B7E1071,SESS-B4C7E376,Order Status,0.9102,Guided Flow,0,0,1,Retail,Kiosk,206,0.3482,2026-03-16T10:26:48
CONT-CD867C32,SESS-0A2E56A6,General Inquiry,0.4136,Free Text,0,0,0,Financial Services,Partner API,197,0.21,2026-03-24T17:39:14
CONT-CCEC9FC2,SESS-02DB7A94,Loyalty Program,0.7974,Free Text,0,0,0,Retail,Web,50,0.3566,2026-03-15T04:13:14
CONT-AF6CDA6F,SESS-3DE65E72,Product Support,0.9196,Escalation,0,0,0,Retail,Web,150,0.415,2026-03-27T15:30:33
CONT-ED19B2E4,SESS-975027D4,Product Support,0.6584,FAQ,0,0,0,Technology,Partner API,75,0.2965,2026-03-08T22:34:09
CONT-3A223E82,SESS-DD0482F2,Returns & Refunds,0.4968,Free Text,0,0,0,Financial Services,Kiosk,144,0.2911,2026-03-13T07:04:28
CONT-9DD353F4,SESS-9ECD1FB3,Account Management,0.9094,FAQ,1,0,0,Technology,Web,184,0.8,2026-04-02T18:42:47
CONT-E04AC1D9,SESS-0AF25642,Subscription Management,0.6053,FAQ,0,0,0,Healthcare,Kiosk,65,0.2816,2026-03-27T06:33:56
CONT-8E2C9B21,SESS-7AC9961C,Technical Troubleshooting,0.5993,Self-Service,0,0,0,Retail,Kiosk,32,0.3398,2026-03-28T16:22:31
CONT-EF9ECED8,SESS-20393B1C,Account Management,0.6139,Escalation,0,0,0,Healthcare,Web,8,0.3473,2026-03-08T21:49:05
CONT-CE4A6AD9,SESS-18E4AC1F,General Inquiry,0.7142,Handoff,0,0,0,Retail,Kiosk,116,0.3954,2026-04-04T07:27:26
CONT-B362DB2C,SESS-644BEE86,Password Reset,0.5948,Escalation,0,0,0,Retail,Mobile App,406,0.2982,2026-03-14T01:02:58
CONT-E6E62686,SESS-95E7F62B,Loyalty Program,0.5084,Free Text,0,1,0,Technology,Partner API,20,0.061,2026-03-12T10:28:01
CONT-85583E08,SESS-3BF3F637,Account Management,0.6422,Guided Flow,0,0,0,Travel,Kiosk,70,0.2889,2026-03-15T00:46:25
CONT-D9D5C865,SESS-7BE82596,Account Management,0.8116,Handoff,0,0,0,Financial Services,Mobile App,138,0.389,2026-03-11T13:55:24
CONT-A15678CC,SESS-F7C09BD6,Password Reset,0.675,FAQ,0,0,0,Technology,Partner API,41,0.3332,2026-03-23T14:10:40
CONT-665AF3BE,SESS-73543C26,Product Support,0.8088,Guided Flow,1,0,0,Retail,Kiosk,43,0.6681,2026-03-28T12:34:37
CONT-0E9108FE,SESS-8C3BCBFE,Order Status,0.655,FAQ,0,0,1,Technology,Kiosk,399,0.208,2026-03-07T21:51:08
CONT-8B8DE1B7,SESS-10624614,Order Status,0.838,Escalation,0,0,0,Healthcare,IVR,189,0.3913,2026-03-28T17:58:56
CONT-8DFD980A,SESS-0988BCCD,Loyalty Program,0.8335,FAQ,0,0,0,Financial Services,IVR,45,0.4219,2026-03-20T03:10:04
CONT-F3B61B25,SESS-226B0CC2,Account Management,0.6239,FAQ,0,0,0,Healthcare,IVR,142,0.3147,2026-03-10T10:39:11
CONT-18C2D91E,SESS-6BBED586,Password Reset,0.8409,Escalation,0,0,0,Travel,IVR,54,0.3803,2026-03-27T22:13:14
CONT-2819ABC4,SESS-81F24159,Order Status,0.5467,Escalation,0,0,0,Travel,Mobile App,86,0.3134,2026-03-17T17:48:52
CONT-69C669DE,SESS-6CEDE11A,Returns & Refunds,0.3258,Free Text,0,0,0,Healthcare,IVR,33,0.1908,2026-03-21T02:23:53
CONT-5DA95A95,SESS-9107A98A,Product Support,0.8383,Handoff,1,0,0,Technology,IVR,39,0.7396,2026-03-11T19:33:40
CONT-E8DDC77E,SESS-D5BC5E5C,Password Reset,0.9773,Escalation,0,1,0,Retail,Kiosk,26,0.3139,2026-03-31T00:48:19
CONT-12C6D7A6,SESS-FE0F432F,Subscription Management,0.6531,Handoff,1,0,0,Healthcare,IVR,250,0.6118,2026-03-18T09:43:52
CONT-2B73F667,SESS-13991DF9,Technical Troubleshooting,0.4148,Self-Service,0,0,1,Travel,Web,99,0.0179,2026-03-19T12:46:10
CONT-EF747800,SESS-28B3DFD6,Product Support,0.433,Escalation,0,0,1,Travel,Mobile App,694,0.0834,2026-03-14T09:23:13
CONT-B67CABA8,SESS-D5125B9A,Order Status,0.6951,Handoff,0,0,0,Travel,Kiosk,123,0.3245,2026-03-20T15:00:53
CONT-9B83DB99,SESS-D530F085,Subscription Management,0.4402,Self-Service,0,0,0,Healthcare,Mobile App,15,0.2151,2026-04-05T23:30:50
CONT-B1FF2458,SESS-C81A5F35,Billing Inquiry,0.5572,FAQ,1,0,0,Healthcare,Kiosk,48,0.5961,2026-04-04T18:45:37
CONT-7EC69396,SESS-1A06F52D,Product Support,0.7757,Guided Flow,0,0,0,Travel,IVR,33,0.3509,2026-03-26T05:45:36
CONT-E21B12AA,SESS-5AC1AB52,Technical Troubleshooting,0.542,Free Text,0,0,0,Retail,Mobile App,124,0.2454,2026-03-12T09:53:20
CONT-7EB5AA38,SESS-E878A1D5,Technical Troubleshooting,0.5102,Handoff,0,0,0,Technology,Kiosk,60,0.2588,2026-03-31T02:20:14
CONT-B9F30FD2,SESS-8C3B83E6,Technical Troubleshooting,0.6353,Handoff,0,0,1,Retail,IVR,237,0.1254,2026-04-04T16:06:15
CONT-E7E26ADE,SESS-1238F59E,Billing Inquiry,0.6293,Self-Service,0,0,0,Retail,Mobile App,18,0.2873,2026-03-17T21:25:34
CONT-C5F54BC8,SESS-B438EC03,Account Management,0.9411,Escalation,0,0,0,Retail,Partner API,234,0.4207,2026-03-20T19:29:29
CONT-CCD24B2B,SESS-61D15E72,Loyalty Program,1.0,Guided Flow,0,0,0,Technology,Partner API,157,0.4729,2026-04-03T00:41:10
CONT-CBC77956,SESS-4EC607C3,Subscription Management,0.4534,Self-Service,0,0,0,Financial Services,Mobile App,33,0.2157,2026-04-02T10:04:35
CONT-E85E4D2A,SESS-D3ABD7C8,Technical Troubleshooting,0.6491,Handoff,0,0,0,Retail,Partner API,198,0.3579,2026-03-31T01:33:49
CONT-349711DC,SESS-2BE4E027,Billing Inquiry,0.5766,Handoff,0,0,0,Technology,Kiosk,124,0.3243,2026-03-08T12:41:42
CONT-EF845405,SESS-D757D78A,Returns & Refunds,0.5885,FAQ,0,0,0,Retail,Mobile App,74,0.2891,2026-03-26T21:40:44
CONT-DD42E581,SESS-07DF1136,Loyalty Program,1.0,Handoff,0,0,0,Travel,Kiosk,44,0.4519,2026-03-27T10:04:59
CONT-8CD2D96D,SESS-A45D7C11,Password Reset,0.4648,Self-Service,0,0,1,Travel,IVR,112,0.1027,2026-03-08T20:41:34
CONT-55BA21AD,SESS-2A456B3A,Technical Troubleshooting,0.3451,Handoff,0,0,0,Healthcare,Web,47,0.1707,2026-03-12T00:58:25
CONT-A73C6078,SESS-5EB77FD4,Account Management,0.6559,Guided Flow,0,0,0,Healthcare,IVR,23,0.3681,2026-03-31T05:33:45
CONT-50825BFF,SESS-76915BD1,General Inquiry,1.0,Self-Service,0,0,0,Healthcare,Partner API,57,0.5252,2026-03-21T17:00:19
CONT-3519143E,SESS-33736EA7,Subscription Management,0.5963,Guided Flow,0,0,0,Healthcare,Web,97,0.3379,2026-04-03T15:57:44
CONT-27CFE477,SESS-4EFFFDCE,Billing Inquiry,0.8224,FAQ,0,0,0,Travel,Partner API,72,0.4466,2026-03-09T09:25:18
CONT-BC22D510,SESS-58286506,General Inquiry,1.0,Self-Service,0,0,0,Healthcare,IVR,287,0.4881,2026-03-27T12:33:29
CONT-843E919D,SESS-21A47327,Technical Troubleshooting,0.4722,Handoff,0,0,1,Healthcare,Mobile App,28,0.134,2026-03-27T18:43:48
CONT-88432A2F,SESS-CB358106,Order Status,0.7781,Guided Flow,0,0,0,Healthcare,IVR,134,0.376,2026-04-03T18:31:46
CONT-2A50ECF9,SESS-6C67B78C,General Inquiry,0.5948,Handoff,0,0,0,Technology,Partner API,311,0.2794,2026-03-16T07:57:07
CONT-C0E5C31C,SESS-F5CA7C31,Returns & Refunds,0.3922,Escalation,0,0,1,Financial Services,Kiosk,211,0.017,2026-04-03T11:22:11
CONT-F965BA7B,SESS-6B957611,Account Management,0.6754,Handoff,0,0,0,Financial Services,Partner API,140,0.3857,2026-03-09T05:47:10
CONT-D69146EF,SESS-14507C98,Loyalty Program,0.4708,FAQ,0,0,0,Travel,Mobile App,42,0.2043,2026-03-26T19:51:19
CONT-9C1697C8,SESS-BAC22B13,Billing Inquiry,0.959,Guided Flow,0,0,0,Retail,Web,254,0.4838,2026-03-21T13:58:59
CONT-A62A7151,SESS-6A6440A4,Billing Inquiry,1.0,Handoff,0,0,0,Financial Services,IVR,45,0.4818,2026-03-16T20:24:02
CONT-18C2D91E,SESS-5B467C5E,Password Reset,0.8101,Free Text,0,0,0,Travel,IVR,145,0.4525,2026-03-10T00:34:10
CONT-232DFAF1,SESS-DC104741,Password Reset,0.9237,Escalation,1,0,0,Technology,Partner API,90,0.7711,2026-03-13T12:40:27
CONT-F1927C86,SESS-B6AEFEF1,Product Support,0.6483,Self-Service,1,0,0,Financial Services,Mobile App,48,0.6038,2026-03-16T10:18:13
CONT-4EBA225B,SESS-CC1A7BD5,General Inquiry,0.5873,FAQ,0,0,0,Technology,IVR,68,0.279,2026-04-05T15:57:45
CONT-BDA56C3F,SESS-2425EE04,Loyalty Program,0.9657,Free Text,0,0,0,Retail,Kiosk,66,0.4404,2026-03-11T11:35:01
CONT-0C36B5C6,SESS-CDF7404D,Product Support,0.7283,Guided Flow,0,0,0,Retail,Partner API,92,0.4131,2026-03-31T17:23:30
CONT-A76FA04C,SESS-CB23788E,General Inquiry,0.7629,Escalation,0,0,0,Travel,IVR,38,0.3817,2026-03-08T00:43:49
CONT-0C820B97,SESS-030CD0B4,Billing Inquiry,0.7025,Guided Flow,0,0,0,Technology,Web,53,0.3581,2026-03-08T01:54:48
CONT-A2A5BB3B,SESS-7A472B33,Account Management,0.9443,Guided Flow,0,0,0,Technology,IVR,97,0.49,2026-03-28T04:49:46
CONT-90764E98,SESS-7FDBA046,Order Status,0.7451,FAQ,0,0,0,Retail,IVR,9,0.3502,2026-03-11T16:23:22
CONT-9D1087BB,SESS-2378C2F2,Technical Troubleshooting,0.4274,Guided Flow,0,0,1,Retail,Kiosk,186,0.0628,2026-04-03T15:51:57
CONT-DE0152C3,SESS-D935A1C0,Loyalty Program,0.5526,FAQ,0,0,0,Retail,Partner API,92,0.2658,2026-03-24T20:10:23
CONT-35D55FC4,SESS-AA4419E8,Subscription Management,0.6119,Free Text,0,0,0,Healthcare,IVR,60,0.3194,2026-04-05T08:27:55
CONT-FE8F145C,SESS-A3890996,Subscription Management,0.8262,Escalation,0,0,0,Travel,Kiosk,63,0.4342,2026-04-01T07:23:17
CONT-F79F0A43,SESS-25258633,General Inquiry,0.6067,Free Text,0,0,0,Retail,IVR,46,0.2772,2026-03-11T20:13:05
CONT-BB532DEE,SESS-3381E3E7,Order Status,0.7216,Handoff,0,0,0,Technology,Kiosk,123,0.4034,2026-03-31T04:08:10
CONT-A7573B9A,SESS-1A3337EA,Billing Inquiry,0.6855,Handoff,0,0,0,Travel,Kiosk,23,0.3581,2026-03-19T13:30:27
CONT-4E051033,SESS-38D73167,Billing Inquiry,0.6598,Free Text,1,0,0,Technology,Web,296,0.5922,2026-03-14T20:00:23
CONT-8E14678C,SESS-22075D37,Password Reset,0.8775,Free Text,0,0,0,Technology,IVR,65,0.4308,2026-03-29T18:28:26
CONT-1B8C6CDD,SESS-A970EFFE,Subscription Management,0.4153,Self-Service,0,0,1,Retail,Partner API,188,0.0319,2026-04-03T18:12:40
CONT-C9CEE780,SESS-475291C9,Returns & Refunds,0.6299,Handoff,0,0,0,Financial Services,Kiosk,22,0.3094,2026-03-10T07:13:31
CONT-538DF23C,SESS-8815D5CA,Billing Inquiry,0.5421,Guided Flow,0,0,0,Travel,Web,39,0.244,2026-03-13T23:34:53
CONT-D9121D1A,SESS-3C361589,Billing Inquiry,0.4461,Guided Flow,0,0,0,Healthcare,Kiosk,266,0.2311,2026-04-05T21:11:10
CONT-5DAE1A7E,SESS-11D17D7E,Loyalty Program,0.5223,Escalation,0,0,0,Technology,Web,302,0.3085,2026-03-11T16:21:26
CONT-6744DC8A,SESS-8CFB1125,Technical Troubleshooting,0.6394,Escalation,0,0,0,Financial Services,Partner API,14,0.2815,2026-03-13T12:36:18
CONT-2D217540,SESS-04B5F8A0,General Inquiry,0.8162,Self-Service,0,0,0,Financial Services,IVR,60,0.4144,2026-03-30T16:18:24
CONT-BBD43A49,SESS-BC301AA7,Returns & Refunds,0.8227,Guided Flow,0,0,0,Retail,Web,613,0.3653,2026-04-01T05:09:27
CONT-0E7C8430,SESS-6B7E9F37,Subscription Management,0.6407,Escalation,0,0,0,Financial Services,Kiosk,116,0.3612,2026-03-08T00:34:07
CONT-75062126,SESS-53312DE9,Loyalty Program,0.6634,Guided Flow,0,0,0,Retail,Web,21,0.3714,2026-04-02T11:30:27
CONT-F79F0A43,SESS-678FA1A5,Technical Troubleshooting,0.661,Self-Service,0,0,0,Healthcare,Kiosk,80,0.3019,2026-03-10T14:16:53
CONT-898D1870,SESS-510A3B21,Technical Troubleshooting,0.5123,Escalation,0,0,0,Travel,IVR,40,0.2334,2026-03-25T07:32:00
CONT-37CB13EC,SESS-C66EC6A5,Password Reset,0.481,Handoff,0,0,0,Travel,Web,62,0.2881,2026-03-20T12:00:55
CONT-1B34B61F,SESS-D0A216CF,Technical Troubleshooting,0.7925,Handoff,1,0,0,Healthcare,Partner API,40,0.6528,2026-03-10T08:56:07
CONT-4388C778,SESS-F364247F,Password Reset,0.78,Free Text,0,0,0,Retail,Web,92,0.395,2026-04-03T05:45:20
CONT-3F66B3C6,SESS-37B395B8,Product Support,0.9558,Free Text,0,0,0,Financial Services,Kiosk,98,0.4978,2026-03-08T18:07:11
CONT-689758E5,SESS-BD9CD67C,Technical Troubleshooting,0.3634,FAQ,1,0,0,Healthcare,Kiosk,82,0.4562,2026-03-24T11:40:20
CONT-3CDB115A,SESS-024F4334,Account Management,1.0,Free Text,0,0,0,Financial Services,Kiosk,67,0.4973,2026-03-30T21:58:46
CONT-44EE484F,SESS-F412D380,Loyalty Program,0.6778,Self-Service,0,0,0,Retail,Partner API,46,0.3533,2026-03-14T08:39:23
CONT-55E28F95,SESS-86CD4AA8,Billing Inquiry,0.7066,FAQ,0,0,0,Retail,Web,263,0.3811,2026-03-26T02:58:12
CONT-B263CBCD,SESS-21AEFD21,Product Support,0.7523,Free Text,0,0,0,Retail,IVR,135,0.344,2026-04-04T11:11:59
CONT-F6D02718,SESS-BDC5F7D5,Technical Troubleshooting,0.9325,Escalation,0,0,0,Retail,IVR,15,0.4596,2026-03-27T19:05:20
CONT-ABE4A5AE,SESS-4521D686,General Inquiry,0.649,Handoff,0,0,0,Retail,Mobile App,49,0.2978,2026-03-09T19:15:41
CONT-D3EE0FF3,SESS-A9130CE2,Returns & Refunds,0.7224,Guided Flow,0,0,1,Healthcare,Kiosk,154,0.1824,2026-03-16T19:33:21
CONT-9EB33CC6,SESS-158B197E,Account Management,0.4808,Escalation,0,0,1,Travel,Partner API,50,0.0716,2026-03-17T08:59:52
CONT-358792FA,SESS-816DDE84,Technical Troubleshooting,0.6567,Guided Flow,0,1,0,Travel,Web,77,0.1321,2026-03-31T01:20:26
CONT-62AEB7AB,SESS-2053F41E,Order Status,0.703,Handoff,0,0,0,Healthcare,IVR,230,0.3636,2026-04-05T13:52:04
CONT-0FFC8D4D,SESS-F3662AC3,General Inquiry,0.7049,Escalation,0,0,0,Retail,IVR,243,0.3063,2026-03-09T12:28:36
CONT-F761B3A1,SESS-19878A40,Product Support,0.3603,FAQ,0,0,0,Travel,Kiosk,37,0.1605,2026-04-01T10:35:26
CONT-7AD43209,SESS-ABD89DE6,Subscription Management,0.6276,Handoff,0,0,0,Financial Services,Mobile App,17,0.3134,2026-03-17T06:35:25
CONT-365B05CA,SESS-21A281D9,Account Management,0.623,FAQ,0,0,0,Financial Services,Partner API,28,0.3366,2026-03-25T15:20:16
CONT-9AF2DD9A,SESS-2EA56038,Subscription Management,0.6593,Self-Service,0,0,0,Travel,Web,182,0.3292,2026-03-29T11:02:28
CONT-CFC78E16,SESS-492951E1,Subscription Management,0.9462,Handoff,0,0,0,Technology,IVR,120,0.4597,2026-03-29T07:02:59
CONT-36DD64DB,SESS-AB985A10,Product Support,0.7573,Guided Flow,0,0,0,Travel,Mobile App,27,0.3616,2026-03-28T06:54:25
CONT-1E421D7A,SESS-5ADF68DB,Password Reset,0.4858,Guided Flow,0,1,0,Financial Services,Web,14,0.0681,2026-03-17T17:29:37
CONT-B32AFB0E,SESS-A9D74C38,Product Support,0.3271,Free Text,0,0,0,Healthcare,Mobile App,22,0.1619,2026-03-17T12:41:58
CONT-7EB5AA38,SESS-1E67BBB1,Password Reset,0.7198,Self-Service,0,0,1,Financial Services,Mobile App,316,0.1676,2026-03-24T17:08:29
CONT-286D1200,SESS-C60F751B,Loyalty Program,0.5576,FAQ,1,0,0,Healthcare,Mobile App,66,0.549,2026-03-31T11:55:39
CONT-23E7A094,SESS-66C8CF74,Password Reset,0.8594,Free Text,0,0,0,Technology,Partner API,103,0.4515,2026-03-29T23:23:17
CONT-6B272F5A,SESS-228996F6,Password Reset,0.2624,Escalation,0,0,0,Healthcare,Kiosk,27,0.1409,2026-03-07T20:11:51
CONT-F802CB54,SESS-DB2ABB5F,Subscription Management,0.6202,Free Text,0,0,0,Retail,Web,93,0.3118,2026-03-11T16:11:20
CONT-A85B6F34,SESS-9887C68C,Product Support,0.5371,FAQ,0,0,0,Retail,Mobile App,191,0.3004,2026-03-15T17:10:33
CONT-162B020D,SESS-B8004CBD,Returns & Refunds,0.6926,Self-Service,0,0,0,Retail,IVR,40,0.3833,2026-03-31T21:53:09
CONT-48B25CC1,SESS-417061D0,Account Management,1.0,Guided Flow,0,0,0,Technology,Partner API,69,0.5371,2026-04-03T20:46:32
CONT-8A24BB99,SESS-18AA3F74,Returns & Refunds,0.7458,Guided Flow,0,0,0,Technology,Kiosk,46,0.3383,2026-03-20T22:38:53
CONT-DBA3234C,SESS-76FF976A,General Inquiry,0.5439,FAQ,0,0,0,Retail,IVR,21,0.3185,2026-04-01T13:26:49
CONT-E8DDC77E,SESS-E6AB6F4F,General Inquiry,0.5602,FAQ,0,0,0,Retail,Partner API,70,0.3062,2026-03-07T06:48:30
CONT-9A39709D,SESS-FE6C710F,General Inquiry,0.7624,Guided Flow,0,0,1,Technology,Kiosk,306,0.2053,2026-04-05T16:35:40
CONT-6FAB134A,SESS-6F50AC36,Password Reset,0.5787,Self-Service,1,0,0,Financial Services,Mobile App,32,0.6367,2026-03-16T12:03:14
CONT-22541C5A,SESS-63A8C817,Returns & Refunds,0.7644,Guided Flow,0,0,0,Technology,Partner API,143,0.3396,2026-04-04T08:16:31
CONT-1DE66AF1,SESS-1EDAB091,Billing Inquiry,0.744,Self-Service,0,0,0,Technology,Web,26,0.3442,2026-03-18T14:02:50
CONT-8CC701B1,SESS-AC28DC12,General Inquiry,0.526,Handoff,0,0,0,Retail,Web,54,0.2152,2026-03-07T23:51:40
CONT-C83530DF,SESS-79715C26,Returns & Refunds,1.0,Self-Service,0,0,0,Travel,IVR,20,0.464,2026-04-04T13:16:00
CONT-5803FC03,SESS-2DA56048,Account Management,0.442,Self-Service,1,0,1,Technology,Web,42,0.4127,2026-03-08T15:36:34
CONT-249CA701,SESS-B18A47DC,Account Management,0.6431,Guided Flow,0,0,0,Retail,IVR,40,0.2811,2026-03-16T03:42:38
CONT-8F88EC99,SESS-FA1C1B60,Returns & Refunds,0.522,Escalation,0,0,0,Healthcare,Web,197,0.2348,2026-03-10T06:26:27
CONT-CFA13D92,SESS-AE7E209A,General Inquiry,0.3927,Self-Service,0,0,0,Retail,Kiosk,61,0.1552,2026-03-10T12:13:53
CONT-D9D5C865,SESS-8D0660C5,Loyalty Program,0.6502,Guided Flow,0,1,0,Technology,Partner API,61,0.1687,2026-03-17T19:42:27
CONT-2B9E3595,SESS-57E53713,Technical Troubleshooting,0.6318,FAQ,0,0,0,Financial Services,IVR,151,0.359,2026-04-05T10:52:11
CONT-D0EA01A9,SESS-A348B820,General Inquiry,0.5105,Escalation,0,0,0,Retail,IVR,39,0.2559,2026-03-28T11:40:22
CONT-3EC1B585,SESS-4B3480FA,Account Management,0.5565,Guided Flow,1,0,1,Retail,Web,349,0.3957,2026-04-04T06:56:55
CONT-480A2359,SESS-EDDAF948,Product Support,0.8553,Self-Service,0,0,0,Healthcare,IVR,53,0.4098,2026-03-15T04:08:56
CONT-CA61BD1C,SESS-B9AE698F,Returns & Refunds,0.5936,Handoff,0,0,1,Financial Services,Mobile App,190,0.1691,2026-03-30T03:21:38
CONT-D9E2312D,SESS-FDD06C19,Product Support,0.6509,Free Text,0,0,0,Healthcare,Kiosk,92,0.2777,2026-03-29T03:41:16
CONT-F839BE71,SESS-1CB4A357,Billing Inquiry,0.6901,Escalation,0,0,1,Financial Services,Web,267,0.1682,2026-03-31T07:36:46
CONT-BD78380C,SESS-F0C80E72,Password Reset,0.129,Handoff,0,0,1,Retail,Partner API,327,0.0,2026-03-29T10:22:35
CONT-62C1A4B9,SESS-33F26309,Loyalty Program,0.8286,Guided Flow,0,0,0,Financial Services,Partner API,87,0.3812,2026-03-29T03:28:37
CONT-3DCD1855,SESS-FC03AB3E,General Inquiry,1.0,Self-Service,0,0,1,Retail,Partner API,152,0.352,2026-04-02T12:47:16
CONT-DE066BAD,SESS-73AED745,Returns & Refunds,0.5941,Free Text,1,0,0,Healthcare,Kiosk,93,0.5591,2026-03-12T04:00:39
CONT-9189BF80,SESS-A345D55B,Subscription Management,0.5383,Handoff,0,0,0,Travel,Partner API,16,0.22,2026-04-01T07:07:10
CONT-C2EEE971,SESS-3A6B1C3A,Technical Troubleshooting,0.7022,Guided Flow,0,0,0,Retail,Web,161,0.3736,2026-03-26T06:31:16
CONT-5D7F921F,SESS-8E3467FC,Account Management,0.5761,Escalation,0,0,0,Technology,Mobile App,54,0.2709,2026-03-12T23:05:49
CONT-0C820B97,SESS-5BA74FD4,Product Support,0.8011,Handoff,0,0,0,Technology,IVR,59,0.427,2026-03-19T13:05:07
CONT-481144A9,SESS-CED2BF6B,Order Status,0.4357,Escalation,0,0,1,Technology,Kiosk,96,0.0836,2026-04-05T06:48:15
CONT-B7EFBC29,SESS-766D9273,Account Management,0.4389,Self-Service,0,0,0,Travel,Partner API,49,0.2613,2026-04-01T05:27:14
CONT-B32AFB0E,SESS-1BC06BB3,Subscription Management,0.6532,Escalation,0,0,0,Retail,Web,32,0.3241,2026-03-22T22:04:58
CONT-706A4685,SESS-B5DFBB3A,Returns & Refunds,0.7387,Handoff,0,0,0,Retail,Kiosk,15,0.4101,2026-03-21T08:03:57
CONT-D9E83C48,SESS-7CEC2B22,General Inquiry,0.2734,Guided Flow,0,0,0,Financial Services,Kiosk,32,0.1847,2026-03-19T21:34:56
CONT-E60E0371,SESS-93CE89DF,Account Management,0.794,FAQ,0,1,0,Retail,Mobile App,57,0.2386,2026-03-08T20:07:29
CONT-434E5682,SESS-02C2C6B2,Returns & Refunds,0.5893,Self-Service,0,0,0,Technology,Mobile App,153,0.2883,2026-03-25T20:38:52
CONT-D251DBD7,SESS-4CC405C0,Subscription Management,0.6894,Escalation,0,0,0,Technology,Web,30,0.3829,2026-03-31T04:32:29
CONT-D1CAE35B,SESS-4521F123,General Inquiry,0.6753,FAQ,0,1,0,Retail,Mobile App,57,0.1114,2026-04-04T12:11:08
CONT-22F34A49,SESS-F48D9B3F,Billing Inquiry,0.4397,Handoff,0,0,0,Travel,Mobile App,90,0.2476,2026-03-28T15:31:42
CONT-5412213B,SESS-09B57A84,Loyalty Program,0.9248,FAQ,0,0,1,Healthcare,IVR,33,0.3522,2026-03-07T05:38:41
CONT-035F8130,SESS-E95D497F,Product Support,0.8489,Self-Service,0,0,1,Technology,Partner API,124,0.2783,2026-03-16T13:13:25
CONT-E029E52D,SESS-EB3D4286,Password Reset,0.4622,Escalation,0,1,1,Technology,Partner API,158,0.0,2026-03-27T01:02:05
CONT-A389601C,SESS-6449BC81,Subscription Management,0.4772,Self-Service,0,0,0,Technology,Kiosk,45,0.2634,2026-03-24T12:57:14
CONT-ABE4A5AE,SESS-CA840F5E,Product Support,0.6504,Self-Service,0,0,0,Travel,Mobile App,141,0.3436,2026-03-19T20:41:13
CONT-FB06D31B,SESS-73ABA13B,Loyalty Program,0.476,FAQ,0,0,0,Travel,Mobile App,38,0.2116,2026-03-12T12:49:45
CONT-38436B6F,SESS-B046E125,Subscription Management,0.5336,Escalation,0,0,0,Technology,IVR,64,0.2207,2026-04-05T01:38:59
CONT-042231ED,SESS-4B95AA8C,Returns & Refunds,0.8065,Escalation,0,0,0,Technology,IVR,74,0.3983,2026-03-13T11:17:18
CONT-BBEA26B1,SESS-E3C57909,Account Management,0.8927,Escalation,0,0,0,Healthcare,Kiosk,129,0.4702,2026-04-03T10:49:12
CONT-59D01799,SESS-53139E86,General Inquiry,0.4684,Self-Service,0,0,0,Retail,Web,79,0.2548,2026-04-04T17:19:49
CONT-6B1BA31C,SESS-DDAD907A,Subscription Management,0.7795,Escalation,0,0,0,Technology,Kiosk,45,0.4371,2026-03-25T21:10:25
CONT-7AD43209,SESS-64CE9634,Account Management,0.5494,Guided Flow,0,0,0,Travel,IVR,51,0.3212,2026-03-07T17:10:01
CONT-EC9175AB,SESS-B17BDF0C,Product Support,0.7014,Guided Flow,0,0,0,Financial Services,Web,108,0.3208,2026-03-27T22:40:31
CONT-F37BFA19,SESS-E4198DAB,Order Status,0.906,Guided Flow,0,0,0,Technology,Partner API,31,0.4204,2026-03-15T07:51:39
CONT-AFFB469B,SESS-117D3833,Password Reset,0.4504,Self-Service,0,0,0,Technology,Mobile App,180,0.2187,2026-03-29T22:29:50
CONT-C32ACEDC,SESS-2C0F2C28,Password Reset,0.4167,Escalation,0,0,0,Financial Services,Mobile App,269,0.2235,2026-03-11T19:19:29
CONT-0011BE87,SESS-60FDCCA2,Password Reset,0.7015,Self-Service,0,0,1,Financial Services,IVR,101,0.166,2026-03-20T05:42:18
CONT-1B99507D,SESS-A65FAB2B,Password Reset,0.7943,Guided Flow,0,0,1,Technology,IVR,79,0.2939,2026-03-24T15:31:31
CONT-71C21184,SESS-43D8AE02,Loyalty Program,0.6802,Guided Flow,0,0,0,Retail,Partner API,76,0.3201,2026-03-20T06:05:17
CONT-CC2A3CB8,SESS-FC2A9B1E,Technical Troubleshooting,0.5317,Self-Service,0,0,0,Financial Services,Web,62,0.3138,2026-03-25T16:30:00
CONT-02113A00,SESS-D95DE035,Billing Inquiry,0.5846,Handoff,0,0,1,Financial Services,IVR,157,0.1846,2026-04-05T02:01:17
CONT-009E296B,SESS-CC621C0F,Password Reset,1.0,Handoff,0,0,0,Financial Services,Partner API,26,0.5064,2026-03-15T11:11:50
CONT-63F83D66,SESS-22846444,Account Management,0.6106,Escalation,0,0,0,Technology,Kiosk,100,0.3408,2026-04-01T02:19:36
CONT-50358988,SESS-CBD7A232,Product Support,0.5376,Guided Flow,0,0,0,Technology,Partner API,63,0.2559,2026-03-25T14:10:06
CONT-90764E98,SESS-5F6AD9B6,Account Management,0.6337,Self-Service,0,0,0,Healthcare,Partner API,53,0.3514,2026-03-22T00:26:50
CONT-61F4C5B0,SESS-74D465C7,Subscription Management,0.7154,FAQ,0,0,0,Financial Services,IVR,383,0.3381,2026-03-28T18:23:27
CONT-0A070F8F,SESS-DCB2ED88,Product Support,0.6658,Escalation,0,0,0,Healthcare,Kiosk,219,0.3254,2026-04-01T22:38:29
CONT-AB5BFAC5,SESS-F1F51650,Technical Troubleshooting,0.7065,Escalation,0,0,1,Technology,Web,54,0.2109,2026-03-30T05:53:17
CONT-2F5B6595,SESS-47AD56B4,Product Support,0.7594,Handoff,0,0,0,Technology,Partner API,85,0.4159,2026-03-27T04:56:59
CONT-6ED17195,SESS-7200F1FB,Order Status,0.9629,Guided Flow,0,0,0,Technology,Kiosk,33,0.4471,2026-03-22T23:08:18
CONT-19C83A7F,SESS-CBE7D78A,General Inquiry,0.8717,Free Text,0,0,0,Travel,Mobile App,218,0.4159,2026-03-11T15:06:31
CONT-29035CFB,SESS-FD6FE345,Order Status,0.7299,Escalation,0,0,1,Travel,IVR,146,0.1902,2026-04-03T02:43:53
CONT-806B12F0,SESS-08C5B5DB,Password Reset,0.8922,Guided Flow,0,0,0,Healthcare,IVR,99,0.4274,2026-03-10T04:05:04
CONT-B5C3BAFF,SESS-C6524A9A,Password Reset,0.6339,Handoff,0,0,0,Financial Services,Mobile App,49,0.3399,2026-03-17T09:50:54
CONT-09593DB3,SESS-F30F6309,Account Management,0.3104,Handoff,0,0,1,Travel,Partner API,233,0.0,2026-03-30T06:01:31
CONT-E35887D8,SESS-E3658D03,Loyalty Program,0.58,Free Text,0,0,0,Healthcare,Partner API,43,0.331,2026-04-01T21:37:31
CONT-3B61623F,SESS-87C633CD,Technical Troubleshooting,0.9186,FAQ,0,0,0,Technology,Mobile App,64,0.4236,2026-03-19T01:36:35
CONT-B7DD4959,SESS-053E0D92,Returns & Refunds,0.5132,Self-Service,0,0,0,Retail,Mobile App,174,0.236,2026-03-19T19:32:26
CONT-BE23B48C,SESS-1BDB7AFE,General Inquiry,0.4777,FAQ,0,1,0,Healthcare,IVR,94,0.018,2026-03-11T16:40:26
CONT-B45EEF18,SESS-522C0E01,Returns & Refunds,0.3271,Free Text,0,0,0,Healthcare,Web,56,0.1495,2026-03-20T16:26:13
CONT-98A8E3F0,SESS-261BF2AB,Loyalty Program,0.1862,Guided Flow,0,0,0,Financial Services,Mobile App,102,0.1417,2026-03-13T12:58:28
CONT-093F336F,SESS-CB04ABD1,Password Reset,0.9297,Handoff,0,0,0,Financial Services,Mobile App,73,0.4638,2026-04-03T02:17:52
CONT-1FB41FC3,SESS-F6BF87CF,Technical Troubleshooting,0.8561,Self-Service,0,0,0,Financial Services,Kiosk,67,0.4194,2026-03-25T03:32:23
CONT-2795B856,SESS-B31436FE,Product Support,0.4625,Handoff,0,0,0,Technology,Kiosk,53,0.1908,2026-03-23T03:04:53
CONT-09593DB3,SESS-4335F08B,Product Support,0.7694,Guided Flow,0,1,0,Healthcare,Mobile App,35,0.1741,2026-03-25T01:53:43
CONT-36DD64DB,SESS-988962AE,Returns & Refunds,0.8161,Free Text,0,0,1,Retail,Mobile App,423,0.2458,2026-03-14T11:24:32
CONT-481144A9,SESS-2D7E0B2A,Subscription Management,0.7115,Escalation,0,0,0,Retail,IVR,61,0.3786,2026-03-12T18:07:47
CONT-80A00CC4,SESS-1A923A57,General Inquiry,0.5894,Guided Flow,0,0,0,Retail,Kiosk,26,0.2565,2026-03-17T15:02:38
CONT-D9EEACF9,SESS-F6B4C613,Password Reset,0.5298,Self-Service,0,0,0,Technology,Web,24,0.2948,2026-03-13T00:09:12
CONT-377FB47C,SESS-4501DC8F,Order Status,0.8984,Guided Flow,1,0,0,Retail,Mobile App,106,0.7733,2026-03-07T16:49:56
CONT-59C8DFCE,SESS-2D960D8F,Loyalty Program,0.7509,Handoff,0,0,0,Travel,Partner API,65,0.3953,2026-03-26T14:38:41
CONT-BC7FBBAC,SESS-E319C1DE,Product Support,0.5079,Handoff,0,0,1,Healthcare,Kiosk,56,0.1415,2026-04-02T23:14:35
CONT-9EB33CC6,SESS-269BADCF,Subscription Management,0.8221,Guided Flow,0,0,0,Healthcare,Mobile App,24,0.3716,2026-04-01T18:53:01
CONT-21D54216,SESS-BEC27E7E,Subscription Management,0.8911,FAQ,0,0,0,Technology,Kiosk,34,0.4938,2026-03-12T13:47:09
CONT-8300A264,SESS-4C9316B1,Loyalty Program,0.4938,Handoff,0,0,1,Healthcare,IVR,49,0.0813,2026-03-23T19:17:45
CONT-D2C2221A,SESS-F15F95FA,Password Reset,0.5767,Self-Service,0,0,0,Travel,IVR,69,0.2998,2026-03-30T15:14:12
CONT-5C936B58,SESS-7A799663,General Inquiry,0.6533,Self-Service,0,0,0,Technology,Mobile App,124,0.2962,2026-04-01T11:39:42
CONT-D251DBD7,SESS-6BBECA02,Returns & Refunds,0.7482,Free Text,0,0,0,Technology,Kiosk,24,0.3811,2026-04-04T21:52:50
CONT-775005A3,SESS-8A5F0709,Loyalty Program,0.5855,FAQ,0,0,0,Healthcare,Partner API,228,0.2439,2026-03-17T19:10:33
CONT-6A75FAD5,SESS-0BCCD252,Product Support,0.782,Self-Service,0,0,0,Retail,Mobile App,45,0.3429,2026-04-04T06:51:13
CONT-E4326BE5,SESS-E385D93C,Order Status,0.7939,FAQ,0,0,0,Retail,Kiosk,79,0.4389,2026-04-01T09:12:15
CONT-21057CE1,SESS-D84C6D83,Password Reset,0.6254,Guided Flow,0,0,0,Healthcare,IVR,126,0.3485,2026-03-14T12:33:08
CONT-C9CEE780,SESS-3768ADE3,Order Status,1.0,Free Text,0,0,0,Retail,Mobile App,78,0.5186,2026-03-21T19:56:05
CONT-5A02A804,SESS-8138942D,Billing Inquiry,0.331,Free Text,0,0,1,Healthcare,Mobile App,110,0.0506,2026-03-19T04:35:36
CONT-F182720F,SESS-B6873C61,Password Reset,0.2755,Free Text,0,0,0,Technology,IVR,40,0.1024,2026-03-13T23:51:21
CONT-D8FA1586,SESS-C0DFFEA2,Loyalty Program,0.3352,Self-Service,1,0,1,Travel,Mobile App,249,0.3639,2026-04-04T10:27:43
CONT-2C4A3D92,SESS-4B57989A,Loyalty Program,0.6789,Free Text,0,0,0,Travel,Kiosk,46,0.2916,2026-04-01T23:13:00
CONT-62C1A4B9,SESS-FAD308F2,Product Support,0.5459,FAQ,0,0,0,Retail,IVR,81,0.3202,2026-03-12T02:08:34
CONT-B44DD6BE,SESS-8DB1A948,Loyalty Program,0.7419,Escalation,0,0,0,Retail,Mobile App,96,0.3496,2026-04-04T20:28:51
CONT-09F996D4,SESS-D2C5FD27,Returns & Refunds,0.5359,FAQ,0,0,0,Financial Services,Kiosk,178,0.2873,2026-03-14T04:50:46
CONT-841D5B36,SESS-43FA1B8D,Billing Inquiry,0.9171,Handoff,0,0,0,Financial Services,Kiosk,122,0.4319,2026-03-23T21:13:36
CONT-F5547A4F,SESS-E3F33CCD,Loyalty Program,0.611,Guided Flow,0,0,0,Financial Services,Partner API,30,0.285,2026-03-20T02:44:48
CONT-7231B341,SESS-C188E589,Product Support,0.8467,Guided Flow,0,0,0,Financial Services,Web,25,0.39,2026-03-12T03:31:30
CONT-4C55229E,SESS-99804F67,Subscription Management,0.6568,Escalation,0,0,0,Healthcare,Partner API,52,0.3396,2026-03-16T03:20:53
CONT-538DF23C,SESS-9DEFB1F5,Subscription Management,0.7423,Escalation,0,0,0,Travel,IVR,127,0.3864,2026-03-07T16:13:36
CONT-D9F7D9C6,SESS-27255ECE,Product Support,0.2574,Self-Service,0,0,0,Financial Services,Kiosk,91,0.0839,2026-03-21T16:07:09
CONT-545DF9FD,SESS-42C621ED,Account Management,0.6753,Self-Service,0,0,0,Retail,Mobile App,58,0.3629,2026-03-24T01:21:50
CONT-91C06C34,SESS-DA320633,Order Status,0.735,Escalation,0,0,0,Technology,Partner API,173,0.3628,2026-03-31T11:03:56
CONT-85583E08,SESS-8B0F5127,Order Status,0.5737,Free Text,0,0,0,Travel,IVR,42,0.3056,2026-04-05T05:09:29
CONT-B73F5740,SESS-039DD094,Returns & Refunds,0.4587,Free Text,0,0,1,Financial Services,IVR,157,0.117,2026-03-08T12:16:34
CONT-34D9759C,SESS-20D2036F,General Inquiry,0.9664,Free Text,0,0,0,Travel,Mobile App,107,0.5066,2026-03-22T19:59:46
CONT-CBA44377,SESS-7A5606B7,Account Management,0.397,FAQ,1,0,1,Healthcare,Kiosk,151,0.3046,2026-03-26T08:01:48
CONT-27808E98,SESS-46894B01,General Inquiry,0.6605,Handoff,0,0,1,Financial Services,Web,641,0.2108,2026-03-11T05:27:24
CONT-FDB7ADE1,SESS-7D2688EF,Subscription Management,0.644,Handoff,0,0,0,Travel,Kiosk,51,0.343,2026-03-29T11:12:23
CONT-71C21184,SESS-3DD43E55,Account Management,1.0,Handoff,0,0,0,Technology,Mobile App,68,0.4596,2026-04-01T20:40:47
CONT-8FA07278,SESS-41485F0A,Password Reset,0.6708,Handoff,0,0,0,Travel,Partner API,74,0.3504,2026-03-28T03:44:15
CONT-8C7F1F24,SESS-5969A827,Returns & Refunds,0.5035,FAQ,0,0,0,Technology,IVR,80,0.2531,2026-04-02T23:52:25
CONT-4891EA8B,SESS-ABF808C8,Subscription Management,0.5914,Handoff,0,0,0,Healthcare,Mobile App,9,0.2487,2026-03-10T17:26:14
CONT-57A0EE67,SESS-DD14FCD1,Technical Troubleshooting,0.6424,Self-Service,0,0,0,Retail,Partner API,50,0.3245,2026-03-27T19:01:13
CONT-F260B65B,SESS-9D056DEB,Password Reset,0.6031,Handoff,0,0,0,Technology,Web,59,0.2754,2026-03-15T14:24:51
CONT-F6D02718,SESS-2F89DFF5,Password Reset,0.8419,Self-Service,0,0,0,Healthcare,IVR,38,0.4026,2026-04-01T08:17:07
CONT-A93F4CEB,SESS-589AD514,Password Reset,0.6759,Handoff,0,0,0,Technology,Web,71,0.3174,2026-03-27T12:48:06
CONT-88880D61,SESS-1433508C,Account Management,0.6961,Guided Flow,0,0,0,Technology,Partner API,119,0.3543,2026-03-20T12:12:32
CONT-C1C3A660,SESS-C00BCC25,Billing Inquiry,0.8099,Handoff,0,0,0,Travel,Kiosk,376,0.3642,2026-03-30T02:41:18
CONT-AB289122,SESS-C424DEF7,General Inquiry,0.4057,FAQ,0,0,1,Retail,Mobile App,531,0.0937,2026-03-30T18:55:26
CONT-55BA21AD,SESS-FB754F7E,Product Support,0.8826,Escalation,0,0,1,Retail,Partner API,97,0.2547,2026-03-30T23:05:25
CONT-B7718215,SESS-80E87CD2,Product Support,0.6458,Self-Service,0,0,0,Healthcare,Partner API,61,0.2987,2026-03-09T18:58:40
CONT-93EE4DCC,SESS-5F4E6552,Loyalty Program,0.3377,Self-Service,1,0,0,Healthcare,Mobile App,15,0.431,2026-03-14T14:36:11
CONT-4891EA8B,SESS-A7AA6388,Returns & Refunds,0.6346,Free Text,0,1,0,Technology,Kiosk,17,0.1338,2026-04-01T00:22:58
CONT-DC19B87F,SESS-5884EA29,Account Management,0.7053,FAQ,0,0,0,Financial Services,Partner API,35,0.3885,2026-04-05T09:54:36
CONT-CE4A6AD9,SESS-449F45D3,Billing Inquiry,0.2062,Escalation,0,0,0,Retail,Web,172,0.0702,2026-03-08T05:38:36
CONT-6744DC8A,SESS-FC9A7019,Order Status,0.8763,Handoff,0,0,0,Financial Services,IVR,46,0.4361,2026-04-02T16:31:10
CONT-87426CF2,SESS-CE4341C4,Subscription Management,0.4495,Handoff,0,1,0,Financial Services,Mobile App,32,0.0,2026-03-26T16:53:11
CONT-16B7B293,SESS-674F7D7F,Technical Troubleshooting,1.0,Free Text,0,0,0,Financial Services,Mobile App,25,0.4878,2026-03-31T16:29:36
CONT-5B8CDBEB,SESS-835D1BB1,Product Support,1.0,Self-Service,0,0,0,Technology,IVR,26,0.4598,2026-03-08T14:07:28
CONT-1D2B26D6,SESS-A0111181,Subscription Management,0.5951,Free Text,0,0,0,Healthcare,IVR,96,0.2606,2026-03-17T19:23:19
CONT-677C7767,SESS-EDBBA434,Password Reset,0.4752,Self-Service,0,0,0,Healthcare,Web,122,0.2475,2026-04-02T21:38:01
CONT-C8E4157A,SESS-7EFD8919,Loyalty Program,0.9168,Handoff,0,0,0,Healthcare,Partner API,43,0.4675,2026-03-16T19:56:55
CONT-3CA3F240,SESS-589CBE31,Billing Inquiry,0.5275,Free Text,0,0,0,Financial Services,IVR,43,0.3078,2026-03-30T06:36:42
CONT-D853E394,SESS-DD15CA70,Subscription Management,0.5249,Escalation,0,0,0,Healthcare,Partner API,63,0.2288,2026-03-27T18:09:37
CONT-0413F714,SESS-284FD702,Subscription Management,0.6169,Escalation,0,0,0,Travel,Kiosk,55,0.334,2026-03-18T22:42:32
CONT-9364009E,SESS-9A579D54,Password Reset,0.4611,FAQ,0,0,0,Retail,Mobile App,43,0.2746,2026-03-18T23:30:05
CONT-365B05CA,SESS-A792A788,Account Management,0.8323,FAQ,0,0,0,Technology,Kiosk,12,0.3764,2026-03-13T19:52:53
CONT-0EBD5A52,SESS-D787B231,Technical Troubleshooting,0.5635,Self-Service,1,0,1,Financial Services,IVR,209,0.4679,2026-03-15T21:02:12
CONT-0B461551,SESS-0E260F2F,Returns & Refunds,0.5752,FAQ,0,0,0,Financial Services,IVR,156,0.3075,2026-03-08T11:05:49
CONT-28116D7D,SESS-66F083A6,Loyalty Program,0.375,Handoff,0,0,0,Travel,Kiosk,121,0.1592,2026-03-15T08:34:01
CONT-0E8B9BB1,SESS-80DD30EA,Subscription Management,0.7339,Guided Flow,0,0,0,Retail,Web,121,0.3425,2026-03-08T04:11:28
CONT-28116D7D,SESS-4997ED4A,Loyalty Program,0.9301,Handoff,0,1,0,Healthcare,IVR,77,0.2259,2026-03-29T22:25:32
CONT-F68A3ED3,SESS-0CC7AED1,Billing Inquiry,0.9394,Guided Flow,0,0,0,Retail,Partner API,14,0.4771,2026-03-26T01:12:06
CONT-73DFB371,SESS-7DB59891,Account Management,0.6481,Handoff,0,0,0,Travel,Web,70,0.2795,2026-03-28T10:03:10
CONT-4A2FA379,SESS-6EC4E19C,Technical Troubleshooting,0.7814,FAQ,0,0,0,Financial Services,Web,29,0.3475,2026-04-02T14:49:26
CONT-824F299B,SESS-51B206A5,Password Reset,0.8458,Free Text,0,0,0,Financial Services,Kiosk,31,0.4169,2026-03-27T16:36:28
CONT-9189BF80,SESS-7812CA03,Technical Troubleshooting,0.6412,Self-Service,0,0,0,Retail,Kiosk,24,0.3245,2026-03-07T01:09:05
CONT-0413F714,SESS-D575F0B3,General Inquiry,0.6552,Escalation,0,0,0,Healthcare,Kiosk,54,0.3475,2026-03-18T12:29:25
CONT-91174ABC,SESS-1E37C67C,Product Support,0.813,Free Text,0,0,0,Financial Services,Web,116,0.4227,2026-04-05T14:31:23
CONT-EC44DD34,SESS-EFD020A0,Loyalty Program,0.715,Free Text,0,0,0,Healthcare,Kiosk,68,0.3871,2026-04-03T00:37:22
CONT-F0862C6D,SESS-1AD876BF,General Inquiry,0.3566,FAQ,0,0,0,Financial Services,Kiosk,25,0.142,2026-03-24T04:30:14
CONT-0EE26ED1,SESS-D6C6265B,Returns & Refunds,0.5156,Guided Flow,0,0,0,Technology,Mobile App,38,0.2663,2026-03-31T19:40:13
CONT-6DE7C74A,SESS-A341BA27,Order Status,0.6169,FAQ,0,0,0,Healthcare,Partner API,48,0.3369,2026-03-15T20:26:04
CONT-EA3EE6CE,SESS-B4560907,Returns & Refunds,0.6335,FAQ,1,0,0,Travel,Web,382,0.6083,2026-03-28T09:49:05
CONT-E8758D3F,SESS-1981C512,Order Status,0.4805,Free Text,1,0,0,Retail,Mobile App,248,0.5227,2026-03-12T11:21:01
CONT-FFBEDFA1,SESS-DD8DA76F,Product Support,0.6781,Guided Flow,0,0,0,Healthcare,Web,20,0.3374,2026-03-28T09:18:23
CONT-7B6039E1,SESS-46EDB7D1,Account Management,0.8552,Handoff,0,0,0,Financial Services,Kiosk,67,0.431,2026-03-28T05:26:12
CONT-A6F4C76E,SESS-22AE9138,Returns & Refunds,0.7136,Escalation,0,0,0,Financial Services,IVR,71,0.3084,2026-03-29T05:07:36
CONT-4FADD073,SESS-5BC9C05B,Password Reset,0.6824,Guided Flow,0,0,0,Healthcare,Partner API,159,0.333,2026-03-08T14:45:57
CONT-D410B9AB,SESS-91CB4D75,Loyalty Program,0.5203,Guided Flow,0,0,0,Financial Services,IVR,12,0.2221,2026-03-21T19:34:38
CONT-4D7B66B0,SESS-B7EDB5A3,Loyalty Program,0.8004,Guided Flow,0,0,0,Retail,Partner API,37,0.3766,2026-03-21T21:47:09
CONT-8FF1DD07,SESS-171A19BC,Billing Inquiry,0.828,Handoff,0,1,0,Healthcare,Partner API,107,0.1722,2026-04-02T00:08:52
CONT-18365829,SESS-6EC03544,Subscription Management,0.38,Escalation,0,0,0,Healthcare,Kiosk,272,0.1754,2026-03-24T11:02:59
CONT-9A46F7D0,SESS-99E13916,Loyalty Program,0.5158,Handoff,0,0,0,Technology,Kiosk,325,0.2471,2026-04-05T07:05:48
CONT-AEA02CB7,SESS-05A84CA4,Returns & Refunds,0.5422,Self-Service,0,0,0,Financial Services,Kiosk,41,0.2311,2026-03-27T10:14:27
CONT-75062126,SESS-8BA79128,Subscription Management,0.8436,Escalation,0,0,0,Technology,Web,57,0.47,2026-03-08T05:17:29
CONT-A62A7151,SESS-C7AB9DD8,General Inquiry,0.7503,Handoff,0,0,0,Healthcare,Kiosk,82,0.3871,2026-04-02T12:37:40
CONT-EFE86ADC,SESS-C36ABAD9,Returns & Refunds,0.5438,Guided Flow,0,0,0,Financial Services,IVR,47,0.3202,2026-03-29T23:42:52
CONT-4105A2F5,SESS-75F69001,Loyalty Program,0.7388,Guided Flow,0,0,0,Retail,Web,157,0.3937,2026-03-10T01:02:28
CONT-50358988,SESS-CE79C979,Subscription Management,0.5911,Handoff,0,0,1,Retail,Kiosk,529,0.1495,2026-03-23T19:33:18
CONT-A389601C,SESS-059D1EE4,Product Support,0.7981,Escalation,0,0,0,Retail,Mobile App,33,0.4159,2026-03-08T14:24:04
CONT-440DE818,SESS-ED681365,General Inquiry,0.7797,Free Text,0,0,0,Technology,Partner API,148,0.3972,2026-03-23T00:35:07
CONT-3BB599A4,SESS-2019E230,Returns & Refunds,0.4616,Guided Flow,0,1,1,Technology,Kiosk,61,0.0,2026-04-04T02:09:45
CONT-C1184734,SESS-DB24196B,General Inquiry,0.9559,Guided Flow,0,0,0,Travel,IVR,194,0.4629,2026-03-29T08:00:35
CONT-82662746,SESS-292B1BDB,Subscription Management,0.6004,Guided Flow,0,0,0,Technology,Partner API,114,0.3312,2026-03-11T12:50:14
CONT-D876734E,SESS-53A0A716,Billing Inquiry,0.3596,Guided Flow,0,0,0,Financial Services,Web,13,0.1734,2026-03-23T05:28:23
CONT-49DAFAB8,SESS-BFDBEEF6,Billing Inquiry,0.7319,Free Text,0,0,0,Retail,Web,228,0.3295,2026-03-24T17:17:51
CONT-55E28F95,SESS-8A09C670,Account Management,0.6437,Guided Flow,0,0,0,Retail,Web,30,0.3463,2026-03-08T23:17:59
CONT-7C5AC158,SESS-A76EAA08,Technical Troubleshooting,0.5334,Escalation,0,0,0,Healthcare,IVR,131,0.2371,2026-03-22T22:37:58
CONT-DEA94B15,SESS-7AD6B138,Billing Inquiry,0.8399,Free Text,0,0,0,Retail,Partner API,93,0.3928,2026-03-13T16:44:16
CONT-FB0ED63B,SESS-72C20159,Password Reset,0.7863,Escalation,0,0,1,Technology,Partner API,1592,0.2192,2026-03-24T20:20:25
CONT-2ED21BFE,SESS-95F056E3,Loyalty Program,0.816,Escalation,1,0,0,Technology,Web,125,0.7311,2026-03-13T00:37:02
CONT-CD867C32,SESS-E1DC28BA,Password Reset,0.8019,Guided Flow,0,0,0,Travel,Mobile App,46,0.41,2026-04-05T17:48:24
CONT-893F2F5C,SESS-9CAFC040,Account Management,0.4872,Self-Service,0,0,0,Healthcare,IVR,10,0.2843,2026-03-19T13:32:51
CONT-41277815,SESS-885132C2,Billing Inquiry,0.4634,Self-Service,0,0,1,Retail,IVR,242,0.0826,2026-03-17T04:58:53
CONT-3D5EC196,SESS-FB440D5E,Account Management,0.6281,Self-Service,0,0,0,Travel,Partner API,31,0.3492,2026-03-21T10:36:56
CONT-C17EE89E,SESS-783BE2FD,Loyalty Program,0.7254,Self-Service,0,0,0,Travel,Kiosk,17,0.348,2026-03-31T08:56:32
CONT-6B4AB31D,SESS-0D671AF1,Loyalty Program,0.6278,Self-Service,0,0,0,Retail,IVR,39,0.2786,2026-03-09T21:36:15
CONT-A389601C,SESS-4E7DA503,Returns & Refunds,0.9421,Self-Service,0,0,0,Financial Services,Web,31,0.4892,2026-03-18T07:14:50
CONT-61370742,SESS-14B78F7B,Account Management,0.7328,Free Text,0,0,0,Technology,Partner API,40,0.3911,2026-03-12T19:56:58
CONT-967177A0,SESS-406F9810,Order Status,0.7205,Self-Service,0,0,0,Retail,Web,269,0.3253,2026-03-11T21:05:45
CONT-0DFEDBB1,SESS-C3DFCE8E,Order Status,0.7397,Guided Flow,1,0,0,Technology,IVR,59,0.6734,2026-04-04T14:07:29
CONT-717E0439,SESS-764F07D3,Loyalty Program,0.533,Self-Service,0,1,0,Retail,Web,123,0.1061,2026-04-01T07:41:00
CONT-88880D61,SESS-E2B61952,Password Reset,0.7119,Self-Service,0,0,0,Retail,Partner API,136,0.3554,2026-03-25T04:38:46
CONT-3D18D14F,SESS-B5DF30B6,Account Management,0.8797,Handoff,0,0,0,Financial Services,Kiosk,61,0.4006,2026-03-11T19:58:04
CONT-0A070F8F,SESS-DA156D42,Returns & Refunds,0.9409,Handoff,0,0,0,Retail,Mobile App,19,0.4714,2026-03-20T21:28:15
CONT-892CC024,SESS-6213DB96,General Inquiry,0.9795,Free Text,0,0,0,Travel,Web,63,0.4981,2026-04-01T06:12:24
CONT-D3F0C5F5,SESS-E5360D81,Returns & Refunds,0.7273,Self-Service,0,0,0,Technology,IVR,87,0.3691,2026-03-13T14:03:13
CONT-5959673E,SESS-CCA26E16,Technical Troubleshooting,0.3649,FAQ,0,0,0,Travel,Partner API,38,0.1376,2026-04-05T20:36:56
CONT-58FFB8F2,SESS-84F3FF0E,Password Reset,0.5579,Self-Service,0,0,1,Technology,IVR,142,0.1402,2026-03-17T14:15:44
CONT-4C55229E,SESS-CA65FD90,Password Reset,0.2297,Handoff,1,0,0,Technology,Mobile App,117,0.4067,2026-03-26T22:35:24
CONT-60715B6D,SESS-6919B09B,Technical Troubleshooting,0.7373,Guided Flow,0,0,0,Travel,Kiosk,111,0.3274,2026-04-04T11:06:25
CONT-DDD2CAF7,SESS-E3EC7472,Order Status,0.6345,Escalation,1,0,0,Retail,IVR,130,0.5871,2026-03-20T21:20:04
CONT-201F8F19,SESS-8A50F809,Order Status,0.7863,Free Text,0,0,0,Retail,Partner API,40,0.4019,2026-03-11T19:18:28
CONT-F05ECFFF,SESS-4C8A9687,Technical Troubleshooting,0.5091,FAQ,0,0,1,Retail,IVR,51,0.134,2026-04-05T22:30:52
CONT-D70FCA3B,SESS-F8E4C5CA,Technical Troubleshooting,0.6341,Free Text,0,0,0,Healthcare,IVR,211,0.3554,2026-03-30T06:24:29
CONT-ABE4A5AE,SESS-11D78A94,Returns & Refunds,0.5809,Escalation,0,1,0,Travel,Mobile App,361,0.1127,2026-03-14T02:04:25
CONT-822A031B,SESS-C50A4C28,Subscription Management,0.7784,Guided Flow,0,0,0,Financial Services,Web,26,0.4082,2026-03-16T11:16:34
CONT-8B7A8EE6,SESS-6F303877,Product Support,0.6013,FAQ,0,0,0,Travel,Mobile App,63,0.2611,2026-04-04T06:55:47
CONT-D80C9D09,SESS-8524CC59,Billing Inquiry,0.4317,Escalation,0,0,1,Healthcare,Partner API,127,0.0721,2026-03-25T02:41:25
CONT-7285C3A3,SESS-F59C841E,General Inquiry,0.7951,Handoff,0,0,0,Travel,Kiosk,33,0.4463,2026-03-28T12:06:57
CONT-5688C673,SESS-E34DD169,Billing Inquiry,0.4141,Self-Service,0,0,0,Financial Services,IVR,61,0.2349,2026-04-05T13:13:21
CONT-2A50ECF9,SESS-0375823E,Product Support,0.6242,Escalation,0,0,0,Retail,Mobile App,57,0.3066,2026-03-17T09:01:41
CONT-5B7AAB59,SESS-460BEFE3,Order Status,0.448,Guided Flow,0,0,0,Travel,Mobile App,18,0.2192,2026-04-03T11:32:36
CONT-A63E9D08,SESS-34B33CE7,Returns & Refunds,0.8086,Guided Flow,1,0,0,Financial Services,Mobile App,46,0.7437,2026-03-27T03:23:57
CONT-7BEA75F4,SESS-858BFD95,Technical Troubleshooting,0.4859,Guided Flow,0,0,1,Retail,Mobile App,232,0.1404,2026-03-26T04:00:43
CONT-C42BF724,SESS-10DE7D44,Loyalty Program,0.7208,Free Text,0,0,0,Retail,Partner API,77,0.3876,2026-03-07T22:59:36
CONT-9CAC470F,SESS-D9690F17,Billing Inquiry,0.2069,Handoff,0,0,0,Healthcare,Kiosk,93,0.1391,2026-04-04T14:31:59
CONT-530AED74,SESS-937DEBCA,General Inquiry,0.5843,Guided Flow,0,0,0,Healthcare,Mobile App,74,0.2854,2026-03-18T02:54:55
CONT-F8790A91,SESS-9538699E,General Inquiry,0.536,Guided Flow,0,0,0,Healthcare,IVR,109,0.2525,2026-03-25T09:16:05
CONT-66C53610,SESS-648D847B,Billing Inquiry,0.6922,Self-Service,0,0,0,Healthcare,IVR,43,0.3523,2026-03-11T02:40:44
CONT-E6A03AF9,SESS-910A7D7E,Technical Troubleshooting,0.4937,Guided Flow,0,0,0,Healthcare,Web,84,0.2385,2026-03-20T17:08:25
CONT-80B42FD3,SESS-8157BC44,Account Management,0.7545,FAQ,0,0,0,Travel,Kiosk,85,0.4249,2026-03-12T23:27:34
CONT-567D7A8D,SESS-A4BA1159,Order Status,0.1265,Self-Service,0,0,1,Retail,Partner API,78,0.0,2026-03-28T10:21:57
CONT-CCEC9FC2,SESS-0F4559A9,Subscription Management,0.704,FAQ,0,0,0,Healthcare,Mobile App,319,0.3892,2026-03-20T19:01:23
CONT-5D7E05BE,SESS-0A22985F,Technical Troubleshooting,0.5959,FAQ,0,0,0,Technology,Partner API,40,0.2696,2026-03-30T13:38:17
CONT-BA56BD4B,SESS-1392BC9F,General Inquiry,0.6695,Handoff,0,0,0,Travel,IVR,285,0.3135,2026-03-29T12:22:48
CONT-B9BE8D2A,SESS-80B9C676,Billing Inquiry,0.8605,Escalation,0,0,0,Travel,Web,24,0.3834,2026-03-31T06:17:21
CONT-C5B8C25A,SESS-2F8176D3,Order Status,0.6794,FAQ,0,0,0,Travel,IVR,45,0.3306,2026-03-23T11:54:43
CONT-349711DC,SESS-2391C71F,Product Support,0.7116,Self-Service,0,0,1,Technology,Kiosk,92,0.1684,2026-04-01T11:45:23
CONT-5E284B96,SESS-DFB89CCF,General Inquiry,1.0,Free Text,0,1,0,Retail,Web,29,0.3402,2026-04-04T13:10:01
CONT-9CAC470F,SESS-624191E4,Password Reset,0.64,Self-Service,0,0,0,Retail,Mobile App,22,0.321,2026-04-04T16:27:44
CONT-A2934D5E,SESS-4981DF8A,Order Status,0.8825,Self-Service,0,0,0,Travel,IVR,63,0.4196,2026-03-22T13:46:53
CONT-D8001183,SESS-772D41CC,Technical Troubleshooting,0.6483,FAQ,0,0,0,Healthcare,IVR,206,0.3715,2026-03-13T14:54:50
CONT-7EBD2416,SESS-EFE7D33E,Order Status,0.375,Handoff,0,0,0,Technology,Partner API,44,0.1401,2026-03-10T21:09:24
CONT-CAF3E9B5,SESS-E67397DE,Technical Troubleshooting,0.6428,Escalation,0,0,0,Technology,Kiosk,43,0.3354,2026-03-08T11:49:32
CONT-0A19ADBF,SESS-677DEBA3,Billing Inquiry,0.5536,Handoff,0,0,0,Travel,Web,96,0.2366,2026-03-25T08:05:01
CONT-C0483C84,SESS-98289735,Billing Inquiry,0.542,Handoff,0,0,0,Healthcare,IVR,316,0.2687,2026-03-26T01:39:43
CONT-B3D85364,SESS-6438A491,Password Reset,0.7323,Handoff,0,0,0,Healthcare,IVR,52,0.3175,2026-03-30T11:20:49
CONT-6707D46A,SESS-4DE55B44,Password Reset,0.5564,Free Text,0,0,0,Healthcare,Kiosk,74,0.3001,2026-03-13T08:06:18
CONT-ADE2530E,SESS-BAE6CF2E,General Inquiry,0.5498,Self-Service,0,0,0,Financial Services,Partner API,23,0.2424,2026-03-12T12:01:24
CONT-E50DF286,SESS-408D84F1,Password Reset,0.6961,Self-Service,0,0,0,Healthcare,IVR,85,0.3565,2026-03-16T05:02:23
CONT-7190FA7D,SESS-73A126EB,Subscription Management,0.5312,Escalation,0,0,0,Technology,Partner API,243,0.2911,2026-04-01T21:38:21
CONT-D5F7EC48,SESS-4031F82C,Loyalty Program,0.8883,FAQ,0,0,0,Technology,Web,148,0.4729,2026-03-18T13:16:43
CONT-A1BF6167,SESS-926CAD2B,Returns & Refunds,0.3703,Self-Service,0,0,0,Retail,Partner API,128,0.2336,2026-03-13T06:53:58
CONT-D692685E,SESS-3A676689,Account Management,0.6952,Free Text,0,0,0,Technology,Partner API,27,0.3571,2026-03-23T05:32:05
CONT-342BC118,SESS-4D5657DE,Technical Troubleshooting,0.9345,FAQ,0,0,0,Retail,Web,38,0.4773,2026-03-24T21:06:23
CONT-B0B45403,SESS-58D9CDE1,Account Management,0.753,Free Text,1,0,0,Technology,IVR,94,0.6933,2026-03-10T23:30:04
CONT-6666074B,SESS-8C5D77D3,Order Status,0.3171,Free Text,0,0,1,Retail,Web,54,0.0,2026-03-29T16:55:06
CONT-9B151C1D,SESS-81D6E5C6,Billing Inquiry,0.6411,Guided Flow,0,0,0,Travel,Web,30,0.3242,2026-03-21T19:29:05
CONT-62D1D575,SESS-D591249C,Product Support,0.746,Guided Flow,0,0,0,Travel,Partner API,39,0.3798,2026-03-25T02:28:04
CONT-1DA322D8,SESS-5A1693E0,Technical Troubleshooting,0.9864,Escalation,0,0,1,Technology,Web,138,0.3058,2026-04-01T21:29:01
CONT-7CABAB1B,SESS-32D2BE86,Loyalty Program,0.8709,Handoff,0,0,0,Travel,IVR,20,0.3982,2026-03-07T10:34:06
CONT-96F1972E,SESS-488F8983,Subscription Management,0.4961,Guided Flow,0,0,1,Financial Services,Web,109,0.1116,2026-03-18T12:15:27
CONT-22EBE141,SESS-E647C556,Order Status,0.7755,Guided Flow,0,1,0,Retail,Kiosk,30,0.2204,2026-03-10T06:02:02
CONT-18744FC5,SESS-3F112A65,Product Support,0.6831,Guided Flow,0,0,1,Retail,IVR,139,0.1822,2026-03-14T09:16:37
CONT-BC7CF6A4,SESS-29A8C0E5,Product Support,0.8735,Guided Flow,1,0,0,Healthcare,Kiosk,80,0.6942,2026-03-22T08:40:42
CONT-89F75278,SESS-E83CBBE2,General Inquiry,0.9106,Self-Service,0,0,0,Financial Services,Mobile App,70,0.4258,2026-03-25T00:36:31
CONT-681377B5,SESS-B1CCD0D1,General Inquiry,0.7973,Self-Service,0,0,0,Retail,IVR,598,0.3947,2026-03-21T04:19:32
CONT-3F66B3C6,SESS-0C739D9E,Product Support,0.7628,Guided Flow,0,0,0,Travel,Kiosk,70,0.352,2026-03-19T07:41:48
CONT-F7D9DDB4,SESS-8C07CEE7,Returns & Refunds,0.7553,Self-Service,0,0,0,Travel,Partner API,21,0.4074,2026-03-27T12:28:28
CONT-259389CA,SESS-CF4579E2,Returns & Refunds,0.3932,Guided Flow,1,0,1,Retail,Partner API,249,0.332,2026-03-09T07:50:58
CONT-72513241,SESS-0BCD75B4,General Inquiry,0.7336,Free Text,0,0,1,Financial Services,Web,546,0.1927,2026-03-07T08:21:25
CONT-11B8571A,SESS-35BCC681,Loyalty Program,0.8476,Guided Flow,0,0,0,Financial Services,Partner API,42,0.418,2026-03-21T08:36:01
CONT-2651F37D,SESS-69A14BA6,General Inquiry,0.5792,Handoff,0,1,1,Retail,Partner API,686,0.0,2026-03-10T05:57:11
CONT-E88B032E,SESS-7D7FDBAA,Returns & Refunds,1.0,Escalation,0,0,0,Financial Services,IVR,115,0.4679,2026-03-29T01:18:04
CONT-6E77E927,SESS-6C64608F,Account Management,0.733,Self-Service,0,1,0,Travel,Kiosk,64,0.19,2026-03-07T22:13:27
CONT-81D52051,SESS-876247C6,Product Support,0.9052,Free Text,0,0,0,Healthcare,Mobile App,65,0.4155,2026-03-25T01:58:38
CONT-CF0B6BFB,SESS-D6B19A5A,Returns & Refunds,0.6815,Free Text,0,0,1,Technology,Partner API,418,0.1542,2026-03-23T05:26:59
CONT-696EB156,SESS-157157DE,Account Management,0.5919,FAQ,0,0,0,Technology,Web,36,0.2643,2026-03-24T10:30:11
CONT-5F7B20CC,SESS-2A7F9447,Technical Troubleshooting,0.4872,Guided Flow,0,0,0,Retail,Partner API,29,0.2598,2026-03-12T05:58:53
CONT-F79D9A69,SESS-36982866,Product Support,0.7321,Free Text,0,0,0,Retail,IVR,30,0.3736,2026-04-02T20:58:21
CONT-E93E8CD2,SESS-CA374274,Loyalty Program,0.563,FAQ,0,0,0,Healthcare,Mobile App,17,0.2857,2026-03-19T07:28:40
CONT-ECE3A7FB,SESS-38423B65,Technical Troubleshooting,0.5728,Handoff,0,0,1,Retail,Mobile App,159,0.1289,2026-04-04T11:47:44
CONT-E26AAE49,SESS-74B1580D,Account Management,0.9898,FAQ,0,0,0,Technology,Web,102,0.4917,2026-04-04T06:37:53
CONT-DF04C6B3,SESS-5E8871E4,Product Support,0.836,Handoff,0,0,1,Travel,Kiosk,583,0.2673,2026-03-16T06:24:16
CONT-D5CC7EBC,SESS-402133F9,Technical Troubleshooting,0.4826,Free Text,0,0,1,Technology,Partner API,117,0.092,2026-03-29T02:39:12
CONT-820F5590,SESS-68EA2B69,Loyalty Program,0.6439,Self-Service,0,0,0,Retail,Partner API,51,0.2799,2026-03-14T21:42:33
CONT-C8E4157A,SESS-07A48917,Product Support,0.7236,Self-Service,0,0,0,Travel,Partner API,54,0.4,2026-03-14T20:06:57
CONT-717E0439,SESS-61BDDDA4,Technical Troubleshooting,0.6376,Escalation,0,0,1,Retail,Mobile App,185,0.1746,2026-03-27T05:50:10
CONT-C9CEE780,SESS-61329BB8,Billing Inquiry,0.7705,Free Text,0,0,0,Retail,Kiosk,208,0.3747,2026-04-04T05:47:56
CONT-B7EFBC29,SESS-2D0F9092,Product Support,0.5812,Guided Flow,0,0,0,Financial Services,Partner API,20,0.3111,2026-03-22T01:48:10
CONT-0B461551,SESS-CAD81432,Returns & Refunds,0.2775,Guided Flow,0,0,1,Healthcare,Web,136,0.0,2026-04-02T04:35:39
CONT-C683B9DF,SESS-BFD1EFD7,Product Support,0.5959,FAQ,0,1,0,Travel,IVR,167,0.0799,2026-03-18T09:50:09
CONT-F584256F,SESS-B0CA33CC,Product Support,0.0952,Free Text,0,0,1,Technology,IVR,29,0.0,2026-03-27T10:12:34
CONT-7AD43209,SESS-37014CE9,Subscription Management,0.4108,Handoff,0,0,0,Travel,Partner API,283,0.1802,2026-03-28T22:02:42
CONT-46A93115,SESS-BF1F7849,Order Status,0.9156,Escalation,0,0,0,Retail,IVR,19,0.4822,2026-03-16T04:55:00
CONT-2F571273,SESS-179B4FAA,Account Management,0.6283,FAQ,0,0,0,Financial Services,IVR,60,0.3179,2026-03-16T13:12:33
CONT-445E6B4E,SESS-2FCFBB3B,Loyalty Program,0.4941,FAQ,0,0,1,Travel,Mobile App,164,0.0554,2026-03-23T11:29:15
CONT-D72CB971,SESS-7B00250D,General Inquiry,0.5015,Guided Flow,0,1,0,Retail,Mobile App,121,0.0725,2026-03-08T03:08:46
CONT-1CF6AFF0,SESS-B38731AA,Loyalty Program,0.9636,Handoff,0,0,0,Healthcare,IVR,164,0.4334,2026-03-26T12:19:30
CONT-03FDCFCB,SESS-AC3895CE,Password Reset,0.5898,Guided Flow,0,0,0,Retail,Partner API,13,0.2666,2026-04-05T07:42:56
CONT-5688C673,SESS-DD26E691,Subscription Management,0.6478,Escalation,0,0,0,Retail,Kiosk,26,0.2977,2026-03-18T19:26:39
CONT-B13DD92A,SESS-BC2DC782,Product Support,0.5762,Guided Flow,0,0,0,Healthcare,Mobile App,34,0.323,2026-03-18T16:19:32
CONT-34EED4E6,SESS-26DF8569,Password Reset,0.5001,Handoff,0,0,0,Technology,Mobile App,58,0.2913,2026-04-04T04:05:25
CONT-E231C98C,SESS-3E6457D2,Product Support,0.2972,Free Text,0,0,0,Healthcare,Partner API,56,0.1803,2026-04-04T21:49:29
CONT-A41CAFC5,SESS-98C8F3C3,Billing Inquiry,0.7322,FAQ,0,0,0,Financial Services,Web,21,0.349,2026-03-25T00:02:32
CONT-D9FF1F06,SESS-2BC2C825,Account Management,0.7427,Free Text,0,0,0,Financial Services,IVR,43,0.3362,2026-03-09T17:52:22
CONT-586BADDA,SESS-7D881132,Product Support,1.0,Self-Service,0,0,0,Financial Services,Web,91,0.5162,2026-03-11T17:26:32
CONT-60C3A876,SESS-85D60ADA,Password Reset,0.8952,Free Text,0,0,0,Retail,Partner API,58,0.4614,2026-04-03T07:19:17
CONT-CE6EC2FA,SESS-727C34CB,Product Support,0.5188,FAQ,0,0,0,Technology,IVR,113,0.2122,2026-04-04T05:48:52
CONT-6C9C0264,SESS-38813F52,General Inquiry,0.6256,Escalation,0,0,0,Financial Services,Kiosk,101,0.3328,2026-03-29T17:42:02
CONT-F3EC1AFF,SESS-8A3E8B38,Loyalty Program,1.0,Handoff,0,0,0,Technology,Partner API,56,0.5044,2026-03-23T21:36:52
CONT-50825BFF,SESS-51D6A44D,Product Support,0.6347,FAQ,0,0,0,Financial Services,Mobile App,120,0.3436,2026-03-14T22:04:44
CONT-C8A4A595,SESS-F6059021,Subscription Management,0.484,Self-Service,0,0,0,Technology,Kiosk,142,0.29,2026-03-20T17:22:26
CONT-87D78568,SESS-47CDED44,Account Management,0.6654,FAQ,0,0,0,Travel,Kiosk,22,0.3197,2026-03-26T02:40:03
CONT-7EB5AA38,SESS-8CE67D8C,Account Management,0.6134,Free Text,0,0,0,Financial Services,Mobile App,31,0.3153,2026-03-22T01:48:20
CONT-795CCD60,SESS-9BCB99DB,Account Management,0.3602,Escalation,0,0,0,Travel,Kiosk,94,0.1958,2026-03-17T20:02:05
CONT-042231ED,SESS-D64BAD15,Loyalty Program,0.6758,Escalation,0,0,0,Travel,IVR,241,0.2953,2026-03-26T08:48:19
CONT-C38AA51E,SESS-CAC19C3D,Technical Troubleshooting,0.4876,Guided Flow,0,0,1,Healthcare,IVR,274,0.0846,2026-04-03T09:19:36
CONT-D7C4E9A2,SESS-EFC7DF3C,Loyalty Program,0.7647,FAQ,0,0,0,Technology,Partner API,14,0.3605,2026-03-30T12:29:43
CONT-8593E0F7,SESS-59D457BA,Loyalty Program,0.6049,FAQ,0,0,0,Retail,IVR,20,0.2919,2026-03-30T15:58:35
CONT-50825BFF,SESS-8A016064,Returns & Refunds,0.5368,Handoff,0,0,0,Healthcare,IVR,6,0.2501,2026-03-28T12:34:18
CONT-04F8D6B6,SESS-4C6B2BAB,Account Management,0.7763,Guided Flow,0,0,0,Retail,Partner API,93,0.4226,2026-03-25T03:16:21
CONT-811831CF,SESS-DD37DF77,Subscription Management,0.4606,Escalation,0,0,0,Retail,Mobile App,36,0.182,2026-03-21T14:31:59
CONT-DA589033,SESS-17409B97,Password Reset,0.4067,Escalation,0,0,1,Travel,Partner API,211,0.0938,2026-03-15T08:21:15
CONT-5959673E,SESS-6A215A30,Technical Troubleshooting,0.7886,Guided Flow,0,0,1,Retail,Kiosk,263,0.2134,2026-03-27T06:01:51
CONT-3BB599A4,SESS-EB872298,Loyalty Program,0.8817,Escalation,1,0,0,Healthcare,Kiosk,77,0.7655,2026-03-11T10:17:50
CONT-4D2BE78B,SESS-6301A336,Returns & Refunds,0.5961,Self-Service,0,0,0,Travel,Partner API,209,0.3016,2026-03-27T19:37:44
CONT-1FE5EEE4,SESS-5EEF92A5,Account Management,0.461,Self-Service,0,0,0,Financial Services,Partner API,29,0.1935,2026-03-20T06:09:07
CONT-78DB7FA5,SESS-1565BEF2,Password Reset,0.7286,Escalation,0,0,0,Healthcare,IVR,59,0.3911,2026-03-13T07:57:20
CONT-CCA49F26,SESS-1D9B3757,Billing Inquiry,0.743,Free Text,0,0,0,Travel,Mobile App,43,0.348,2026-03-25T04:08:01
CONT-F71AD182,SESS-C74FC685,Loyalty Program,0.6317,Self-Service,0,0,0,Retail,Mobile App,195,0.3508,2026-03-24T14:05:40
CONT-162B020D,SESS-337E634A,Returns & Refunds,0.6234,Free Text,0,0,0,Financial Services,Mobile App,80,0.339,2026-03-18T04:14:21
CONT-B782B1C6,SESS-63AFD2EA,Technical Troubleshooting,0.5361,Free Text,0,0,0,Retail,Partner API,22,0.2615,2026-03-07T03:27:08
CONT-358792FA,SESS-C70EBEAE,Account Management,0.7876,Free Text,0,0,0,Technology,IVR,25,0.3763,2026-03-28T08:15:07
CONT-B26F889E,SESS-BC7A431B,Product Support,0.8394,Escalation,0,0,1,Travel,Web,134,0.2341,2026-03-14T19:27:26
CONT-4B83C6E3,SESS-1187CBD9,Account Management,0.5127,Escalation,0,0,0,Healthcare,Kiosk,79,0.2387,2026-03-07T08:21:33
CONT-5B9BBA9E,SESS-6185B331,Password Reset,0.7491,Guided Flow,0,0,0,Travel,Kiosk,39,0.3452,2026-03-14T16:17:42
CONT-8CB4E55B,SESS-2031F659,Password Reset,0.6727,FAQ,0,0,0,Travel,Partner API,36,0.2922,2026-03-10T08:07:51
CONT-CBDEA68B,SESS-D708C989,Account Management,0.6518,Guided Flow,0,0,0,Healthcare,Kiosk,54,0.2768,2026-03-12T22:02:25
CONT-E240FEEF,SESS-3802AA7F,Order Status,0.7162,Free Text,0,0,0,Technology,Partner API,20,0.3605,2026-03-29T04:46:36
CONT-1570E2B4,SESS-FCA820E3,Product Support,0.4696,Escalation,0,0,1,Retail,Kiosk,69,0.0825,2026-03-21T05:29:16
CONT-BC739A87,SESS-368B3F6F,Password Reset,0.8462,Handoff,0,0,1,Retail,Web,179,0.2853,2026-03-17T05:12:34
CONT-070A2647,SESS-2EBFCBC6,Order Status,0.7709,Free Text,0,0,1,Retail,Partner API,152,0.2547,2026-03-20T19:11:27
CONT-BD1E3A02,SESS-9ECC3282,Subscription Management,0.9228,Free Text,0,0,0,Technology,Web,203,0.5024,2026-04-02T14:11:20
CONT-CE47B140,SESS-C618C41E,Billing Inquiry,1.0,FAQ,0,0,0,Healthcare,Mobile App,57,0.4563,2026-04-02T01:29:13
CONT-FC487FCE,SESS-C6FAF1F7,Password Reset,1.0,FAQ,0,0,0,Financial Services,Kiosk,19,0.4655,2026-03-17T19:57:33
CONT-9D2BB2FA,SESS-B550681E,General Inquiry,0.5001,Handoff,0,0,0,Retail,Web,193,0.2018,2026-03-31T02:03:28
CONT-B1CF1E0D,SESS-0B7883F6,Technical Troubleshooting,0.7558,FAQ,0,0,0,Financial Services,Mobile App,125,0.3375,2026-03-13T16:12:07
CONT-6DF3F708,SESS-F450849E,Loyalty Program,0.7314,Handoff,0,0,0,Technology,Partner API,57,0.4136,2026-03-10T20:00:37
CONT-B73F5740,SESS-9964F273,Order Status,1.0,Guided Flow,0,0,0,Healthcare,Partner API,31,0.5494,2026-03-15T19:33:38
CONT-23E7A094,SESS-33C44863,Password Reset,0.8372,Handoff,0,0,0,Financial Services,Mobile App,24,0.4404,2026-03-09T03:15:03
CONT-985CBFAA,SESS-BC97EFB5,Loyalty Program,0.5349,Self-Service,0,0,0,Technology,Kiosk,11,0.2418,2026-03-25T02:36:53
CONT-482E7D91,SESS-605864A8,Account Management,0.6542,Free Text,0,0,0,Healthcare,IVR,84,0.3041,2026-03-27T09:36:00
CONT-38743AAD,SESS-BA17CCDA,Password Reset,0.4469,Escalation,0,0,0,Healthcare,Web,33,0.2029,2026-03-09T19:02:51
CONT-597060FA,SESS-6C56570E,Loyalty Program,0.5137,Handoff,0,0,0,Technology,Web,35,0.2623,2026-03-12T06:54:05
CONT-458A5713,SESS-80D5DD64,Product Support,0.4762,Handoff,0,0,0,Healthcare,Mobile App,80,0.1995,2026-03-31T04:22:55
CONT-0A19ADBF,SESS-9E117EE5,Returns & Refunds,0.7998,Guided Flow,0,0,0,Financial Services,Kiosk,28,0.4278,2026-03-07T11:19:59
CONT-7B2B2462,SESS-0C885FB3,Account Management,0.5522,Guided Flow,0,0,0,Healthcare,Web,95,0.262,2026-03-12T05:46:43
CONT-AED0D896,SESS-6AA6665A,General Inquiry,0.7389,Guided Flow,0,0,0,Technology,Web,55,0.3496,2026-03-31T00:19:17
CONT-3A599437,SESS-7B36EB65,Product Support,0.3854,Self-Service,0,1,0,Technology,Web,15,0.0,2026-04-03T10:53:18
CONT-91FAF57B,SESS-EDC2A9AF,Account Management,0.6673,FAQ,0,0,0,Financial Services,IVR,444,0.2996,2026-03-31T05:13:26
CONT-E35CF921,SESS-1B02C17D,Subscription Management,0.9937,Guided Flow,1,0,1,Travel,Kiosk,65,0.6082,2026-03-22T10:29:26
CONT-69B301DF,SESS-F58BCCB1,Order Status,0.7981,Free Text,1,0,0,Healthcare,Kiosk,30,0.7149,2026-03-18T06:57:52
CONT-AA7B3F05,SESS-E7D59711,Account Management,0.5526,FAQ,0,0,0,Travel,Partner API,8,0.2502,2026-03-25T03:38:58
CONT-BF5D6C3B,SESS-6F0507E4,Loyalty Program,0.6515,Free Text,0,0,0,Technology,Partner API,81,0.3736,2026-03-19T19:19:53
CONT-C06A7530,SESS-C081F7B8,Order Status,0.4565,Guided Flow,0,0,0,Retail,Mobile App,64,0.2107,2026-03-11T23:53:01
CONT-43BFC92F,SESS-04983A67,Subscription Management,0.6065,Escalation,0,0,0,Travel,IVR,37,0.3376,2026-03-23T11:00:41
CONT-4BE19E2F,SESS-2B97ABD3,Password Reset,0.1578,FAQ,0,0,1,Financial Services,Web,100,0.0,2026-03-16T16:02:12
CONT-E6F0B5FB,SESS-501B0061,Technical Troubleshooting,0.4864,Handoff,0,0,0,Travel,Partner API,187,0.2144,2026-04-02T06:14:09
CONT-90302654,SESS-8391DE0E,Product Support,0.5526,Guided Flow,1,0,1,Travel,Partner API,308,0.4243,2026-03-16T11:04:33
CONT-0B28AB1F,SESS-94D54E22,Order Status,0.7931,Guided Flow,0,0,1,Travel,Web,510,0.2327,2026-03-18T10:15:06
CONT-18744FC5,SESS-47FC468C,Subscription Management,0.6062,Self-Service,0,0,0,Technology,Kiosk,48,0.3371,2026-04-05T08:55:15
CONT-069575BA,SESS-57C9777A,Loyalty Program,0.9528,Handoff,0,0,0,Financial Services,Partner API,112,0.4712,2026-03-19T21:35:28
CONT-D559FC69,SESS-453BF960,Subscription Management,0.7811,Escalation,0,0,0,Retail,Web,192,0.4396,2026-03-07T21:30:07
CONT-E383B52A,SESS-A75DBC95,Billing Inquiry,0.6601,Handoff,0,0,0,Healthcare,Kiosk,27,0.2948,2026-03-11T16:31:57
CONT-9225F7F3,SESS-10E8DE0A,Subscription Management,0.6062,Guided Flow,1,0,0,Healthcare,IVR,157,0.5997,2026-03-08T06:20:32
CONT-C913ED16,SESS-DBC2BD44,General Inquiry,0.7562,Escalation,0,0,0,Financial Services,Web,79,0.3612,2026-03-10T17:15:01
CONT-80424D05,SESS-3C0CF4F0,Technical Troubleshooting,1.0,Escalation,0,0,0,Retail,Web,18,0.5343,2026-03-23T13:58:35
CONT-FD67F7F1,SESS-DE585798,Subscription Management,0.5595,Free Text,0,0,0,Retail,Mobile App,174,0.2601,2026-03-25T06:43:15
CONT-1E886570,SESS-6046FC35,Returns & Refunds,0.7637,Escalation,0,0,0,Financial Services,Mobile App,30,0.3404,2026-03-12T13:28:33
CONT-41277815,SESS-3370D57B,General Inquiry,0.4378,FAQ,0,0,0,Financial Services,Mobile App,92,0.227,2026-04-04T14:57:45
CONT-2162190A,SESS-0EC7E1C8,General Inquiry,0.5181,FAQ,0,0,0,Healthcare,Mobile App,51,0.244,2026-04-03T03:29:06
CONT-9B83DB99,SESS-D712BAA0,Technical Troubleshooting,0.9683,Escalation,0,0,0,Technology,Mobile App,61,0.473,2026-03-11T10:13:10
CONT-0BD0E473,SESS-028C682B,Subscription Management,0.5002,FAQ,0,0,1,Travel,Mobile App,371,0.0983,2026-03-12T11:13:09
CONT-E8758D3F,SESS-2384CA22,Account Management,0.9122,Handoff,0,0,0,Travel,Mobile App,117,0.4554,2026-04-05T12:06:45
CONT-4D2C23EB,SESS-465C935D,Loyalty Program,0.7129,Handoff,0,0,0,Healthcare,IVR,30,0.3512,2026-03-26T20:05:29
CONT-6B8F19BB,SESS-F6EA8292,Loyalty Program,0.6064,Free Text,0,0,0,Financial Services,Mobile App,132,0.3235,2026-03-26T12:03:44
CONT-444E252F,SESS-C2065C8C,Loyalty Program,0.6703,Guided Flow,0,0,1,Financial Services,IVR,173,0.2272,2026-03-20T06:35:12
CONT-0E8B9BB1,SESS-3B56EFDE,Product Support,0.3086,Guided Flow,0,0,0,Healthcare,Web,100,0.1263,2026-03-09T14:43:31
CONT-5F7B0A8E,SESS-AB1D9C49,Password Reset,0.5177,Guided Flow,0,0,0,Travel,Kiosk,41,0.3071,2026-03-13T18:00:34
CONT-74D45B8A,SESS-3FE8F612,Product Support,0.7519,Escalation,0,0,1,Travel,Kiosk,119,0.2475,2026-03-18T19:41:30
CONT-762D0FE3,SESS-67C8254D,Billing Inquiry,0.7317,Free Text,0,0,0,Financial Services,Mobile App,258,0.3299,2026-04-01T23:09:41
CONT-2F47A443,SESS-86651DC8,Subscription Management,0.6957,Free Text,0,0,0,Technology,Web,119,0.3711,2026-03-16T14:09:55
CONT-EE0BDC04,SESS-4239355B,Loyalty Program,0.7512,Free Text,0,0,0,Travel,IVR,78,0.394,2026-03-17T18:07:35
CONT-89B23AF0,SESS-D30FAD69,Password Reset,0.8617,Self-Service,0,0,0,Financial Services,Kiosk,83,0.3809,2026-04-05T13:46:29
CONT-15657895,SESS-773B61FE,Loyalty Program,0.895,Guided Flow,0,0,0,Retail,Kiosk,117,0.4463,2026-03-21T07:44:30
CONT-3A96652D,SESS-9B7E3F77,General Inquiry,0.7619,Guided Flow,0,0,0,Retail,IVR,54,0.3566,2026-03-29T05:11:20
CONT-3383DF69,SESS-838EAD66,Technical Troubleshooting,0.6109,Escalation,0,0,1,Retail,Partner API,128,0.1159,2026-03-13T06:36:11
CONT-5DAAFB4D,SESS-5E778CDE,Loyalty Program,0.6302,Self-Service,0,0,0,Technology,Kiosk,155,0.3602,2026-03-29T22:40:44
CONT-57A0EE67,SESS-C43C4163,General Inquiry,0.6177,Escalation,0,0,0,Technology,IVR,24,0.3461,2026-03-23T17:42:51
CONT-801804C6,SESS-96F340E5,Loyalty Program,0.7058,Guided Flow,0,0,0,Retail,Web,69,0.3695,2026-03-11T11:37:33
CONT-31443587,SESS-81274E4E,Technical Troubleshooting,0.6173,Free Text,1,0,0,Healthcare,Web,52,0.6269,2026-03-20T03:55:54
CONT-8CD2D96D,SESS-ED8088F8,Technical Troubleshooting,0.865,FAQ,0,0,0,Financial Services,Mobile App,66,0.4717,2026-03-08T16:40:25
CONT-DA35E5CA,SESS-0EA6FE6B,Product Support,0.5944,Self-Service,1,0,0,Healthcare,IVR,71,0.5607,2026-04-04T17:52:29
CONT-029B9905,SESS-8694EEDF,Product Support,0.8376,Escalation,0,0,0,Healthcare,Web,52,0.4079,2026-03-20T05:57:31
CONT-EB5B73E2,SESS-90EECAF9,Returns & Refunds,0.6542,FAQ,0,0,0,Technology,Kiosk,56,0.3173,2026-03-28T04:24:21
CONT-F8EF4966,SESS-CDC3D763,Billing Inquiry,0.2576,Free Text,0,0,0,Healthcare,Web,275,0.132,2026-03-23T05:31:28
CONT-0B606515,SESS-E6A574E1,Billing Inquiry,0.3313,Handoff,0,0,0,Retail,Mobile App,421,0.1486,2026-03-11T17:46:08
CONT-A0144804,SESS-513ABD20,Product Support,0.6035,FAQ,0,0,0,Travel,IVR,168,0.3347,2026-04-02T20:35:36
CONT-717337CA,SESS-72C6C1FD,Order Status,0.8748,FAQ,0,0,0,Retail,Partner API,140,0.4313,2026-03-28T15:12:03
CONT-B2DE920C,SESS-5C796D4F,Loyalty Program,0.6923,Self-Service,0,0,0,Healthcare,Partner API,121,0.3465,2026-03-27T15:01:43
CONT-9ED0566B,SESS-1B9FFDAD,Order Status,0.4946,Guided Flow,0,0,1,Retail,Partner API,94,0.0489,2026-03-19T19:48:58
CONT-7960FD63,SESS-1D69F1BB,Order Status,0.5347,Self-Service,0,0,0,Travel,Web,177,0.2505,2026-03-25T03:07:26
CONT-7CCC0F63,SESS-E5D985DE,General Inquiry,0.534,Escalation,0,0,1,Healthcare,Kiosk,183,0.1087,2026-03-26T03:05:21
CONT-E49EE72D,SESS-C3AF2491,Product Support,0.6557,Guided Flow,0,0,1,Retail,Kiosk,229,0.218,2026-03-21T07:38:11
CONT-5D729219,SESS-00AE8930,Billing Inquiry,0.5944,Free Text,0,0,0,Retail,IVR,30,0.3339,2026-03-28T19:10:20
CONT-EE58A101,SESS-BC9F28B5,Order Status,0.8367,Self-Service,0,0,0,Retail,IVR,17,0.4558,2026-03-09T17:21:18
CONT-895D49DD,SESS-B99A8FDE,Technical Troubleshooting,0.32,Self-Service,0,1,0,Travel,IVR,29,0.0,2026-03-27T11:31:13
CONT-BB2E59F1,SESS-CC2247F4,Loyalty Program,0.6243,Escalation,0,0,0,Retail,Web,77,0.3204,2026-03-23T13:24:50
CONT-BA56BD4B,SESS-46279181,Password Reset,0.6053,Self-Service,1,0,0,Healthcare,Web,106,0.6201,2026-04-02T19:26:11
CONT-81834572,SESS-379582C1,Product Support,0.6918,Handoff,0,0,0,Travel,Mobile App,85,0.3852,2026-03-27T11:03:33
CONT-4C6CE815,SESS-476A0EF6,Loyalty Program,0.7978,Free Text,0,0,0,Travel,Web,72,0.3855,2026-03-26T13:39:10
CONT-C83530DF,SESS-2514C25B,Product Support,0.7646,Handoff,0,0,0,Technology,Mobile App,84,0.3996,2026-03-29T14:49:28
CONT-BF2594C9,SESS-7A797210,Subscription Management,0.5608,Free Text,0,0,0,Travel,Kiosk,51,0.2613,2026-03-14T07:52:19
CONT-DBAEBF88,SESS-AAB5A725,Technical Troubleshooting,0.6369,FAQ,0,0,0,Travel,Partner API,60,0.2994,2026-03-31T04:22:32
CONT-E3C15B5D,SESS-377BA4DA,Product Support,0.9651,FAQ,0,0,0,Financial Services,Mobile App,65,0.5268,2026-03-16T15:12:31
CONT-A1AE56BE,SESS-62792D13,Technical Troubleshooting,0.5419,FAQ,0,0,0,Travel,Kiosk,170,0.2669,2026-04-01T18:36:29
CONT-91034DB9,SESS-20A2294A,Returns & Refunds,0.5135,Self-Service,0,0,0,Financial Services,Mobile App,62,0.2525,2026-03-07T00:43:56
CONT-D3EE0FF3,SESS-C51163C4,Billing Inquiry,0.3402,Self-Service,0,0,0,Retail,Kiosk,52,0.1376,2026-03-09T04:00:27
CONT-9098AD68,SESS-EF8CB88C,General Inquiry,0.59,Handoff,0,0,0,Financial Services,Mobile App,83,0.2532,2026-03-09T18:53:53
CONT-7D606328,SESS-53D865B5,Password Reset,0.6366,Handoff,0,0,0,Retail,Partner API,260,0.3282,2026-03-25T15:27:54
CONT-39CC14A9,SESS-8638F1C1,Order Status,0.535,Handoff,0,0,0,Technology,IVR,187,0.2792,2026-03-08T02:31:50
CONT-44EE484F,SESS-AC3F502B,Password Reset,0.601,Free Text,0,1,0,Healthcare,Mobile App,87,0.0759,2026-04-03T00:48:46
CONT-759D6459,SESS-2B80D253,General Inquiry,0.9889,Self-Service,0,0,0,Healthcare,Web,293,0.4953,2026-03-23T07:12:45
CONT-4A2FA379,SESS-B484239E,Account Management,0.6829,Self-Service,0,0,0,Travel,Web,38,0.3859,2026-03-07T08:42:23
CONT-A3C39478,SESS-83EDABAF,Subscription Management,0.8586,Guided Flow,0,0,0,Financial Services,Mobile App,67,0.4157,2026-03-09T07:12:48
CONT-BBEA26B1,SESS-A6366935,Subscription Management,0.3807,Handoff,0,0,0,Technology,IVR,181,0.1986,2026-03-28T02:09:29
CONT-D9121D1A,SESS-DE04BC18,Product Support,0.678,Self-Service,1,0,0,Travel,Mobile App,23,0.6092,2026-03-12T01:59:59
CONT-F8B71ACF,SESS-B895B794,Order Status,0.8279,Guided Flow,0,0,0,Travel,Mobile App,27,0.4015,2026-03-12T20:37:42
CONT-7AD43209,SESS-C7828644,Technical Troubleshooting,0.9423,Self-Service,0,0,1,Healthcare,Partner API,554,0.344,2026-04-04T06:08:47
CONT-BE61E8E4,SESS-FAEC55A4,Password Reset,0.7803,Handoff,0,0,0,Travel,Partner API,173,0.4062,2026-03-13T03:51:13
CONT-C77B1809,SESS-D57EA151,Technical Troubleshooting,0.7842,Guided Flow,0,0,0,Technology,Web,12,0.35,2026-03-14T17:10:09
CONT-E35CF921,SESS-D1038673,Order Status,0.791,FAQ,0,0,0,Technology,IVR,48,0.4339,2026-03-21T20:57:51
CONT-085C4DA7,SESS-80615748,Order Status,0.7675,Handoff,0,0,0,Technology,Mobile App,98,0.3969,2026-03-08T08:37:13
CONT-C67F5509,SESS-FE6DDC1B,Loyalty Program,0.5203,Guided Flow,0,0,0,Technology,Partner API,56,0.2496,2026-03-31T19:00:04
CONT-65EBF4B7,SESS-7FD3338E,Password Reset,0.7617,Handoff,1,0,0,Travel,Mobile App,24,0.7112,2026-04-05T21:21:29
CONT-A747DFC3,SESS-8723C3F0,Password Reset,0.8566,FAQ,0,0,0,Healthcare,Kiosk,47,0.3939,2026-03-17T16:32:33
CONT-557C92A0,SESS-9CD37CE5,Loyalty Program,0.8941,Handoff,0,0,0,Financial Services,IVR,50,0.4919,2026-03-07T17:53:36
CONT-CFEE5874,SESS-E3EC28AC,Technical Troubleshooting,0.8033,Self-Service,0,0,0,Travel,Web,66,0.3775,2026-03-18T10:59:47
CONT-9189BF80,SESS-2E2B34D1,Loyalty Program,0.6455,Self-Service,1,0,0,Travel,Kiosk,102,0.6699,2026-03-22T19:14:46
CONT-706A803C,SESS-381E33E2,Loyalty Program,0.7095,Free Text,1,0,0,Travel,Partner API,61,0.6206,2026-03-12T05:50:42
CONT-892D7832,SESS-2F8A7291,Password Reset,0.7015,FAQ,0,0,0,Financial Services,Kiosk,90,0.3376,2026-04-02T02:56:36
CONT-9373CFA7,SESS-480E1DF7,Technical Troubleshooting,0.4065,Self-Service,0,0,0,Technology,Partner API,90,0.1925,2026-03-27T22:36:58
CONT-6CD97116,SESS-6E945CE2,Product Support,0.8733,Escalation,0,0,0,Retail,Kiosk,59,0.3969,2026-03-13T17:15:39
CONT-888F6ABC,SESS-0209FE1F,Password Reset,0.5073,FAQ,0,0,0,Financial Services,Web,18,0.2464,2026-03-30T02:11:12
CONT-E697D373,SESS-2B38A433,Billing Inquiry,0.5436,Self-Service,1,0,0,Healthcare,Web,23,0.5766,2026-03-07T07:16:09
CONT-C8F231CA,SESS-5A392276,Password Reset,0.579,Escalation,0,0,0,Healthcare,Web,43,0.328,2026-04-02T07:17:51
CONT-5AF24E05,SESS-6927C415,General Inquiry,0.9283,FAQ,0,0,0,Technology,Kiosk,27,0.4554,2026-03-19T15:18:06
CONT-CCA49F26,SESS-BCB737BE,Returns & Refunds,0.8575,Escalation,0,0,0,Technology,Kiosk,16,0.4731,2026-03-27T21:01:24
CONT-5A7E0D71,SESS-D498F94D,Returns & Refunds,0.8619,Self-Service,0,0,0,Technology,Partner API,62,0.4558,2026-03-19T12:31:12
CONT-79F08FBC,SESS-89B8B2E3,Order Status,1.0,Handoff,0,0,0,Travel,IVR,26,0.525,2026-03-09T16:57:41
CONT-AE525C32,SESS-85711309,Password Reset,0.7323,Handoff,0,0,0,Financial Services,Mobile App,79,0.3416,2026-03-18T14:34:47
CONT-9A746656,SESS-55FFFACC,Order Status,0.8155,Guided Flow,0,0,0,Travel,Web,209,0.372,2026-03-25T21:44:39
CONT-69C669DE,SESS-97D7F045,Order Status,0.6521,Handoff,0,1,0,Retail,Partner API,23,0.093,2026-03-15T07:13:58
CONT-F8EF4966,SESS-50417D11,Billing Inquiry,0.5733,Escalation,0,0,0,Retail,Kiosk,56,0.2594,2026-04-01T21:53:04
CONT-259389CA,SESS-D88BEF5F,Billing Inquiry,0.5339,Free Text,1,0,1,Healthcare,IVR,137,0.406,2026-03-23T07:17:12
CONT-C0E5C31C,SESS-1C1EF7B1,Password Reset,0.3765,FAQ,0,0,1,Retail,Mobile App,30,0.0796,2026-03-17T19:09:58
CONT-D9E83C48,SESS-8B6405FF,Subscription Management,0.6481,FAQ,0,0,0,Healthcare,IVR,49,0.3057,2026-03-14T16:34:40
CONT-0F2D011B,SESS-8E1B1021,Subscription Management,0.5721,Self-Service,0,0,0,Financial Services,Kiosk,86,0.2902,2026-03-09T02:31:33
CONT-CA103FC1,SESS-AB3D251A,General Inquiry,0.431,Handoff,0,0,1,Technology,Web,125,0.1081,2026-03-18T05:27:11
CONT-19C83A7F,SESS-C0A99064,Password Reset,0.4973,Free Text,0,0,0,Retail,Mobile App,100,0.2125,2026-03-31T13:03:42
CONT-805FF2F7,SESS-7D676DA4,Order Status,0.8772,Free Text,0,0,1,Retail,Mobile App,354,0.3071,2026-04-01T00:32:31
CONT-A20359A2,SESS-732F8FA6,Order Status,0.4875,FAQ,0,0,1,Retail,Partner API,57,0.0519,2026-03-26T17:18:11
CONT-BAA6B982,SESS-D282AAED,General Inquiry,0.4726,Escalation,0,0,1,Healthcare,Kiosk,26,0.0956,2026-04-02T13:08:02
CONT-ABBF8FE9,SESS-CD39E2FE,Loyalty Program,0.7891,Free Text,0,0,0,Retail,Partner API,220,0.3527,2026-03-14T17:15:44
CONT-7FEAB1E6,SESS-4FC27325,Subscription Management,0.7421,Guided Flow,0,0,0,Retail,Mobile App,131,0.4097,2026-03-08T15:46:15
CONT-57831F1B,SESS-24EE64E8,Returns & Refunds,0.7978,Guided Flow,0,0,0,Technology,Kiosk,59,0.423,2026-03-27T19:47:09
CONT-3B97C19C,SESS-FAB4F3E3,General Inquiry,1.0,Self-Service,0,0,1,Financial Services,Mobile App,105,0.3563,2026-03-31T23:40:39
CONT-5D729219,SESS-A9604BB4,Billing Inquiry,0.5196,Free Text,0,0,0,Travel,IVR,144,0.2474,2026-03-12T14:29:27
CONT-567D7A8D,SESS-357F8D76,Loyalty Program,0.8241,Free Text,0,0,0,Financial Services,IVR,49,0.3971,2026-04-02T18:15:54
CONT-71D1F155,SESS-17EF5E6C,Account Management,0.6668,Escalation,0,0,0,Retail,Web,37,0.2893,2026-04-02T14:01:17
CONT-985CBFAA,SESS-15DC0FFA,Password Reset,0.8419,Guided Flow,0,0,0,Travel,Web,121,0.4584,2026-04-05T19:41:32
CONT-9DE5BD41,SESS-1B23F40E,Password Reset,0.728,FAQ,0,0,0,Travel,Web,24,0.3171,2026-03-13T22:32:47
CONT-57D6F84D,SESS-D4D1B1E3,Order Status,0.4167,Escalation,1,0,0,Travel,Partner API,97,0.5397,2026-03-20T20:51:44
CONT-CC220CFF,SESS-6D5B274F,General Inquiry,0.709,FAQ,0,0,0,Travel,Partner API,66,0.3935,2026-03-24T14:13:44
CONT-80AD1F63,SESS-E53B77D3,Subscription Management,0.9465,Handoff,1,0,0,Healthcare,Web,116,0.8084,2026-03-15T20:47:45
CONT-49DAFAB8,SESS-310A9E70,Technical Troubleshooting,0.9933,Escalation,0,0,0,Financial Services,IVR,12,0.536,2026-03-23T19:08:28
CONT-03AEE1FE,SESS-B280DE3A,Billing Inquiry,0.8069,Handoff,0,0,0,Financial Services,Partner API,91,0.4385,2026-03-19T13:05:33
CONT-73BF9B72,SESS-71181F2E,Billing Inquiry,0.6687,FAQ,0,0,0,Travel,Kiosk,69,0.3026,2026-03-30T12:42:31
CONT-ADE2530E,SESS-26956A85,Billing Inquiry,0.5499,Free Text,0,0,0,Financial Services,Web,268,0.2831,2026-03-08T02:29:43
CONT-2AD00F24,SESS-29B5EC88,Billing Inquiry,0.4983,Guided Flow,0,0,1,Financial Services,IVR,206,0.1231,2026-03-25T08:45:36
CONT-DE0152C3,SESS-2CAD6320,Technical Troubleshooting,0.7822,Escalation,0,0,0,Healthcare,Web,41,0.3875,2026-03-29T23:38:34
CONT-ADFD0471,SESS-D511199A,Subscription Management,0.6388,Escalation,1,0,0,Financial Services,IVR,26,0.6052,2026-04-01T11:38:33
CONT-F5547A4F,SESS-CEA65797,Loyalty Program,0.8907,Handoff,0,0,0,Technology,Kiosk,544,0.4459,2026-03-07T02:19:20
CONT-62E7784E,SESS-840A782A,Technical Troubleshooting,0.7435,FAQ,0,0,0,Technology,Kiosk,132,0.411,2026-03-10T09:20:36
CONT-AB94D08D,SESS-EAAFFDBE,Loyalty Program,0.8845,Handoff,0,0,1,Retail,Mobile App,67,0.3409,2026-03-27T11:17:48
CONT-FC487FCE,SESS-C53D14BD,Order Status,0.9637,Self-Service,0,0,0,Travel,Web,31,0.4745,2026-03-10T01:48:29
CONT-FF8FA3E1,SESS-04A455E3,Account Management,0.6666,FAQ,0,0,0,Healthcare,Mobile App,50,0.3373,2026-03-20T15:30:45
CONT-63296BDD,SESS-DB1E02CB,Order Status,0.486,Free Text,0,0,0,Technology,IVR,62,0.2343,2026-03-07T15:28:44
CONT-5B7AAB59,SESS-F9B6353E,Loyalty Program,0.8865,Self-Service,0,0,0,Healthcare,Mobile App,112,0.4329,2026-03-09T19:00:24
CONT-D853E394,SESS-D1C78534,Account Management,0.3608,Escalation,0,0,0,Technology,Web,43,0.1494,2026-03-08T23:26:31
CONT-4F553A8C,SESS-FA4524CA,Product Support,0.8406,Escalation,0,0,0,Technology,Kiosk,30,0.4208,2026-03-16T13:43:08
CONT-8E2C9B21,SESS-42FEF7BE,Loyalty Program,0.2701,Guided Flow,0,0,0,Travel,Partner API,111,0.1412,2026-03-10T17:28:46
CONT-5EBC82F9,SESS-5DC2C0FA,Returns & Refunds,0.7772,Free Text,0,0,0,Retail,Mobile App,36,0.341,2026-03-26T19:30:24
CONT-32FD9E47,SESS-7C50828A,Returns & Refunds,0.6979,Escalation,0,0,0,Travel,Kiosk,40,0.3393,2026-03-30T12:49:17
CONT-A3373B10,SESS-0BBF3599,Loyalty Program,0.639,Guided Flow,0,0,0,Healthcare,Partner API,69,0.3358,2026-03-15T14:49:33
CONT-8B8CC16F,SESS-9E67B6B2,Loyalty Program,0.9474,Guided Flow,0,0,0,Travel,Web,48,0.4731,2026-03-27T03:32:41
CONT-B35E4D85,SESS-5C72E33D,Technical Troubleshooting,0.8785,FAQ,0,0,0,Travel,Mobile App,51,0.4121,2026-04-05T20:22:29
CONT-EC3DD941,SESS-A3E63EA9,Technical Troubleshooting,0.9367,Handoff,0,0,1,Financial Services,Mobile App,111,0.3347,2026-04-02T00:56:02
CONT-973417AC,SESS-5BD646D2,Subscription Management,0.5278,Handoff,0,0,0,Financial Services,Mobile App,65,0.2238,2026-04-01T16:20:17
CONT-7D2E8F16,SESS-3E3B5BCF,Subscription Management,0.426,Guided Flow,0,0,0,Travel,IVR,79,0.2283,2026-03-29T17:57:35
CONT-B5C3BAFF,SESS-0A654B6E,Subscription Management,0.2296,FAQ,0,0,0,Technology,Mobile App,114,0.1552,2026-03-18T20:19:56
CONT-45FEA461,SESS-C3D84EFE,Loyalty Program,0.5109,Guided Flow,0,0,0,Technology,Web,45,0.2125,2026-03-23T16:07:35
CONT-E5E6F6FF,SESS-527890E7,Billing Inquiry,0.7165,Guided Flow,0,0,0,Healthcare,Web,33,0.3778,2026-03-27T02:30:10
CONT-0732B7F5,SESS-EEF96620,General Inquiry,0.6305,Free Text,0,0,1,Healthcare,Mobile App,107,0.1211,2026-03-31T13:26:42
CONT-93CF6E61,SESS-C6DC7205,Subscription Management,0.6644,Escalation,0,0,0,Travel,Web,88,0.3302,2026-04-01T19:24:15
CONT-232DFAF1,SESS-5BABBB60,Account Management,0.8619,Guided Flow,1,0,0,Financial Services,Web,105,0.7071,2026-03-12T03:23:17
CONT-CFA13D92,SESS-B4FE4A7A,Returns & Refunds,0.9554,Guided Flow,0,0,0,Financial Services,Partner API,13,0.4712,2026-03-12T08:36:34
CONT-DFBF2D3C,SESS-A06BA5EE,Returns & Refunds,0.6025,Free Text,0,0,0,Financial Services,Web,34,0.3277,2026-03-26T00:09:33
CONT-C9E5A69A,SESS-D60204A0,Billing Inquiry,0.4853,Escalation,0,0,0,Retail,Mobile App,60,0.2737,2026-03-23T23:56:07
CONT-6CD97116,SESS-20D651D7,Account Management,0.8477,Self-Service,0,0,0,Retail,IVR,51,0.4574,2026-03-12T14:16:06
CONT-154579A7,SESS-437FED24,Returns & Refunds,0.8963,Free Text,0,0,0,Healthcare,Partner API,22,0.4808,2026-03-25T22:41:57
CONT-29B1B77D,SESS-E3D93C4D,General Inquiry,0.7161,Free Text,0,0,0,Healthcare,IVR,55,0.3671,2026-03-12T08:09:03
CONT-BC7860A2,SESS-2DCCF441,Account Management,0.8957,Escalation,0,0,0,Retail,Partner API,38,0.4961,2026-03-24T04:33:42
CONT-43BFC92F,SESS-10715FC5,General Inquiry,0.5634,Guided Flow,0,0,1,Healthcare,Kiosk,797,0.0933,2026-03-07T15:27:31
CONT-C77B1809,SESS-877ED51E,Returns & Refunds,0.7733,Handoff,0,0,1,Travel,Mobile App,42,0.2637,2026-03-23T23:05:34
CONT-2E28C7CC,SESS-D3A25937,Password Reset,0.6529,Handoff,0,0,0,Financial Services,Partner API,89,0.2839,2026-03-26T10:23:11
CONT-1FE07571,SESS-E297759A,Returns & Refunds,0.8847,Self-Service,0,0,0,Retail,IVR,14,0.4436,2026-03-30T17:27:00
CONT-CA61BD1C,SESS-EA45CBD8,Account Management,0.9905,Escalation,0,0,0,Healthcare,Partner API,42,0.5325,2026-03-25T15:02:42
CONT-AA75BEEC,SESS-75148D67,Account Management,0.7383,Guided Flow,0,0,0,Financial Services,Mobile App,240,0.3697,2026-03-17T02:07:26
CONT-43347F97,SESS-8172E7B7,General Inquiry,0.6697,Escalation,0,0,0,Healthcare,Mobile App,124,0.3645,2026-03-24T01:29:17
CONT-BCDCA20D,SESS-9AEFB5BC,Password Reset,0.5832,Free Text,0,0,0,Technology,Mobile App,149,0.3383,2026-03-26T03:00:43
CONT-DE0152C3,SESS-DAC0512A,Password Reset,0.6372,Handoff,0,0,0,Financial Services,Web,211,0.2814,2026-04-03T18:05:58
CONT-4210A2E4,SESS-EC971C44,Order Status,0.6664,Escalation,0,0,0,Retail,IVR,28,0.3822,2026-03-09T18:41:47
CONT-B13BC38E,SESS-F3CF6AD8,Technical Troubleshooting,0.2788,Handoff,0,0,0,Travel,Web,186,0.1327,2026-03-13T04:52:27
CONT-CF0B6BFB,SESS-F2B75C29,Loyalty Program,0.5865,Self-Service,0,0,0,Healthcare,Kiosk,69,0.3048,2026-03-11T21:37:16
CONT-55523DCD,SESS-C126C666,Account Management,0.6974,FAQ,0,0,0,Financial Services,Partner API,56,0.3304,2026-03-31T05:08:00
CONT-5CDB1823,SESS-2A021FEA,Order Status,0.469,Free Text,0,0,1,Healthcare,Mobile App,171,0.1308,2026-03-30T04:58:45
CONT-0E4A0BD0,SESS-E2F0B6B1,Order Status,0.4735,Self-Service,0,0,0,Technology,Partner API,71,0.2492,2026-03-26T18:09:15
CONT-7801A083,SESS-DB07BE40,Subscription Management,0.8403,FAQ,0,0,1,Travel,IVR,358,0.2886,2026-03-18T14:01:33
CONT-24B44694,SESS-9108471A,Billing Inquiry,0.5341,FAQ,0,0,0,Healthcare,Partner API,112,0.2263,2026-03-21T16:33:52
CONT-102446FE,SESS-D4AB4CF7,Billing Inquiry,0.6795,Guided Flow,0,0,0,Financial Services,Partner API,319,0.3712,2026-03-28T03:10:34
CONT-B9BA6206,SESS-9FEA4240,Billing Inquiry,0.4309,Escalation,0,0,1,Healthcare,Web,244,0.0634,2026-03-12T19:51:45
CONT-3689B567,SESS-B393CCD7,Product Support,0.8386,Free Text,0,0,0,Retail,IVR,243,0.3832,2026-03-28T01:35:02
CONT-36B48445,SESS-325F37C1,Product Support,0.6348,Self-Service,0,0,0,Retail,Kiosk,109,0.3279,2026-03-27T21:13:09
CONT-0240CD87,SESS-5B9426A9,Product Support,0.4626,FAQ,0,0,1,Financial Services,Partner API,309,0.0482,2026-03-23T11:00:37
CONT-0BBA7594,SESS-0C84D59B,Billing Inquiry,0.6667,Self-Service,0,0,0,Financial Services,Kiosk,84,0.3457,2026-03-27T17:24:35
CONT-9373CFA7,SESS-31780DA6,Subscription Management,0.3624,Self-Service,0,0,0,Travel,Mobile App,13,0.1835,2026-03-24T11:17:23
CONT-41D892D6,SESS-B470BBA8,General Inquiry,0.2977,Self-Service,0,0,0,Retail,Web,290,0.1293,2026-04-02T07:58:43
CONT-44C1677A,SESS-67E24151,Order Status,0.4847,Escalation,0,0,1,Travel,Partner API,85,0.0879,2026-03-08T22:48:16
CONT-57DD96A9,SESS-92F18CE9,Billing Inquiry,0.6245,Free Text,0,0,0,Financial Services,Mobile App,34,0.3192,2026-03-08T03:30:45
CONT-A03C58BE,SESS-0AAB808E,Subscription Management,0.6588,Handoff,0,0,1,Financial Services,Web,180,0.1482,2026-04-01T03:54:42
CONT-54BA6C5D,SESS-D38D0F25,Loyalty Program,0.8536,Escalation,0,0,0,Financial Services,IVR,71,0.3933,2026-03-16T02:26:05
CONT-9D2BB2FA,SESS-D5FDA48B,Account Management,0.6621,Guided Flow,1,0,0,Healthcare,Partner API,88,0.636,2026-03-21T05:31:18
CONT-C82BBCBB,SESS-EE0CDE45,Technical Troubleshooting,0.6535,Guided Flow,0,0,0,Financial Services,Kiosk,84,0.3133,2026-03-20T20:25:59
CONT-480A2359,SESS-6C22AB65,Account Management,0.3929,Escalation,0,0,1,Technology,Web,87,0.0941,2026-03-10T13:36:20
CONT-35D55FC4,SESS-02A23CFB,Product Support,0.5405,FAQ,0,0,0,Retail,IVR,37,0.3126,2026-03-28T11:57:47
CONT-4393E986,SESS-9A86CFEC,Returns & Refunds,0.4744,Escalation,0,0,0,Travel,IVR,37,0.2335,2026-04-01T14:53:22
CONT-9AF2DD9A,SESS-1D99743C,General Inquiry,0.651,Guided Flow,0,0,0,Technology,Mobile App,20,0.3674,2026-03-20T23:29:26
CONT-028535F7,SESS-CD259E87,Product Support,0.795,Free Text,0,0,1,Retail,Partner API,105,0.2138,2026-03-28T05:24:37
CONT-706A4685,SESS-35C9B466,Technical Troubleshooting,0.4657,Escalation,0,0,1,Healthcare,IVR,288,0.0717,2026-03-07T23:07:23
CONT-213C300D,SESS-CE86BAB1,Loyalty Program,0.4947,Free Text,0,0,0,Financial Services,Web,41,0.2807,2026-04-04T11:14:55
CONT-71700017,SESS-5E8DE35E,Password Reset,0.6829,Escalation,0,0,0,Financial Services,Kiosk,24,0.3345,2026-03-31T19:18:33
CONT-B96A98AF,SESS-95BF64BB,Product Support,0.5245,Guided Flow,0,0,0,Technology,Kiosk,55,0.2567,2026-04-04T21:50:25
CONT-95BAA889,SESS-D2075E44,Technical Troubleshooting,0.9257,FAQ,1,0,0,Healthcare,Kiosk,91,0.7857,2026-03-22T18:44:04
CONT-4F38987C,SESS-91F2E8F9,General Inquiry,0.2815,FAQ,0,0,0,Financial Services,IVR,74,0.1514,2026-03-19T17:41:35
CONT-B6EF8E17,SESS-50288E4B,Subscription Management,0.6662,Free Text,0,0,0,Healthcare,IVR,73,0.3676,2026-04-04T12:04:19
CONT-7E8EDD51,SESS-08C30395,Account Management,0.4685,Guided Flow,0,0,1,Retail,Web,44,0.1236,2026-03-14T13:26:10
CONT-6DB8BD3F,SESS-7833C64F,Password Reset,0.7403,Guided Flow,0,0,0,Retail,Kiosk,38,0.3333,2026-03-19T19:14:38
CONT-B642CDE8,SESS-47F099EA,Subscription Management,0.629,Self-Service,0,0,1,Financial Services,Mobile App,205,0.1178,2026-03-24T22:30:58
CONT-53029F07,SESS-30AC3509,Technical Troubleshooting,0.7049,Self-Service,1,0,0,Travel,Kiosk,35,0.689,2026-03-29T03:45:18
CONT-B2DE920C,SESS-86A115E0,Password Reset,0.9842,Free Text,0,0,0,Retail,IVR,134,0.5262,2026-03-15T00:29:17
CONT-EF299D08,SESS-A115C34A,Subscription Management,0.2313,Self-Service,0,0,0,Technology,Mobile App,61,0.1543,2026-03-07T05:59:58
CONT-4DB2D071,SESS-FD995E1D,Loyalty Program,0.6954,Guided Flow,0,1,1,Travel,Web,190,0.0014,2026-03-13T21:58:53
CONT-9098AD68,SESS-DE5437D8,General Inquiry,0.4552,Self-Service,0,0,1,Technology,Kiosk,380,0.0987,2026-03-10T19:09:18
CONT-3E7F88FC,SESS-4C6F22E3,Returns & Refunds,0.7127,Self-Service,0,0,0,Financial Services,Mobile App,474,0.3088,2026-03-09T02:15:02
CONT-B6C8ED99,SESS-5E430B78,Billing Inquiry,0.4604,Self-Service,0,1,1,Financial Services,Web,145,0.0,2026-04-01T19:26:38
CONT-D032E584,SESS-1131C407,Subscription Management,0.5463,Self-Service,0,0,0,Travel,Web,63,0.2974,2026-03-18T17:05:58
CONT-2ED21BFE,SESS-04BD6256,Account Management,0.6024,Self-Service,0,0,0,Healthcare,Mobile App,39,0.278,2026-03-30T15:28:13
CONT-ADA769A0,SESS-A2777344,Product Support,0.7752,Guided Flow,0,0,0,Technology,Kiosk,113,0.3407,2026-03-25T22:29:19
CONT-47E1D74D,SESS-A52E9883,Password Reset,0.826,Guided Flow,0,0,0,Technology,Kiosk,116,0.4179,2026-03-16T00:12:43
CONT-CD8A02FE,SESS-6DBBA263,General Inquiry,1.0,Handoff,0,0,0,Technology,Kiosk,77,0.5071,2026-03-14T10:30:33
CONT-5B9BBA9E,SESS-8A2C9B19,Password Reset,0.7704,Handoff,0,0,0,Healthcare,Partner API,171,0.3456,2026-03-15T00:48:23
CONT-F8790A91,SESS-5D562EB5,Returns & Refunds,0.6819,Free Text,0,0,0,Retail,Mobile App,159,0.3901,2026-03-26T06:11:18
CONT-4275C0C8,SESS-00FF66E4,Returns & Refunds,0.6723,Free Text,0,0,0,Travel,Partner API,49,0.3067,2026-03-30T20:40:05
CONT-A17D4BF7,SESS-B976B877,General Inquiry,0.7339,Handoff,0,0,0,Financial Services,Partner API,32,0.3903,2026-03-30T01:39:02
CONT-05277C3A,SESS-A6DEA542,Technical Troubleshooting,0.7356,FAQ,0,0,1,Healthcare,Web,179,0.2076,2026-04-05T21:30:39
CONT-0F9EB9A3,SESS-CE7101D1,Account Management,0.6297,Self-Service,0,0,0,Retail,Mobile App,33,0.3144,2026-04-03T21:22:10
CONT-AF6E40F4,SESS-7D4A5C25,Password Reset,0.4529,Free Text,0,0,0,Technology,IVR,110,0.1773,2026-03-13T03:31:17
CONT-3414746D,SESS-49023009,General Inquiry,0.6548,Self-Service,1,0,0,Financial Services,Kiosk,114,0.6019,2026-03-15T11:18:37
CONT-7C68A794,SESS-8DC2FB81,Technical Troubleshooting,0.7673,Self-Service,0,0,0,Financial Services,IVR,21,0.424,2026-03-18T02:46:26
CONT-035F8130,SESS-A534106E,Account Management,0.9574,Guided Flow,0,0,0,Retail,Mobile App,94,0.5185,2026-03-26T22:52:55
CONT-093F336F,SESS-6753BBF0,Technical Troubleshooting,0.8533,Self-Service,0,0,0,Retail,Mobile App,88,0.4313,2026-03-19T20:40:09
CONT-DE864653,SESS-F9FB6814,Billing Inquiry,0.4018,Handoff,0,0,1,Retail,Mobile App,65,0.0249,2026-04-04T13:32:19
CONT-C9A5AE2E,SESS-37282C8D,Password Reset,0.6078,FAQ,0,0,0,Healthcare,Mobile App,11,0.344,2026-03-09T22:27:14
CONT-41277815,SESS-6D5FA52C,Returns & Refunds,0.7232,Free Text,0,0,0,Financial Services,Web,92,0.3961,2026-03-29T22:22:43
CONT-168CCE14,SESS-23B5B214,Password Reset,0.6467,FAQ,0,0,0,Travel,IVR,46,0.3227,2026-03-27T03:19:43
CONT-779F6953,SESS-81E3F9D0,General Inquiry,0.9364,Free Text,0,0,0,Technology,Kiosk,75,0.5128,2026-03-23T03:14:20
CONT-D57C3BFD,SESS-F45870EE,General Inquiry,0.4519,Guided Flow,0,0,0,Healthcare,Kiosk,59,0.2014,2026-03-31T14:05:01
CONT-B0B45403,SESS-98598652,Order Status,0.523,Self-Service,0,0,1,Retail,Kiosk,56,0.1089,2026-03-19T04:57:44
CONT-F4EF1E63,SESS-B03CB9F1,Technical Troubleshooting,0.2463,FAQ,0,0,1,Travel,Web,771,0.0,2026-03-12T06:52:41
CONT-2F5B6595,SESS-F5E0DA8A,Returns & Refunds,1.0,Escalation,0,0,0,Technology,Web,141,0.5087,2026-03-30T09:13:41
CONT-D3D95943,SESS-B138A14D,Billing Inquiry,0.6867,FAQ,0,0,0,Healthcare,Mobile App,32,0.3403,2026-04-05T02:12:08
CONT-328F403D,SESS-38385A74,Subscription Management,0.9465,Guided Flow,0,0,0,Travel,Kiosk,25,0.4747,2026-04-03T13:28:39
CONT-689FDEED,SESS-E6405B47,Returns & Refunds,0.6004,Self-Service,0,0,0,Financial Services,Kiosk,100,0.3167,2026-03-21T22:23:19
CONT-F68A3ED3,SESS-7523E589,Loyalty Program,0.7303,FAQ,0,0,0,Travel,Partner API,19,0.385,2026-03-12T23:12:26
CONT-5F7B20CC,SESS-4ADA2E87,Technical Troubleshooting,0.477,Free Text,0,0,1,Financial Services,Mobile App,156,0.1326,2026-04-04T22:57:32
CONT-473D381E,SESS-2A9C4436,Password Reset,0.6689,Self-Service,0,0,0,Retail,Mobile App,44,0.3343,2026-03-27T08:43:44
CONT-37CF04D0,SESS-62D7CEE6,General Inquiry,0.8531,FAQ,0,0,0,Travel,Web,73,0.4652,2026-03-31T20:00:42
CONT-811831CF,SESS-74FBDC35,Billing Inquiry,0.5081,Free Text,0,0,0,Travel,Mobile App,36,0.2343,2026-03-09T09:08:37
CONT-6DC6A2B5,SESS-CDF9C3D1,Subscription Management,0.6812,FAQ,0,0,0,Healthcare,IVR,80,0.2984,2026-03-27T23:37:04
CONT-81C99817,SESS-CF52D71E,Returns & Refunds,0.7945,Free Text,0,0,0,Healthcare,Kiosk,176,0.3637,2026-04-04T18:08:35
CONT-BBD8A2FA,SESS-D4A5F5D2,Billing Inquiry,0.8265,Guided Flow,0,0,0,Travel,Kiosk,32,0.3751,2026-03-18T17:40:31
CONT-3227E46E,SESS-D8277A8C,Technical Troubleshooting,0.6773,Self-Service,0,0,0,Travel,Mobile App,62,0.3402,2026-03-28T10:19:12
CONT-B263CBCD,SESS-CA981C37,Returns & Refunds,0.6589,FAQ,0,0,0,Retail,Mobile App,56,0.331,2026-03-13T09:02:49
CONT-52269E1B,SESS-663258E1,Product Support,0.3064,Escalation,0,0,0,Healthcare,Web,457,0.151,2026-04-04T14:21:37
CONT-B1FF2458,SESS-AD8EF48D,Account Management,0.8183,Handoff,0,0,0,Travel,Web,28,0.38,2026-03-13T02:30:08
CONT-A1B786D4,SESS-1AF117CE,Returns & Refunds,0.405,Self-Service,0,0,0,Retail,Web,34,0.205,2026-03-30T21:33:28
CONT-8B8425FC,SESS-E541535A,Password Reset,0.9715,Free Text,0,0,0,Financial Services,Kiosk,17,0.4412,2026-03-16T01:53:24
CONT-6666074B,SESS-DEDBF2B0,Loyalty Program,0.6409,Guided Flow,0,0,0,Financial Services,Web,19,0.3576,2026-03-21T09:32:36
CONT-12C6D7A6,SESS-8BF2CB19,Product Support,0.6874,Escalation,0,0,0,Retail,Web,182,0.3751,2026-03-24T16:17:26
CONT-BC7860A2,SESS-04FC07B9,Product Support,0.4288,Handoff,0,0,1,Healthcare,Kiosk,53,0.1078,2026-04-02T01:21:20
CONT-82662746,SESS-A034EF4F,Subscription Management,0.4591,Guided Flow,0,0,0,Healthcare,Partner API,169,0.257,2026-03-09T20:57:56
CONT-417EF088,SESS-F70D273E,Product Support,0.4597,Guided Flow,0,0,0,Healthcare,Mobile App,100,0.1902,2026-03-12T21:32:24
CONT-C8A4A595,SESS-2AE48A31,Billing Inquiry,0.6633,Self-Service,0,0,0,Retail,Web,121,0.3005,2026-03-09T16:41:02
CONT-24E4388E,SESS-F13C3231,General Inquiry,0.4536,Guided Flow,0,0,0,Retail,Web,96,0.2231,2026-03-13T08:13:29
CONT-FE768785,SESS-8F5D05E3,Order Status,0.3451,Free Text,1,0,0,Technology,IVR,29,0.4598,2026-03-07T08:32:27
CONT-376F03F7,SESS-F4E7B678,Billing Inquiry,0.9859,Free Text,0,0,0,Financial Services,Mobile App,575,0.5123,2026-04-02T12:20:40
CONT-827F07C7,SESS-107E95D9,Billing Inquiry,0.5461,Guided Flow,0,0,0,Travel,Web,388,0.2502,2026-04-05T05:28:54
CONT-24EEE46A,SESS-B0A7E89A,Subscription Management,0.9031,Handoff,0,0,0,Travel,Web,20,0.4254,2026-03-19T20:54:20
CONT-A11FB10C,SESS-326BC25A,Account Management,0.5151,FAQ,0,0,0,Healthcare,Kiosk,151,0.3014,2026-03-25T15:36:18
CONT-22EBE141,SESS-2CAD3FDF,Order Status,0.5221,FAQ,0,0,1,Technology,Partner API,182,0.1224,2026-04-03T02:37:16
CONT-C7FA579B,SESS-6AF8F72A,General Inquiry,0.7636,FAQ,0,1,0,Retail,Kiosk,27,0.1516,2026-03-25T11:37:33
CONT-87426CF2,SESS-35D0CFED,Product Support,0.573,Escalation,0,0,0,Financial Services,IVR,121,0.2945,2026-03-18T03:34:20
CONT-42BDEFC9,SESS-675C6CD4,General Inquiry,0.8605,Guided Flow,0,0,0,Technology,Kiosk,141,0.4313,2026-03-20T09:36:19
CONT-9DDB27E6,SESS-3921A709,Returns & Refunds,0.6501,Guided Flow,0,0,0,Travel,Kiosk,19,0.3699,2026-03-31T07:57:04
CONT-A76FA04C,SESS-A9E25313,Billing Inquiry,0.6688,FAQ,0,0,0,Technology,Kiosk,162,0.3256,2026-03-20T19:10:47
CONT-A9D75909,SESS-B8126186,Password Reset,0.4745,Free Text,0,0,0,Technology,Kiosk,71,0.2277,2026-03-07T04:07:42
CONT-C77B1809,SESS-968A014D,Subscription Management,0.5247,Free Text,0,0,0,Healthcare,Mobile App,18,0.2237,2026-03-19T10:45:33
CONT-B2E6A934,SESS-7614E18D,Product Support,0.6134,Escalation,0,0,0,Travel,IVR,114,0.2646,2026-03-15T18:56:17
CONT-BB94A959,SESS-B05E755C,Order Status,0.9345,Free Text,0,0,0,Technology,Partner API,94,0.4182,2026-03-07T08:34:59
CONT-4AB7F20F,SESS-1163D21B,General Inquiry,0.6233,Self-Service,1,0,0,Healthcare,Kiosk,107,0.6368,2026-03-23T08:26:19
CONT-4BEA22A4,SESS-3CDAC266,Password Reset,0.5809,Self-Service,0,0,0,Healthcare,IVR,21,0.2905,2026-03-26T11:50:37
CONT-5AC9480B,SESS-B1B5B8C3,Returns & Refunds,0.6137,Escalation,0,0,0,Retail,Partner API,17,0.3514,2026-03-10T13:31:56
CONT-33DD228F,SESS-37F9DDF7,Order Status,0.5283,Free Text,0,0,0,Travel,Mobile App,30,0.2275,2026-03-24T11:36:15
CONT-909FF5D6,SESS-3C86C51A,Technical Troubleshooting,0.7208,Escalation,0,0,0,Healthcare,IVR,172,0.3355,2026-03-25T05:07:45
CONT-B7C5691F,SESS-A7482B04,Product Support,0.9751,Guided Flow,0,0,0,Financial Services,Kiosk,30,0.4816,2026-03-24T16:29:58
CONT-81ADF613,SESS-DD3A3ECA,Order Status,0.7866,Self-Service,0,0,1,Healthcare,Mobile App,78,0.2184,2026-03-19T10:49:10
CONT-473D381E,SESS-96501364,Product Support,0.8943,Free Text,0,0,0,Travel,Partner API,140,0.4915,2026-03-22T10:13:57
CONT-2F947331,SESS-4599BF3E,Product Support,0.6631,Free Text,0,0,0,Financial Services,Kiosk,70,0.3726,2026-03-15T04:28:26
CONT-923FA3E2,SESS-CC8E6D48,Order Status,0.6148,Handoff,0,0,0,Retail,IVR,16,0.3091,2026-03-27T08:04:41
CONT-647677DC,SESS-8395F636,Billing Inquiry,0.8262,Escalation,0,0,0,Financial Services,IVR,56,0.4508,2026-03-14T18:53:43
CONT-81D0455B,SESS-467C10B5,Product Support,0.4946,Handoff,0,0,0,Retail,Web,51,0.2568,2026-03-15T11:18:44
CONT-BB626213,SESS-E2C4F23B,Product Support,0.5449,Escalation,0,0,0,Technology,Web,81,0.307,2026-03-17T23:23:14
CONT-9218D834,SESS-7D81B93E,Product Support,0.8508,Free Text,0,0,0,Travel,Partner API,186,0.4725,2026-03-07T20:21:27
CONT-80424D05,SESS-0DD14A0B,Billing Inquiry,0.8187,Handoff,0,0,0,Technology,IVR,101,0.3779,2026-04-01T01:24:40
CONT-250E031F,SESS-2C9FBA0A,Subscription Management,0.2319,FAQ,1,0,1,Retail,IVR,101,0.2482,2026-03-24T07:45:16
CONT-00D6E417,SESS-0B1E68BF,Billing Inquiry,0.8559,Escalation,0,0,0,Travel,IVR,117,0.41,2026-04-04T03:24:22
CONT-F0BD1BD0,SESS-86F78F14,Account Management,0.6086,Handoff,0,1,0,Healthcare,Web,68,0.0965,2026-03-30T15:26:49
CONT-953C7C52,SESS-872782BC,Password Reset,0.8013,Guided Flow,0,0,0,Travel,Kiosk,31,0.3533,2026-04-05T09:29:29
CONT-D251DBD7,SESS-9ED9672B,Subscription Management,0.3401,Guided Flow,0,0,0,Technology,IVR,43,0.147,2026-03-14T01:59:45
CONT-7190FA7D,SESS-D26705B9,Technical Troubleshooting,0.7088,Escalation,0,0,0,Technology,Mobile App,28,0.3064,2026-03-11T11:27:41
CONT-E6E62686,SESS-00354D06,Account Management,0.5736,Free Text,1,0,0,Financial Services,Mobile App,22,0.5907,2026-03-27T13:46:34
CONT-0415D47C,SESS-DE0D31F3,Billing Inquiry,0.7531,Guided Flow,0,0,0,Retail,Web,87,0.3446,2026-03-31T08:12:19
CONT-F4B9AA2D,SESS-FC1CDBF1,Order Status,0.6259,FAQ,0,0,0,Retail,Kiosk,191,0.2753,2026-03-13T12:57:14
CONT-27808E98,SESS-268FBC22,Billing Inquiry,0.7413,Handoff,0,0,0,Retail,IVR,117,0.4197,2026-03-23T02:39:48
CONT-5430724E,SESS-819D3B70,Product Support,0.8289,Free Text,0,0,0,Retail,Mobile App,124,0.418,2026-03-26T09:15:04
CONT-0839A32B,SESS-666C8192,Loyalty Program,0.5965,Self-Service,0,0,0,Healthcare,Partner API,134,0.331,2026-04-04T00:15:33
CONT-88A80658,SESS-AB839D37,Account Management,0.8753,Self-Service,0,0,0,Retail,Partner API,56,0.4109,2026-03-15T08:49:09
CONT-CDD4A658,SESS-D7B5F950,Order Status,0.4795,Escalation,0,0,1,Retail,Kiosk,1284,0.0581,2026-03-18T03:20:45
CONT-94F24E42,SESS-2BA47486,Billing Inquiry,0.818,Escalation,0,0,1,Healthcare,Kiosk,234,0.3009,2026-03-17T16:21:11
CONT-6B5E29D1,SESS-5B747556,Product Support,0.6754,Free Text,0,0,0,Financial Services,Kiosk,73,0.3714,2026-03-16T05:11:45
CONT-EC28CE5E,SESS-8F9DF442,Technical Troubleshooting,0.7651,Free Text,0,0,0,Technology,Mobile App,146,0.4204,2026-03-28T17:30:37
CONT-FC45D282,SESS-B56E483E,Subscription Management,0.8299,Handoff,0,0,0,Travel,Partner API,86,0.3799,2026-03-25T00:51:14
CONT-1B99507D,SESS-78FD96C0,Technical Troubleshooting,0.4652,Free Text,0,0,0,Retail,Partner API,97,0.1924,2026-03-18T03:38:04
CONT-B6EF8E17,SESS-8CB9FBDE,Subscription Management,0.3975,Guided Flow,1,0,0,Healthcare,Kiosk,94,0.5037,2026-04-03T08:49:18
CONT-1E6A3184,SESS-E7AABA1D,Returns & Refunds,0.6758,Free Text,0,0,0,Financial Services,Partner API,16,0.3263,2026-03-13T11:56:03
CONT-F05ECFFF,SESS-097FCA6C,Technical Troubleshooting,0.815,Self-Service,0,0,0,Retail,Kiosk,94,0.4156,2026-03-29T06:53:14
CONT-FF8FA3E1,SESS-2334D2CD,General Inquiry,0.5765,Escalation,0,0,0,Technology,IVR,46,0.3078,2026-03-26T02:45:25
CONT-5A09B2AA,SESS-F9477B4E,Account Management,0.6361,Handoff,0,0,0,Travel,Kiosk,63,0.3187,2026-04-05T13:10:08
CONT-106A0426,SESS-3E98BC17,Account Management,0.6258,Guided Flow,0,0,0,Travel,Web,84,0.2848,2026-03-14T19:55:27
CONT-D1EF1E63,SESS-8A9BD0E1,Product Support,0.0704,Self-Service,0,1,0,Financial Services,Partner API,160,0.0,2026-03-23T00:06:11
CONT-CA98BAAD,SESS-C36BE148,Technical Troubleshooting,0.571,Escalation,0,1,0,Healthcare,Partner API,12,0.055,2026-03-25T23:12:27
CONT-EF4F7C26,SESS-3AF5D51B,Loyalty Program,0.5011,Free Text,0,0,0,Healthcare,Mobile App,80,0.2115,2026-03-19T10:04:33
CONT-48FDF123,SESS-DCF0F446,Product Support,0.5045,Handoff,0,0,0,Retail,IVR,55,0.2787,2026-03-12T05:04:16
CONT-A4052955,SESS-CF1B2FDB,Technical Troubleshooting,1.0,Self-Service,0,0,1,Retail,Kiosk,186,0.3397,2026-03-11T04:19:13
CONT-586E7E0A,SESS-3D254F85,Billing Inquiry,0.6507,Guided Flow,0,0,0,Financial Services,Mobile App,46,0.3071,2026-03-11T07:41:49
CONT-F07C0D83,SESS-943FD59A,Password Reset,0.3811,Self-Service,0,0,1,Retail,Web,282,0.0526,2026-03-17T21:07:25
CONT-CFDC4AEB,SESS-193599D9,Account Management,0.6431,Self-Service,0,0,0,Retail,Mobile App,79,0.3403,2026-03-16T11:39:13
CONT-714ECCCD,SESS-1812081B,Technical Troubleshooting,0.6744,FAQ,0,0,1,Technology,Kiosk,25,0.2012,2026-03-25T14:19:05
CONT-F2738A4B,SESS-50C5126A,Technical Troubleshooting,0.7897,FAQ,0,0,0,Retail,Partner API,30,0.356,2026-03-14T19:20:09
CONT-E833E10D,SESS-E63CF074,Returns & Refunds,0.7038,Guided Flow,0,1,0,Technology,IVR,289,0.1769,2026-03-30T07:55:37
CONT-2EDC12D5,SESS-4D3FDC58,General Inquiry,0.4424,Handoff,0,0,1,Retail,Partner API,328,0.0892,2026-03-11T17:02:11
CONT-638C297C,SESS-22339762,Loyalty Program,0.8464,Self-Service,0,1,0,Healthcare,Mobile App,172,0.1938,2026-03-14T02:29:49
CONT-591813EB,SESS-350325A2,Subscription Management,0.6808,Free Text,0,0,0,Technology,IVR,212,0.3523,2026-03-27T03:28:52
CONT-342BC118,SESS-5C68422F,Account Management,0.6633,FAQ,0,0,0,Travel,Partner API,88,0.3006,2026-03-21T07:20:31
CONT-5EBC82F9,SESS-C853C389,Account Management,0.7346,Free Text,0,0,0,Financial Services,Mobile App,39,0.3405,2026-03-11T22:39:54
CONT-96DB7730,SESS-88F652FD,Subscription Management,0.7455,Free Text,0,0,0,Retail,Kiosk,82,0.3268,2026-03-28T11:10:19
CONT-99C33F64,SESS-8919053B,General Inquiry,0.359,Free Text,0,0,0,Travel,Kiosk,95,0.171,2026-04-04T05:16:23
CONT-9C0F459F,SESS-98DAE4EB,Loyalty Program,0.7194,Guided Flow,0,0,0,Technology,IVR,42,0.3302,2026-03-13T18:49:37
CONT-EF845405,SESS-EB9EBD5A,Loyalty Program,0.5276,Guided Flow,0,0,0,Travel,Kiosk,19,0.267,2026-03-07T05:12:59
CONT-4C2443FA,SESS-9C9353F4,General Inquiry,0.8298,Escalation,0,0,0,Travel,Kiosk,50,0.3677,2026-03-12T14:07:33
CONT-89612CA3,SESS-2EE70009,General Inquiry,0.7483,FAQ,0,0,1,Travel,Web,396,0.2638,2026-04-05T11:00:57
CONT-F621F26A,SESS-1F6648EA,General Inquiry,0.723,Escalation,0,0,0,Healthcare,Kiosk,228,0.3122,2026-03-07T15:10:07
CONT-5A79242C,SESS-B7C94F4A,Product Support,0.892,Handoff,0,0,0,Healthcare,Partner API,74,0.4477,2026-03-27T20:01:54
CONT-805F667F,SESS-8E0EF242,Returns & Refunds,0.376,Escalation,0,0,0,Technology,Mobile App,221,0.1818,2026-03-24T07:09:22
CONT-028535F7,SESS-BD61D19D,Billing Inquiry,0.8659,Guided Flow,0,1,0,Financial Services,Partner API,122,0.2725,2026-03-28T09:29:27
CONT-0E28D150,SESS-71C0CF06,Subscription Management,0.6939,Self-Service,0,0,0,Retail,Partner API,87,0.3125,2026-04-02T19:56:13
CONT-557C92A0,SESS-0F1A2EDB,Order Status,0.7103,Escalation,0,0,0,Financial Services,IVR,38,0.3547,2026-03-30T15:36:49
CONT-34D9759C,SESS-FAF3661F,Product Support,0.4663,FAQ,1,0,0,Healthcare,Mobile App,138,0.5262,2026-03-27T01:08:46
CONT-B5813F61,SESS-ED7005E9,Technical Troubleshooting,0.9483,Guided Flow,0,0,0,Retail,IVR,213,0.4732,2026-03-23T18:38:02
CONT-2F5D0924,SESS-C5EEFAD9,Account Management,0.8527,Handoff,0,0,0,Technology,Web,46,0.4582,2026-03-19T20:24:16
CONT-90764E98,SESS-5FC99247,Order Status,0.7146,Handoff,0,0,0,Technology,Partner API,32,0.3323,2026-03-20T20:50:36
CONT-F7316E8B,SESS-5ABC59EB,Order Status,0.6727,Self-Service,0,0,0,Financial Services,Mobile App,24,0.3532,2026-03-14T20:36:55
CONT-34959653,SESS-C30668FF,Technical Troubleshooting,0.7031,Escalation,0,0,0,Healthcare,IVR,34,0.3353,2026-04-04T03:08:47
CONT-055D60FE,SESS-3950E2A6,Subscription Management,0.6701,Escalation,0,0,0,Financial Services,Mobile App,87,0.3676,2026-03-15T15:56:16
CONT-71068E2F,SESS-BF7B66F1,General Inquiry,0.6361,Free Text,0,0,0,Travel,IVR,132,0.3019,2026-03-30T10:30:47
CONT-DEC7E233,SESS-C2A8ECC7,Billing Inquiry,0.6585,Guided Flow,0,0,0,Technology,IVR,109,0.3176,2026-03-18T20:22:57
CONT-AFFB469B,SESS-ADFD0BB9,Order Status,1.0,FAQ,0,0,0,Technology,Kiosk,50,0.4853,2026-03-10T13:53:45
CONT-7988F2DA,SESS-1B61019A,General Inquiry,0.596,FAQ,0,0,1,Travel,Kiosk,67,0.1355,2026-03-08T11:38:32
CONT-AD3B8175,SESS-A24EC8A9,Password Reset,0.5552,FAQ,0,0,0,Technology,IVR,204,0.2528,2026-03-21T10:59:32
CONT-EA3EE6CE,SESS-853940AD,Returns & Refunds,0.4027,Escalation,0,0,0,Retail,Mobile App,127,0.2479,2026-03-22T16:36:45
CONT-E01908A5,SESS-AB26B09A,Order Status,0.8267,Handoff,0,0,0,Technology,Partner API,35,0.381,2026-03-14T17:11:43
CONT-DBDE7423,SESS-AC5AE686,Billing Inquiry,0.9052,Free Text,0,0,0,Retail,Mobile App,16,0.4581,2026-03-28T07:01:01
CONT-6DF3F708,SESS-92F86BE1,Returns & Refunds,0.3608,Guided Flow,0,0,0,Healthcare,Kiosk,59,0.2303,2026-03-16T14:11:30
CONT-51090E7F,SESS-0C481A80,Loyalty Program,0.7535,FAQ,0,0,0,Retail,Web,114,0.351,2026-04-01T15:39:36
CONT-82662746,SESS-3B4BB38D,Billing Inquiry,0.833,Free Text,0,0,0,Retail,IVR,62,0.442,2026-03-11T16:28:46
CONT-C1184734,SESS-43830A08,Order Status,0.7427,Guided Flow,0,0,0,Technology,Mobile App,207,0.347,2026-03-20T08:52:21
CONT-06461D0E,SESS-3896ED89,Password Reset,0.4182,FAQ,0,0,0,Financial Services,Partner API,112,0.2203,2026-04-03T15:20:24
CONT-48646608,SESS-9F2470C5,Subscription Management,0.8641,FAQ,0,0,1,Healthcare,IVR,255,0.263,2026-03-25T13:01:54
CONT-3E7BDB26,SESS-B7132C16,Account Management,0.867,Self-Service,0,1,0,Healthcare,IVR,58,0.2785,2026-03-08T16:59:51
CONT-4210A2E4,SESS-FDC92EB9,Loyalty Program,0.3149,Self-Service,0,0,0,Healthcare,Partner API,119,0.1116,2026-03-28T16:30:28
CONT-7383FAA8,SESS-44AADF49,Returns & Refunds,0.7148,Guided Flow,0,0,0,Retail,IVR,55,0.3927,2026-03-20T08:57:10
CONT-AD364558,SESS-58D09164,General Inquiry,0.7665,Escalation,0,0,0,Travel,Mobile App,25,0.4284,2026-03-18T18:52:38
CONT-9016C650,SESS-F273CFC1,Product Support,0.7689,Free Text,0,0,0,Technology,Mobile App,44,0.3881,2026-03-14T10:54:12
CONT-21D54216,SESS-4B922754,Returns & Refunds,0.7793,Self-Service,0,0,0,Technology,IVR,25,0.3574,2026-03-26T19:17:48
CONT-806B12F0,SESS-6413CF77,Password Reset,0.6675,FAQ,0,0,0,Retail,Mobile App,48,0.2869,2026-04-02T23:21:22
CONT-FB95C0D9,SESS-A6EEF0A6,Subscription Management,0.7707,Handoff,0,0,1,Retail,Partner API,58,0.2457,2026-03-14T22:33:16
CONT-0F2D011B,SESS-980369C4,Subscription Management,0.1882,Handoff,0,0,0,Healthcare,Kiosk,70,0.1094,2026-03-27T10:35:59
CONT-A63E9D08,SESS-F4E35360,Account Management,0.5329,Self-Service,0,0,0,Retail,Kiosk,73,0.2658,2026-04-02T07:40:45
CONT-64A2E813,SESS-86059280,Loyalty Program,0.921,Guided Flow,0,0,0,Financial Services,Partner API,87,0.5091,2026-03-18T03:56:14
CONT-5803FC03,SESS-3AB65196,Technical Troubleshooting,0.7125,Handoff,0,0,0,Healthcare,IVR,57,0.3617,2026-04-03T00:42:10
CONT-B8011E5E,SESS-E91FA908,Password Reset,0.4674,Escalation,0,0,0,Travel,Kiosk,51,0.1892,2026-03-27T07:44:43
CONT-5430724E,SESS-0967557E,General Inquiry,0.6586,Escalation,0,0,0,Retail,Web,18,0.3687,2026-03-21T01:08:41
CONT-4E25393A,SESS-C739A1F5,Technical Troubleshooting,1.0,Escalation,1,0,0,Technology,Mobile App,294,0.7981,2026-03-21T18:22:31
CONT-ABD02D6C,SESS-39AFB43E,Technical Troubleshooting,0.8059,FAQ,0,0,0,Retail,Kiosk,48,0.4438,2026-03-09T17:34:49
CONT-ACF16387,SESS-CED9BCE7,Product Support,0.9106,Self-Service,0,0,0,Travel,Mobile App,148,0.4611,2026-03-07T18:51:39
CONT-7C6C8B84,SESS-C058407F,Technical Troubleshooting,0.3996,Self-Service,0,0,1,Technology,IVR,77,0.0548,2026-03-23T17:20:02
CONT-A3F210CA,SESS-9AFF801C,Password Reset,0.2899,Free Text,0,0,0,Travel,Mobile App,77,0.1651,2026-03-18T04:08:03
CONT-58C83A29,SESS-933AF79F,Product Support,0.4574,Guided Flow,0,0,0,Technology,Partner API,19,0.1952,2026-03-12T05:01:10
CONT-9EC714AE,SESS-6351F62A,Technical Troubleshooting,0.7167,Self-Service,0,0,0,Healthcare,Mobile App,162,0.4052,2026-03-14T10:01:03
CONT-BBD8A2FA,SESS-CD04983D,Password Reset,0.6829,FAQ,0,0,0,Financial Services,Mobile App,48,0.3103,2026-04-04T17:36:06
CONT-B35E4D85,SESS-37D0CEB5,Billing Inquiry,0.5869,FAQ,0,0,0,Retail,Partner API,186,0.3353,2026-03-26T01:08:25
CONT-5CF7E3AC,SESS-54101496,Loyalty Program,0.4853,Free Text,0,0,1,Retail,Web,214,0.1355,2026-03-26T12:12:55
CONT-BBD43A49,SESS-BA2EAB6B,Password Reset,0.4751,FAQ,0,0,0,Financial Services,Mobile App,88,0.1977,2026-03-19T12:57:56
CONT-1B34B61F,SESS-CC4AF026,General Inquiry,0.7597,Free Text,0,1,0,Travel,Mobile App,90,0.1928,2026-03-26T17:28:43
CONT-2F0A44F8,SESS-1FB3B592,Order Status,0.6244,Self-Service,0,0,1,Technology,IVR,122,0.1942,2026-03-30T05:24:17
CONT-673476E8,SESS-BFBAB5A3,Subscription Management,1.0,Self-Service,0,0,0,Healthcare,Web,223,0.4937,2026-03-20T00:08:39
CONT-80AD1F63,SESS-57CC6025,Subscription Management,0.2479,Self-Service,0,0,0,Travel,IVR,84,0.133,2026-03-20T02:08:38
CONT-60126231,SESS-54B90765,Password Reset,0.5621,Self-Service,0,0,0,Travel,Mobile App,57,0.3155,2026-04-02T10:41:29
CONT-81B5D0DB,SESS-B9A36FBC,Subscription Management,0.7256,Handoff,0,0,0,Retail,IVR,15,0.3792,2026-03-29T10:48:42
CONT-669DF94A,SESS-2E9C4498,Password Reset,0.5407,Free Text,0,1,0,Healthcare,IVR,218,0.0593,2026-03-11T15:47:36
CONT-D1CAE35B,SESS-C597E16E,General Inquiry,0.5976,Handoff,0,0,0,Healthcare,Mobile App,141,0.2948,2026-03-22T08:46:50
CONT-BA2FEA46,SESS-7ABA4E77,Returns & Refunds,0.8463,FAQ,0,0,0,Travel,IVR,57,0.4583,2026-03-24T08:00:35
CONT-DC456AF4,SESS-A384E351,Password Reset,0.5536,Free Text,0,0,0,Retail,Mobile App,31,0.2445,2026-03-10T04:49:58
CONT-D1CDD3B9,SESS-E19B7A08,Account Management,0.772,FAQ,0,0,0,Travel,Web,18,0.3719,2026-03-31T00:16:40
CONT-90302654,SESS-B65AC7E3,Password Reset,0.4548,FAQ,0,0,0,Travel,Web,918,0.219,2026-03-10T14:22:43
CONT-DCE95A2D,SESS-BB05E2D5,Billing Inquiry,1.0,Free Text,0,1,0,Retail,IVR,149,0.3246,2026-03-22T16:29:27
CONT-21D54216,SESS-453B75D9,Password Reset,0.4811,FAQ,0,0,1,Technology,Mobile App,99,0.0498,2026-03-18T23:39:32
CONT-E83E3232,SESS-C6D896EC,Billing Inquiry,0.4509,Escalation,0,0,0,Healthcare,Web,95,0.1812,2026-03-09T07:38:37
CONT-FD04AD39,SESS-4FB84ADD,Product Support,0.7688,Escalation,0,0,0,Technology,Mobile App,15,0.359,2026-03-16T07:08:41
CONT-60715B6D,SESS-38E3A2A7,Billing Inquiry,0.8229,Escalation,1,0,0,Retail,IVR,68,0.7428,2026-03-07T01:17:52
CONT-CA103FC1,SESS-B2922DFB,Password Reset,0.5809,Handoff,0,0,0,Financial Services,Kiosk,78,0.3091,2026-03-15T01:05:34
CONT-669DF94A,SESS-CD4D1FE3,Account Management,0.6579,FAQ,0,0,0,Travel,Mobile App,141,0.3603,2026-03-24T23:25:09
CONT-F3EC1AFF,SESS-FB88EAFE,General Inquiry,0.7561,Self-Service,0,0,0,Financial Services,Web,89,0.3459,2026-03-12T09:42:52
CONT-F73BB203,SESS-E0FFA977,Returns & Refunds,0.5147,Guided Flow,0,0,0,Healthcare,Mobile App,203,0.2424,2026-03-10T19:36:44
CONT-144EED5F,SESS-D103B2A9,Subscription Management,0.2195,Free Text,0,0,1,Retail,IVR,297,0.0,2026-03-24T16:44:43
CONT-88A80658,SESS-CD6FBFD8,Loyalty Program,0.7622,Handoff,0,0,1,Technology,Web,73,0.2762,2026-04-03T19:32:00
CONT-8BD5C3BD,SESS-3BE4BD4D,Product Support,0.53,Self-Service,0,0,0,Retail,IVR,138,0.2516,2026-03-30T16:19:13
CONT-8B4C7384,SESS-FF6D1AFA,Technical Troubleshooting,0.5859,Guided Flow,0,0,0,Travel,Kiosk,131,0.2494,2026-03-12T05:24:55
CONT-5C492939,SESS-FEB10569,Billing Inquiry,0.6597,Guided Flow,1,0,0,Healthcare,Kiosk,63,0.5868,2026-03-31T18:18:52
CONT-EDDDEC0D,SESS-D1663E70,Billing Inquiry,0.6846,FAQ,0,0,0,Retail,Mobile App,77,0.3459,2026-03-31T22:43:41
CONT-C06A7530,SESS-5E5B4167,General Inquiry,0.5665,Handoff,0,0,0,Technology,IVR,97,0.3225,2026-04-02T09:53:36
CONT-5EC351F8,SESS-2A098A3F,General Inquiry,0.5421,FAQ,0,0,0,Healthcare,Partner API,45,0.2902,2026-03-08T12:41:48
CONT-D0EBCAEA,SESS-3A45416D,Loyalty Program,0.9013,FAQ,0,0,1,Technology,Kiosk,34,0.3391,2026-03-11T02:58:08
CONT-4FCC7319,SESS-8B426F5F,Product Support,0.8119,Free Text,0,0,0,Healthcare,IVR,102,0.3751,2026-03-30T11:46:33
CONT-D6CA72FE,SESS-A60DE9E2,Technical Troubleshooting,0.5802,Self-Service,0,0,1,Travel,IVR,259,0.1572,2026-03-30T14:53:14
CONT-F79F0A43,SESS-8DE02BC2,Product Support,0.5757,Guided Flow,0,0,0,Travel,Web,22,0.2469,2026-04-05T05:00:25
CONT-8226BCCC,SESS-72FE4AF6,Returns & Refunds,0.5707,Self-Service,0,0,0,Financial Services,Kiosk,108,0.2476,2026-03-13T10:57:03
CONT-2902527E,SESS-E7C8F7AD,Billing Inquiry,0.3334,Free Text,0,0,1,Healthcare,Web,82,0.0,2026-03-29T22:52:10
CONT-7111955F,SESS-6BE04A5E,Technical Troubleshooting,0.7914,Escalation,0,0,1,Financial Services,Kiosk,127,0.2637,2026-03-26T06:30:02
CONT-71A4FA4A,SESS-EF656C8F,Order Status,0.8636,Self-Service,0,0,0,Retail,Mobile App,261,0.3868,2026-03-20T19:28:16
CONT-CFDC4AEB,SESS-8AC2C2D1,Loyalty Program,0.652,Escalation,0,0,0,Retail,Kiosk,38,0.3719,2026-03-08T01:15:34
CONT-43FA4E7C,SESS-AB6DCEBE,Billing Inquiry,0.4685,Free Text,0,0,0,Travel,Partner API,423,0.2429,2026-03-24T11:42:29
CONT-144EED5F,SESS-C414F453,Subscription Management,0.8012,FAQ,0,0,0,Technology,Web,115,0.4375,2026-03-11T21:12:43
CONT-62950A0E,SESS-98A66053,Product Support,0.8317,Guided Flow,0,0,0,Financial Services,IVR,253,0.3955,2026-03-09T04:33:23
CONT-1BC359F6,SESS-38351512,Loyalty Program,0.9416,Handoff,0,0,0,Technology,Kiosk,335,0.4609,2026-03-18T23:20:18
CONT-ED1D6101,SESS-8F2196A3,Billing Inquiry,0.8554,Self-Service,0,0,0,Financial Services,Partner API,141,0.4645,2026-03-27T03:10:00
CONT-8A79340B,SESS-A9174AA9,General Inquiry,0.6898,Free Text,1,0,0,Retail,IVR,210,0.6521,2026-03-11T00:47:32
CONT-B8B203E0,SESS-4AE30A8A,Account Management,0.7738,Free Text,0,1,0,Technology,Kiosk,48,0.1573,2026-03-17T23:49:18
CONT-A7769672,SESS-72F84800,Order Status,0.5967,Guided Flow,0,0,0,Healthcare,IVR,165,0.2922,2026-03-24T16:05:34
CONT-D153D9DD,SESS-00533E17,General Inquiry,0.2986,Guided Flow,0,0,0,Healthcare,Kiosk,62,0.119,2026-03-10T04:20:42
CONT-5D729219,SESS-3292A7A6,Technical Troubleshooting,0.5518,Guided Flow,0,0,1,Retail,Partner API,173,0.1719,2026-03-20T07:03:21
CONT-A283878C,SESS-F44D865D,General Inquiry,0.4683,Self-Service,0,0,0,Healthcare,Kiosk,60,0.2791,2026-03-21T04:52:27
CONT-B7EFBC29,SESS-B4E4EDD7,Technical Troubleshooting,0.5939,FAQ,0,0,0,Travel,IVR,15,0.269,2026-03-22T19:32:52
CONT-A6B398A9,SESS-80B7D751,Loyalty Program,0.7891,Escalation,0,0,0,Travel,Partner API,188,0.3854,2026-03-11T08:27:02
CONT-95FDF140,SESS-9FA4A0C2,Account Management,0.3668,Self-Service,0,1,1,Financial Services,Web,234,0.0,2026-03-28T15:42:26
CONT-27C19329,SESS-52C3C332,Product Support,0.6083,Escalation,0,0,0,Healthcare,Partner API,56,0.3392,2026-03-28T06:03:08
CONT-89B23AF0,SESS-BD665C0B,Product Support,0.6783,Self-Service,0,0,0,Healthcare,Web,42,0.3624,2026-04-05T02:57:01
CONT-5CDB1823,SESS-3768153B,Subscription Management,0.3447,Guided Flow,0,0,0,Retail,Web,107,0.2032,2026-03-23T13:15:59
CONT-38743AAD,SESS-0CBE1FAE,Loyalty Program,0.6115,FAQ,0,0,0,Financial Services,Kiosk,167,0.3365,2026-03-28T07:53:56
CONT-D9CC67C9,SESS-2D46AFA9,Billing Inquiry,0.3521,Escalation,0,0,0,Financial Services,IVR,15,0.1605,2026-03-15T15:23:23
CONT-B1CF1E0D,SESS-9DB018B7,Billing Inquiry,0.6879,Escalation,1,0,0,Healthcare,IVR,51,0.6122,2026-03-31T08:56:10
CONT-6C347E2E,SESS-284A8A86,Password Reset,0.3224,Escalation,0,0,0,Travel,IVR,30,0.1929,2026-03-20T04:26:10
CONT-1D2D7AB8,SESS-D3BD492E,Order Status,0.54,Guided Flow,0,0,0,Technology,Mobile App,127,0.2763,2026-04-05T05:00:00
CONT-BC7FBBAC,SESS-4FA9FC65,General Inquiry,0.3639,Escalation,0,0,0,Technology,IVR,31,0.1869,2026-03-30T05:22:38
CONT-B880113D,SESS-70752E09,Order Status,0.4472,Escalation,0,0,0,Technology,Mobile App,76,0.1791,2026-03-30T01:12:52
CONT-CCA49F26,SESS-9F528454,Password Reset,0.9735,Self-Service,0,0,0,Technology,Mobile App,121,0.508,2026-04-02T03:58:06
CONT-689D98E6,SESS-AD8AEE96,General Inquiry,0.6466,FAQ,0,0,0,Travel,Kiosk,24,0.3242,2026-04-05T05:01:53
CONT-79EBF960,SESS-453027F0,Returns & Refunds,0.396,FAQ,1,0,0,Retail,Web,64,0.47,2026-04-05T08:03:28
CONT-A2AC876D,SESS-C0B1EC63,General Inquiry,0.8245,Guided Flow,0,0,0,Financial Services,Mobile App,57,0.3978,2026-03-11T04:10:59
CONT-D77C5FD7,SESS-559F48B3,Account Management,0.4979,Handoff,0,0,1,Retail,IVR,254,0.0662,2026-04-04T22:20:31
CONT-8226BCCC,SESS-D6909033,Password Reset,0.3535,FAQ,0,0,1,Technology,Kiosk,178,0.0,2026-03-13T06:57:35
CONT-337EDDB0,SESS-8E8FF986,Password Reset,0.7291,Handoff,0,0,0,Travel,Partner API,166,0.4107,2026-04-01T04:35:09
CONT-4B260D9C,SESS-A9512078,Account Management,0.5849,Free Text,1,0,0,Technology,IVR,9,0.6421,2026-03-10T05:51:55
CONT-48B35F21,SESS-A09BAF9F,General Inquiry,0.4305,Self-Service,0,1,0,Technology,IVR,39,0.0511,2026-03-11T09:50:21
CONT-5412213B,SESS-F26A0C49,Account Management,0.4368,Self-Service,0,0,0,Retail,IVR,87,0.2291,2026-04-04T03:37:47
CONT-E138B79D,SESS-B087D623,Loyalty Program,0.194,Escalation,0,0,0,Healthcare,IVR,111,0.133,2026-03-19T02:01:37
CONT-E7EFEBA6,SESS-52066F4A,Subscription Management,0.572,Handoff,0,0,0,Travel,Kiosk,28,0.3267,2026-04-04T02:05:22
CONT-B248A20E,SESS-8A9AA3DE,Password Reset,0.5768,Handoff,0,0,0,Technology,Mobile App,130,0.3309,2026-03-16T07:11:37
CONT-1F474188,SESS-1978728B,Subscription Management,0.7302,Self-Service,0,0,1,Retail,Mobile App,109,0.2192,2026-03-31T12:11:59
CONT-7B6039E1,SESS-AC71BC3A,Returns & Refunds,0.4475,FAQ,0,0,0,Travel,Kiosk,90,0.2689,2026-04-04T05:32:58
CONT-AF6CDA6F,SESS-17F3CBAC,Subscription Management,0.8823,Guided Flow,1,0,0,Retail,Kiosk,22,0.7779,2026-03-15T02:33:21
CONT-893C2AB4,SESS-4D524CAA,Subscription Management,0.6106,Guided Flow,0,0,0,Financial Services,Mobile App,108,0.2899,2026-03-26T10:24:19
CONT-2ED21BFE,SESS-3C12FB80,Billing Inquiry,0.8446,Escalation,0,0,0,Financial Services,Web,63,0.3942,2026-03-18T20:56:55
CONT-5CC9DA59,SESS-AB247908,Returns & Refunds,0.7944,FAQ,0,0,0,Technology,Web,113,0.3736,2026-03-30T00:23:11
CONT-D876734E,SESS-E6813A25,Password Reset,0.6279,Guided Flow,0,0,1,Retail,IVR,235,0.1258,2026-03-22T04:57:21
CONT-C0DE039D,SESS-28568A57,Technical Troubleshooting,0.2835,FAQ,0,0,0,Technology,IVR,137,0.1822,2026-03-11T05:36:00
CONT-200DAE28,SESS-7C502DAF,Order Status,0.5781,Guided Flow,0,0,0,Technology,Kiosk,54,0.3051,2026-03-15T13:08:23
CONT-0324DCC3,SESS-3DADDEA4,Subscription Management,0.4223,Guided Flow,0,0,0,Retail,Mobile App,148,0.1614,2026-03-13T15:36:31
CONT-7E8EDD51,SESS-AC15138C,Product Support,0.5079,Escalation,0,0,0,Technology,Web,46,0.2052,2026-03-09T19:36:13
CONT-ED8D694A,SESS-0A8D0250,Technical Troubleshooting,0.5528,Self-Service,0,0,0,Technology,Kiosk,65,0.312,2026-03-14T06:24:52
CONT-72468F97,SESS-1C85BB36,General Inquiry,0.87,Escalation,0,0,0,Healthcare,Kiosk,44,0.4181,2026-03-15T20:14:16
CONT-B04A30E6,SESS-BA85B234,Returns & Refunds,0.4768,Escalation,0,0,0,Financial Services,Kiosk,433,0.2213,2026-03-20T13:29:22
CONT-80B42FD3,SESS-7E4A3396,Password Reset,0.6074,Guided Flow,0,0,0,Technology,IVR,81,0.3106,2026-04-05T13:59:59
CONT-01961600,SESS-A6B69C97,Returns & Refunds,1.0,FAQ,0,0,0,Financial Services,Web,61,0.5034,2026-03-25T04:10:17
CONT-6B272F5A,SESS-E03B7324,Technical Troubleshooting,0.7199,Escalation,0,0,1,Financial Services,Web,163,0.2421,2026-03-12T21:31:53
CONT-55E28F95,SESS-8F2FC201,Technical Troubleshooting,0.8223,Self-Service,0,0,1,Travel,Mobile App,96,0.233,2026-03-09T01:12:09
CONT-D85C5242,SESS-022EF8BD,Order Status,0.6757,Escalation,0,0,0,Healthcare,Web,35,0.3336,2026-03-31T12:48:03
CONT-CA98BAAD,SESS-81C680A1,Returns & Refunds,0.9775,Guided Flow,1,0,0,Healthcare,IVR,42,0.7405,2026-03-09T17:07:51
CONT-79EBF960,SESS-422209E8,Product Support,0.5008,Guided Flow,0,0,0,Retail,Partner API,55,0.2965,2026-03-11T17:05:29
CONT-8BEDA625,SESS-EAA2F15F,General Inquiry,0.5196,Guided Flow,0,0,0,Technology,Web,46,0.2269,2026-03-21T03:46:31
CONT-5AF24E05,SESS-2CB6F4A0,Order Status,0.487,FAQ,0,0,0,Technology,Partner API,43,0.2416,2026-03-31T20:36:47
CONT-1EB523C1,SESS-069BD795,Subscription Management,0.5321,FAQ,0,1,0,Healthcare,Partner API,135,0.056,2026-03-09T13:07:15
CONT-E26AAE49,SESS-128D4C7E,Billing Inquiry,0.8314,Handoff,0,0,0,Technology,Web,55,0.4643,2026-03-28T13:53:06
CONT-A940DE96,SESS-3F3A2C79,Returns & Refunds,0.8331,Self-Service,0,0,0,Retail,Mobile App,85,0.4089,2026-04-03T19:42:44
CONT-F2738A4B,SESS-DA33E7CC,Returns & Refunds,0.4794,Self-Service,1,0,1,Healthcare,Kiosk,182,0.4087,2026-03-12T12:47:35
CONT-8B8425FC,SESS-E9F546D7,Technical Troubleshooting,0.7259,Self-Service,0,0,0,Retail,Kiosk,152,0.3931,2026-03-15T09:08:18
CONT-3CCFCBC5,SESS-E37A40B6,Technical Troubleshooting,0.5129,Self-Service,0,0,0,Healthcare,IVR,20,0.2663,2026-03-22T09:19:34
CONT-BDB7EB8C,SESS-900282F5,General Inquiry,0.1778,FAQ,0,0,0,Healthcare,IVR,49,0.0778,2026-04-03T14:26:14
CONT-DC456AF4,SESS-9F8049B3,General Inquiry,0.5697,Escalation,0,0,0,Technology,IVR,69,0.2838,2026-03-11T09:25:23
CONT-E01908A5,SESS-B9DF47D9,Returns & Refunds,0.6474,Free Text,0,0,0,Financial Services,Mobile App,51,0.3535,2026-03-27T01:34:47
CONT-BCB36B97,SESS-03646123,Subscription Management,0.5376,Escalation,0,0,0,Financial Services,Partner API,70,0.2748,2026-03-08T00:20:17
CONT-E02C4B0C,SESS-2C8B57C3,Billing Inquiry,0.6681,Guided Flow,0,0,0,Financial Services,Web,122,0.384,2026-03-20T06:10:34
CONT-71068E2F,SESS-C65B8766,General Inquiry,0.5029,Guided Flow,0,0,0,Travel,Partner API,206,0.2137,2026-04-03T04:29:00
CONT-0395F723,SESS-4B23D589,Returns & Refunds,0.4631,Escalation,0,0,0,Financial Services,Kiosk,30,0.2644,2026-03-08T22:05:45
CONT-CA7EA08B,SESS-A1862B45,Loyalty Program,0.7594,Escalation,0,0,1,Travel,Kiosk,280,0.2293,2026-03-18T09:18:28
CONT-0BBA7594,SESS-219B227A,Technical Troubleshooting,0.8915,Guided Flow,0,0,0,Retail,Web,50,0.4793,2026-03-28T15:09:36
CONT-7E25C95B,SESS-B544C61C,Returns & Refunds,0.6558,FAQ,0,0,0,Healthcare,Mobile App,95,0.33,2026-03-28T02:34:03
CONT-0E9BCEBB,SESS-C9A7231F,Order Status,0.623,FAQ,0,0,0,Healthcare,Kiosk,108,0.2657,2026-03-27T06:52:19
CONT-18966676,SESS-E61FFA2B,Account Management,0.4946,Free Text,0,0,0,Travel,Web,90,0.2801,2026-03-17T18:05:31
CONT-696EB156,SESS-763ADEAB,Returns & Refunds,0.9122,Escalation,0,0,0,Healthcare,Web,14,0.494,2026-03-24T19:40:45
CONT-13351865,SESS-952A4851,General Inquiry,0.6456,Escalation,0,0,0,Travel,IVR,120,0.3417,2026-04-01T20:30:33
CONT-3939688A,SESS-529A142F,Subscription Management,0.4633,Handoff,0,0,0,Financial Services,Partner API,115,0.2293,2026-03-22T08:12:21
CONT-DB9A324D,SESS-483D56CC,Returns & Refunds,0.5267,Handoff,0,0,0,Healthcare,Partner API,28,0.2144,2026-03-12T08:53:47
CONT-E35887D8,SESS-499A12CD,Account Management,0.791,Free Text,1,0,0,Retail,IVR,83,0.7417,2026-03-21T11:54:33
CONT-7C6C8B84,SESS-622FB866,Loyalty Program,0.6603,Self-Service,0,0,1,Retail,Mobile App,182,0.1683,2026-04-04T15:51:04
CONT-AEB5827D,SESS-A0E3241B,Order Status,0.65,Self-Service,1,0,0,Technology,Kiosk,56,0.6416,2026-03-13T01:31:34
CONT-B4D7E433,SESS-4BDAB56E,Loyalty Program,0.883,Self-Service,0,0,0,Financial Services,Web,92,0.4842,2026-03-31T11:39:29
CONT-B9BA6206,SESS-208585CC,Account Management,0.8465,Guided Flow,0,0,0,Healthcare,IVR,34,0.4231,2026-03-19T02:03:50
CONT-D853E394,SESS-50D985D2,Account Management,0.8467,Handoff,0,0,0,Technology,IVR,111,0.415,2026-03-28T17:34:15
CONT-69C669DE,SESS-2AC40CCF,Subscription Management,0.2586,Handoff,0,0,0,Financial Services,Kiosk,125,0.0989,2026-03-20T01:11:28
CONT-3C6154AB,SESS-7691E6A6,Subscription Management,0.5377,Escalation,0,0,0,Technology,Kiosk,97,0.2403,2026-03-24T06:52:26
CONT-B4D7E433,SESS-53788F49,Technical Troubleshooting,0.9639,Guided Flow,1,0,0,Retail,Web,84,0.7944,2026-03-12T20:39:45
CONT-AB6CA081,SESS-C16EBBA3,Returns & Refunds,0.7567,Guided Flow,0,0,1,Technology,Partner API,227,0.2441,2026-03-08T11:29:47
CONT-E8764E30,SESS-0A4B807D,Loyalty Program,0.4201,FAQ,0,0,0,Retail,Kiosk,37,0.2124,2026-03-30T13:26:56
CONT-009E296B,SESS-9A0D6FF0,Technical Troubleshooting,0.606,Escalation,0,0,0,Technology,IVR,63,0.279,2026-03-24T16:13:22
CONT-6FAB134A,SESS-FCEDB848,Technical Troubleshooting,0.8595,Self-Service,0,0,0,Travel,Partner API,25,0.3927,2026-04-05T15:36:54
CONT-9E6F276A,SESS-3BBF5B24,Technical Troubleshooting,0.7514,FAQ,0,0,0,Financial Services,Mobile App,126,0.3768,2026-03-08T18:05:08
CONT-C01C5D58,SESS-1CCCBCD3,Order Status,0.5007,Escalation,0,0,0,Retail,Web,34,0.2242,2026-03-07T20:52:02
CONT-3D5EC196,SESS-5DC4A637,Order Status,0.6524,Free Text,0,0,0,Travel,Web,55,0.3448,2026-03-25T01:53:47
CONT-EEDBB9F4,SESS-436B63A8,Loyalty Program,0.5679,Free Text,0,0,0,Technology,Kiosk,296,0.3037,2026-03-27T01:59:55
CONT-34D9759C,SESS-6E87E187,Account Management,1.0,FAQ,0,0,0,Financial Services,Web,130,0.4684,2026-04-02T02:04:36
CONT-5C3701EE,SESS-D3CE03A3,Account Management,0.5845,Self-Service,0,0,0,Retail,IVR,96,0.2907,2026-03-28T23:50:19
CONT-2F47A443,SESS-C59DDEC3,General Inquiry,0.6895,Handoff,0,0,0,Financial Services,Web,30,0.313,2026-03-14T23:03:18
CONT-A9F2804D,SESS-D9795910,Billing Inquiry,0.439,Self-Service,0,0,0,Technology,Mobile App,115,0.2001,2026-03-16T23:34:15
CONT-16610C7A,SESS-2E1E4521,General Inquiry,0.7384,Free Text,0,1,0,Travel,Mobile App,223,0.1501,2026-03-22T03:01:36
CONT-DC0A3A69,SESS-A8CCD314,Password Reset,0.7157,Self-Service,1,0,0,Financial Services,IVR,135,0.6679,2026-03-13T18:34:14
CONT-7383FAA8,SESS-E4F6BA1E,Returns & Refunds,0.595,Free Text,0,0,0,Travel,Kiosk,85,0.2716,2026-03-23T15:46:57
CONT-D9EEACF9,SESS-53954F27,Billing Inquiry,0.1744,Handoff,0,0,0,Retail,IVR,23,0.0551,2026-03-13T13:46:57
CONT-5D9C7E40,SESS-A968B8BF,Technical Troubleshooting,0.8963,Guided Flow,1,0,0,Travel,IVR,73,0.7517,2026-03-10T18:53:43
CONT-D9E2312D,SESS-6400A663,Technical Troubleshooting,0.9184,Guided Flow,0,0,0,Financial Services,Mobile App,19,0.4799,2026-03-15T21:14:24
CONT-F5540659,SESS-2D28881D,Billing Inquiry,0.5005,Handoff,0,0,0,Healthcare,Kiosk,20,0.2066,2026-03-23T04:54:50
CONT-C2EEE971,SESS-2ECE906D,Loyalty Program,0.5648,Free Text,0,0,0,Retail,IVR,253,0.3095,2026-03-26T15:55:54
CONT-A7B3C928,SESS-32ACB0F5,Product Support,0.943,Self-Service,0,0,0,Financial Services,IVR,46,0.4866,2026-03-25T11:59:20
CONT-6B4AB31D,SESS-32BFC0E9,Billing Inquiry,0.5666,Self-Service,0,1,0,Travel,Mobile App,62,0.0807,2026-03-23T17:21:15
CONT-D70FCA3B,SESS-C8373350,Order Status,0.8246,Guided Flow,0,0,0,Technology,Web,87,0.4159,2026-03-14T13:21:29
CONT-82CAC391,SESS-C373D18E,Order Status,0.8066,Handoff,1,0,0,Technology,Mobile App,44,0.7157,2026-03-25T03:56:23
CONT-11B8571A,SESS-3613D660,Subscription Management,0.6037,Free Text,0,0,1,Technology,Mobile App,137,0.1965,2026-03-26T09:44:51
CONT-A1BF6167,SESS-276D66D5,Product Support,0.816,Escalation,0,0,0,Travel,Mobile App,91,0.3739,2026-03-16T15:20:14
CONT-13351865,SESS-929EFDC1,Account Management,0.4983,Self-Service,1,0,0,Retail,IVR,15,0.5327,2026-03-15T19:54:12
CONT-D72CB971,SESS-CA0C214A,Returns & Refunds,0.8031,Free Text,0,0,0,Financial Services,Partner API,81,0.3787,2026-03-08T16:53:11
CONT-6B272F5A,SESS-648D516C,Account Management,0.507,FAQ,1,0,0,Healthcare,IVR,35,0.5514,2026-03-24T08:02:18
CONT-42AACFDF,SESS-3894D9BB,Account Management,0.6423,Escalation,0,0,0,Financial Services,Web,44,0.3194,2026-03-26T05:53:03
CONT-CF0B6BFB,SESS-075261AB,Product Support,0.71,Handoff,1,0,0,Financial Services,Kiosk,121,0.681,2026-03-12T10:41:37
CONT-ABC4574B,SESS-9D96E9D4,Order Status,0.8176,Guided Flow,0,0,0,Retail,Mobile App,34,0.3854,2026-03-30T21:36:45
CONT-B1FF2458,SESS-2B81AB98,Order Status,0.5619,Escalation,0,0,0,Healthcare,IVR,30,0.2941,2026-04-02T15:32:10
CONT-4FCC7319,SESS-586BC594,Technical Troubleshooting,0.5141,FAQ,1,0,0,Technology,IVR,28,0.5897,2026-03-16T01:44:29
CONT-2651F37D,SESS-1A4FE697,Subscription Management,0.4945,Escalation,0,0,0,Travel,Kiosk,48,0.254,2026-03-19T13:27:55
CONT-0C86A613,SESS-92907DC1,Subscription Management,0.7052,Escalation,0,0,0,Travel,IVR,22,0.3774,2026-04-04T20:34:46
CONT-C06A7530,SESS-2A5FDACE,Subscription Management,0.377,Handoff,0,0,0,Technology,Web,32,0.2348,2026-03-31T20:51:08
CONT-D9EEACF9,SESS-2FDEAB66,Subscription Management,0.5421,Self-Service,0,0,0,Travel,Kiosk,52,0.2705,2026-03-18T12:20:01
CONT-530AED74,SESS-8FB673FE,Account Management,0.4963,Self-Service,0,0,1,Retail,Partner API,77,0.0884,2026-03-18T00:26:19
CONT-09D8F325,SESS-A98DBD83,Order Status,0.56,Handoff,1,0,0,Technology,Partner API,48,0.588,2026-03-09T12:14:49
CONT-E5E6F6FF,SESS-C00F9A49,Account Management,0.4933,FAQ,0,0,0,Technology,Mobile App,85,0.2766,2026-03-15T17:27:31
CONT-4BD30C3E,SESS-0C3E0C44,Product Support,0.6801,FAQ,0,0,0,Healthcare,Kiosk,19,0.3778,2026-03-26T17:32:55
CONT-66C53610,SESS-D4407B1E,Order Status,0.7593,Self-Service,0,0,0,Travel,Partner API,168,0.3584,2026-03-21T04:56:19
CONT-C683B9DF,SESS-C52C407C,Returns & Refunds,0.3741,Guided Flow,0,0,0,Technology,Partner API,58,0.1787,2026-03-07T01:08:17
CONT-E7EFEBA6,SESS-56A827FB,General Inquiry,0.3432,Guided Flow,0,0,1,Technology,Mobile App,472,0.0295,2026-04-02T14:54:38
CONT-2BB79C40,SESS-09C1AEC6,Billing Inquiry,0.5385,Escalation,1,0,0,Retail,IVR,53,0.5753,2026-03-26T02:29:25
CONT-3CBE27D2,SESS-DD5A9A2A,General Inquiry,1.0,Self-Service,0,0,0,Healthcare,Partner API,15,0.5277,2026-03-25T11:49:14
CONT-6CD97116,SESS-EB070E62,General Inquiry,0.7292,FAQ,0,0,0,Retail,IVR,90,0.3904,2026-03-18T05:19:39
CONT-0B28AB1F,SESS-F4D6A4AA,Billing Inquiry,0.8926,Self-Service,0,0,0,Technology,IVR,248,0.4738,2026-03-12T01:47:24
CONT-A0F22A9D,SESS-23F199A5,Technical Troubleshooting,0.7556,Handoff,0,1,0,Financial Services,IVR,94,0.2154,2026-03-12T00:54:26
CONT-5ADAB553,SESS-1F24C5DD,Order Status,0.6555,Handoff,0,0,0,Retail,Web,247,0.3515,2026-03-09T20:25:29
CONT-01E9C169,SESS-F8A7785E,Subscription Management,0.6327,Free Text,0,0,0,Retail,Web,66,0.332,2026-03-26T19:46:56
CONT-BF5D6C3B,SESS-8A5029C5,Account Management,0.6793,Handoff,0,1,0,Technology,Web,55,0.125,2026-03-29T00:53:43
CONT-F0864FF5,SESS-FBA7E605,Subscription Management,0.711,Free Text,0,0,0,Healthcare,Mobile App,62,0.3283,2026-03-22T20:12:28
CONT-B2E6A934,SESS-4D96B045,Password Reset,0.6413,FAQ,0,0,0,Technology,IVR,84,0.2819,2026-03-10T20:55:58
CONT-BF032375,SESS-DD175E65,Account Management,0.5677,Free Text,0,0,0,Technology,IVR,79,0.2613,2026-03-19T20:06:56
CONT-0A800AAF,SESS-7DCF6790,Returns & Refunds,0.3668,Free Text,0,0,0,Technology,Kiosk,228,0.2091,2026-03-23T22:19:11
CONT-E4982AC3,SESS-B8E2694B,Technical Troubleshooting,0.6093,Handoff,0,0,0,Healthcare,Mobile App,109,0.3461,2026-04-02T07:16:36
CONT-7962A784,SESS-11162BB4,General Inquiry,0.8121,Handoff,0,1,0,Technology,Partner API,34,0.2361,2026-03-17T18:20:37
CONT-A1AE56BE,SESS-D541925A,Loyalty Program,0.4869,Guided Flow,0,0,1,Technology,Mobile App,86,0.1083,2026-03-13T12:02:08
CONT-53029F07,SESS-3CEA5821,Loyalty Program,0.6728,Handoff,0,0,0,Retail,Mobile App,47,0.3827,2026-03-30T14:27:31
CONT-B26657A3,SESS-DD7C96AC,Technical Troubleshooting,0.6458,Free Text,0,0,0,Healthcare,Web,177,0.3328,2026-03-30T10:11:46
CONT-E2FF865F,SESS-AC94D59E,Account Management,1.0,Guided Flow,0,0,1,Healthcare,Kiosk,73,0.3398,2026-04-03T06:51:32
CONT-55651E82,SESS-4403AD4C,Product Support,0.6156,Self-Service,1,0,0,Retail,Partner API,159,0.6242,2026-03-10T05:27:54
CONT-88432A2F,SESS-9E189C2B,Loyalty Program,0.8594,Escalation,0,0,0,Travel,Mobile App,16,0.4447,2026-03-27T05:51:13
CONT-D85C5242,SESS-746DE3BD,Subscription Management,1.0,Escalation,0,0,0,Travel,IVR,30,0.4753,2026-03-23T18:20:13
CONT-79F08FBC,SESS-E6C8DA4B,Loyalty Program,0.455,Guided Flow,0,0,1,Retail,IVR,238,0.0867,2026-03-13T08:09:44
CONT-6E51C4DD,SESS-EADFDB6A,Returns & Refunds,0.5803,Free Text,0,0,0,Retail,IVR,97,0.3042,2026-03-20T14:29:40
CONT-1FE07571,SESS-5D0DA01B,Billing Inquiry,0.8387,Escalation,0,0,0,Retail,IVR,144,0.4348,2026-03-14T08:07:20
CONT-C2778F43,SESS-E3CA6BB3,Returns & Refunds,0.28,Self-Service,0,0,0,Travel,IVR,29,0.1804,2026-04-02T12:57:27
CONT-9A89E4BE,SESS-7F30558F,General Inquiry,0.6123,FAQ,0,0,0,Financial Services,Mobile App,54,0.2621,2026-03-26T06:26:21
CONT-2B6461C3,SESS-11D0B8C9,Billing Inquiry,0.5747,Handoff,0,0,0,Technology,Mobile App,26,0.3247,2026-03-26T10:21:49
CONT-62C1A4B9,SESS-DD6D7445,Account Management,0.785,Self-Service,0,0,0,Travel,IVR,99,0.3623,2026-03-29T08:40:31
CONT-6744DC8A,SESS-7EAF0E24,Technical Troubleshooting,0.93,Self-Service,0,0,0,Technology,IVR,16,0.4517,2026-03-07T17:40:59
CONT-A62A7151,SESS-8006D925,Subscription Management,0.6144,FAQ,0,0,0,Healthcare,Kiosk,69,0.3091,2026-03-24T04:46:55
CONT-CF9A371F,SESS-C2F7FF87,General Inquiry,0.9399,FAQ,0,0,0,Technology,Partner API,393,0.4893,2026-03-23T23:57:41
CONT-EB5B73E2,SESS-FC4F04DC,Subscription Management,0.6459,Guided Flow,0,0,0,Financial Services,Web,141,0.3619,2026-03-13T05:36:43
CONT-21B0BE0E,SESS-44E60B77,Billing Inquiry,0.6692,Handoff,0,0,0,Technology,Partner API,43,0.319,2026-04-02T13:55:48
CONT-C47AC390,SESS-AD73A491,Billing Inquiry,0.2857,Free Text,0,0,1,Retail,Mobile App,281,0.0,2026-03-13T04:23:27
CONT-681377B5,SESS-801A45EE,General Inquiry,0.553,Escalation,0,0,0,Healthcare,Partner API,52,0.2498,2026-03-19T07:53:41
CONT-0A070F8F,SESS-8704056D,Subscription Management,0.7829,Escalation,0,0,0,Retail,Mobile App,95,0.3672,2026-03-09T11:28:35
CONT-07DBA960,SESS-6BE279A0,Order Status,0.8232,Free Text,0,0,0,Healthcare,Partner API,51,0.3911,2026-03-13T08:26:25
CONT-ABC4574B,SESS-B039A746,Password Reset,0.7276,Handoff,0,0,0,Financial Services,Web,48,0.3764,2026-03-19T18:38:18
CONT-CE6EC2FA,SESS-A2913716,General Inquiry,0.5964,Handoff,0,0,0,Travel,IVR,304,0.3131,2026-03-08T10:15:15
CONT-D9E83C48,SESS-0D19E8F2,Account Management,0.5432,Escalation,1,0,0,Travel,Web,163,0.6122,2026-03-09T22:49:24
CONT-425D1220,SESS-2E48C743,Subscription Management,0.6928,Escalation,0,0,1,Travel,Mobile App,547,0.1814,2026-03-21T23:24:31
CONT-ABC4574B,SESS-74C31BFE,Billing Inquiry,0.4144,Free Text,0,0,0,Financial Services,Kiosk,79,0.2139,2026-03-19T13:18:54
CONT-FF8FA3E1,SESS-39F0012D,Product Support,0.5277,Guided Flow,0,0,0,Technology,Kiosk,72,0.2982,2026-03-28T18:09:47
CONT-9D93A826,SESS-6FD1CE36,Loyalty Program,0.6671,Self-Service,0,0,0,Travel,Mobile App,102,0.3166,2026-04-01T14:48:52
CONT-843E919D,SESS-28CF3474,Returns & Refunds,0.712,Escalation,0,0,0,Healthcare,Web,68,0.3504,2026-03-07T14:03:38
CONT-05A5839C,SESS-EBAA9F06,Subscription Management,0.6557,FAQ,0,0,0,Healthcare,Kiosk,171,0.3059,2026-03-11T20:55:03
CONT-A76FA04C,SESS-426B85E3,General Inquiry,0.9216,Free Text,0,0,0,Technology,IVR,285,0.4823,2026-04-04T12:19:38
CONT-2456564F,SESS-3D16C7F3,Billing Inquiry,0.244,Self-Service,0,0,1,Healthcare,Kiosk,501,0.0063,2026-03-10T19:44:26
CONT-69265635,SESS-60BCA3B9,Password Reset,0.731,FAQ,0,0,1,Healthcare,IVR,133,0.2168,2026-03-25T02:02:09
CONT-AC177EF1,SESS-669D5ADE,Billing Inquiry,0.5658,Self-Service,0,0,0,Retail,Kiosk,22,0.3301,2026-03-07T11:42:21
CONT-EFE86ADC,SESS-B0087A27,Subscription Management,0.6627,Guided Flow,1,0,0,Technology,Web,124,0.6349,2026-03-07T18:24:54
CONT-F5547A4F,SESS-7E24F870,Subscription Management,0.8866,Free Text,0,0,0,Technology,Web,20,0.4437,2026-04-05T11:20:55
CONT-8850FF50,SESS-C300E8C2,Product Support,0.5916,FAQ,0,0,0,Healthcare,Web,35,0.3052,2026-03-17T22:06:28
CONT-3DED481E,SESS-33D6293F,Loyalty Program,0.652,FAQ,0,0,1,Financial Services,Mobile App,50,0.2243,2026-03-08T20:49:15
CONT-E21B12AA,SESS-D5EBABA5,Product Support,0.6669,FAQ,0,0,0,Retail,Web,99,0.3643,2026-03-11T04:14:48
CONT-804067AD,SESS-F1233A4A,Technical Troubleshooting,0.7367,Escalation,0,0,0,Healthcare,Mobile App,358,0.412,2026-03-28T18:24:08
CONT-2162190A,SESS-BFD4A52A,Password Reset,0.6445,Free Text,1,0,0,Travel,IVR,149,0.6665,2026-03-28T19:59:25
CONT-801804C6,SESS-F00D9035,Subscription Management,0.7678,Guided Flow,0,0,0,Healthcare,Partner API,56,0.3376,2026-03-14T05:07:44
CONT-CFEE5874,SESS-227E9F32,Password Reset,0.7676,Guided Flow,1,0,0,Technology,Web,141,0.6755,2026-03-24T00:40:17
CONT-8CFA7E81,SESS-17FFDB63,General Inquiry,0.6052,FAQ,0,0,0,Retail,IVR,268,0.3448,2026-04-04T01:46:27
CONT-5E284B96,SESS-9505067F,General Inquiry,1.0,Guided Flow,0,0,0,Travel,Web,45,0.5462,2026-03-31T21:40:33
CONT-594DC5C6,SESS-04EB818D,Returns & Refunds,0.9169,Free Text,0,0,0,Healthcare,IVR,74,0.4567,2026-04-03T09:06:13
CONT-5A7E0D71,SESS-A2DB46FC,Subscription Management,0.643,FAQ,1,0,0,Healthcare,Kiosk,70,0.6458,2026-03-17T09:35:48
CONT-37CF04D0,SESS-E92738BE,Loyalty Program,0.9013,Escalation,0,0,0,Technology,Web,45,0.4623,2026-03-28T16:46:34
CONT-F965BA7B,SESS-CAECB075,Returns & Refunds,0.7473,Guided Flow,0,0,0,Technology,Mobile App,34,0.3979,2026-03-30T17:53:20
CONT-6FC06AD4,SESS-B61E4D9F,Account Management,0.9021,Escalation,1,0,0,Travel,Web,35,0.7831,2026-03-17T01:54:53
CONT-A283878C,SESS-C9589C63,Product Support,0.8305,Guided Flow,0,0,0,Healthcare,Kiosk,163,0.4034,2026-03-16T19:10:47
CONT-9C1697C8,SESS-F8B36CDE,Loyalty Program,0.839,Guided Flow,0,0,0,Financial Services,Partner API,277,0.3915,2026-03-12T16:47:57
CONT-B2DE920C,SESS-9AD9B93E,General Inquiry,0.2802,Guided Flow,0,0,1,Technology,Mobile App,90,0.0,2026-04-01T19:17:50
CONT-95FDF140,SESS-2B181FF6,Product Support,0.6024,Guided Flow,0,0,1,Travel,Web,288,0.1999,2026-03-29T07:34:05
CONT-9D1087BB,SESS-6D34153B,Password Reset,0.9824,FAQ,0,0,1,Technology,IVR,380,0.3392,2026-03-17T13:11:50
CONT-69B301DF,SESS-1CD01296,Password Reset,0.3046,Escalation,0,0,0,Financial Services,Web,23,0.1585,2026-03-21T02:30:07
CONT-C0DE039D,SESS-0DDFD91A,Returns & Refunds,0.8121,FAQ,0,0,0,Technology,IVR,37,0.3973,2026-04-05T23:19:06
CONT-B880113D,SESS-14ED8392,Returns & Refunds,0.61,Guided Flow,0,0,0,Travel,Partner API,34,0.3163,2026-03-20T00:02:07
CONT-67806029,SESS-26EA312F,Product Support,0.4442,FAQ,1,0,1,Retail,Mobile App,101,0.3574,2026-03-10T11:09:04
CONT-F29E8B17,SESS-57C5EFA1,Loyalty Program,0.7272,Handoff,0,0,0,Technology,Kiosk,104,0.3876,2026-03-16T12:50:16
CONT-BEA48FC1,SESS-D1C8517E,Password Reset,0.7443,Escalation,0,0,0,Retail,Partner API,20,0.3498,2026-03-20T09:22:39
CONT-9EB2C22D,SESS-91DC7A39,Returns & Refunds,0.4714,Self-Service,0,0,0,Retail,IVR,19,0.2718,2026-04-02T05:51:09
CONT-1881C203,SESS-5AA55BAB,General Inquiry,0.4517,Escalation,0,0,0,Retail,Kiosk,33,0.2111,2026-03-25T20:44:18
CONT-74131F07,SESS-6FEF4302,Order Status,0.6975,FAQ,0,0,1,Financial Services,Mobile App,233,0.1693,2026-03-25T07:31:15
CONT-3FE5B48A,SESS-AB06E704,Returns & Refunds,0.6068,Escalation,0,0,0,Travel,IVR,209,0.3481,2026-03-08T21:19:05
CONT-E1A08804,SESS-839B8F97,Technical Troubleshooting,0.5816,Guided Flow,0,0,0,Healthcare,Partner API,188,0.2712,2026-03-31T00:45:53
CONT-56ACB0FD,SESS-6B1ED3D0,Product Support,0.4546,Free Text,0,0,0,Technology,Mobile App,42,0.1809,2026-03-17T18:07:33
CONT-B9EE64C8,SESS-1A0C21EF,Billing Inquiry,0.8119,Handoff,0,0,1,Travel,Kiosk,36,0.2218,2026-04-01T03:13:05
CONT-11B8571A,SESS-C94F9570,Password Reset,0.679,Self-Service,0,0,0,Technology,Partner API,51,0.353,2026-03-22T18:52:31
CONT-1DFA5460,SESS-7F59237C,Subscription Management,0.4323,Handoff,0,0,0,Healthcare,IVR,92,0.2482,2026-03-26T12:05:40
CONT-32FD9E47,SESS-31C72752,Technical Troubleshooting,0.7091,Escalation,0,0,0,Healthcare,IVR,349,0.3417,2026-03-24T03:03:41
CONT-AAAF7D48,SESS-7C644ED3,Loyalty Program,0.553,Escalation,0,0,0,Retail,Partner API,202,0.2997,2026-03-26T14:20:19
CONT-D72CB971,SESS-C5001C59,Returns & Refunds,0.5099,Self-Service,0,0,0,Technology,Partner API,99,0.2613,2026-03-14T08:45:54
CONT-035F8130,SESS-DDB3E52B,Product Support,0.5738,Guided Flow,0,0,0,Healthcare,IVR,51,0.3245,2026-04-05T03:50:33
CONT-5CDB1823,SESS-C5D1A437,Order Status,0.8713,Self-Service,0,0,0,Technology,Mobile App,82,0.3859,2026-04-04T10:02:46
CONT-C0483C84,SESS-41151AF4,Password Reset,0.849,Handoff,0,1,0,Healthcare,Web,12,0.1818,2026-03-18T18:46:07
CONT-48F7AF9B,SESS-3A2C3D1E,Returns & Refunds,0.8196,Free Text,0,0,0,Retail,Web,84,0.4178,2026-03-28T20:30:16
CONT-888F6ABC,SESS-242AEA53,Billing Inquiry,0.4599,FAQ,0,0,0,Financial Services,Kiosk,49,0.2007,2026-03-15T06:41:10
CONT-21B0BE0E,SESS-52CACC28,Order Status,0.8132,Self-Service,0,0,0,Healthcare,Mobile App,92,0.3674,2026-03-30T23:27:38
CONT-BE9F79D2,SESS-F2E55DA9,Password Reset,0.5601,Self-Service,0,0,0,Retail,Mobile App,47,0.2925,2026-03-20T09:18:53
CONT-A9D322AC,SESS-3F4DFD03,Subscription Management,0.4199,Handoff,0,0,0,Financial Services,Web,40,0.2583,2026-04-02T11:42:55
CONT-55423872,SESS-F55A5844,Billing Inquiry,0.5016,Guided Flow,0,0,0,Financial Services,Mobile App,155,0.2339,2026-04-02T02:31:34
CONT-805FF2F7,SESS-F4B81978,General Inquiry,0.542,Escalation,0,0,0,Financial Services,Kiosk,18,0.2566,2026-03-26T12:22:13
CONT-689D98E6,SESS-4A0F48FC,Account Management,0.7066,Handoff,0,0,0,Technology,Web,86,0.3889,2026-03-19T11:13:55
CONT-5E8A7037,SESS-ECAA22DA,Returns & Refunds,0.4034,Guided Flow,0,0,0,Healthcare,Mobile App,48,0.2304,2026-03-25T22:20:47
CONT-843E919D,SESS-7C58E003,Returns & Refunds,0.6374,Self-Service,0,0,0,Technology,Mobile App,152,0.3308,2026-03-26T10:33:12
CONT-15FFEF4E,SESS-274D89B4,Billing Inquiry,0.7519,Free Text,1,0,0,Financial Services,Web,111,0.6591,2026-03-12T19:48:46
CONT-54BA6C5D,SESS-B8365275,Billing Inquiry,0.5079,Free Text,0,0,0,Retail,IVR,226,0.2929,2026-03-20T16:31:59
CONT-B9BE8D2A,SESS-AEDA8044,Order Status,0.8403,Escalation,0,0,0,Travel,Kiosk,36,0.3882,2026-03-13T01:51:48
CONT-85583E08,SESS-301DBAE9,Returns & Refunds,0.5163,FAQ,0,0,0,Travel,Mobile App,23,0.22,2026-03-25T10:18:47
CONT-358792FA,SESS-B676B3E7,Loyalty Program,0.9752,Free Text,0,0,0,Healthcare,Mobile App,54,0.5192,2026-03-19T19:28:06
CONT-E26AAE49,SESS-2D631806,Loyalty Program,0.8189,Escalation,0,0,0,Financial Services,Web,25,0.4533,2026-03-16T16:22:01
CONT-828476FE,SESS-C0EB0E71,Subscription Management,0.4667,Free Text,0,0,0,Healthcare,Partner API,128,0.2456,2026-03-08T06:48:48
CONT-BB532DEE,SESS-5BD768AF,Order Status,0.6369,FAQ,0,0,0,Travel,IVR,58,0.3543,2026-03-21T16:13:22
CONT-1C778FAC,SESS-4F9E6A4A,Billing Inquiry,0.7578,Free Text,0,0,1,Healthcare,IVR,111,0.1834,2026-03-25T22:38:45
CONT-36273E76,SESS-66AF87DF,Technical Troubleshooting,0.8383,Free Text,1,0,0,Healthcare,Kiosk,44,0.7109,2026-03-23T11:10:16
CONT-8CFA7E81,SESS-B796437E,Billing Inquiry,0.8876,FAQ,1,0,0,Retail,Partner API,30,0.7446,2026-03-16T12:23:31
CONT-6C5C9D43,SESS-E5643FBE,Product Support,0.4956,Guided Flow,0,0,0,Technology,Mobile App,34,0.2907,2026-04-05T00:40:18
CONT-4CC7A8FD,SESS-19537911,Technical Troubleshooting,0.9833,Handoff,0,0,0,Healthcare,Partner API,54,0.5407,2026-03-22T06:20:47
CONT-290FF715,SESS-3CB78982,Billing Inquiry,0.6988,Handoff,0,0,1,Technology,Kiosk,108,0.1819,2026-03-17T22:14:06
CONT-50358988,SESS-B7218D2A,General Inquiry,0.4404,Free Text,0,0,0,Retail,Partner API,114,0.1847,2026-03-22T07:20:20
CONT-101ECD0D,SESS-2C09D630,Billing Inquiry,1.0,FAQ,1,0,0,Financial Services,IVR,29,0.822,2026-03-08T06:05:16
CONT-E9778D0B,SESS-EB8A9231,Technical Troubleshooting,0.8421,Guided Flow,0,0,1,Travel,Mobile App,99,0.282,2026-03-17T15:50:29
CONT-95BAA889,SESS-600B1ACC,General Inquiry,0.4228,Handoff,1,0,0,Travel,Web,591,0.5197,2026-03-13T13:27:22
CONT-F761B3A1,SESS-A6516A33,Billing Inquiry,0.8956,Guided Flow,0,0,0,Travel,Partner API,85,0.463,2026-03-21T08:18:52
CONT-162B020D,SESS-ADAAC2FC,Subscription Management,0.4677,Free Text,0,0,0,Travel,Kiosk,21,0.2252,2026-03-11T11:33:28
CONT-C01C5D58,SESS-45BA8E6B,Technical Troubleshooting,0.1396,Self-Service,0,1,0,Technology,IVR,200,0.0,2026-03-19T21:14:38
CONT-EE145C70,SESS-AE1D98C9,Order Status,0.4359,Guided Flow,0,0,1,Travel,Mobile App,150,0.0558,2026-03-30T19:05:44
CONT-80AD1F63,SESS-7C0C1059,Billing Inquiry,0.4709,FAQ,0,0,0,Travel,Web,74,0.2603,2026-03-22T12:43:33
CONT-5EB02C71,SESS-C16112D3,Loyalty Program,0.8266,Free Text,0,0,0,Retail,Web,99,0.4422,2026-03-12T06:02:16
CONT-ABC4574B,SESS-1EAB0478,Loyalty Program,1.0,Guided Flow,1,0,1,Financial Services,Mobile App,115,0.6449,2026-03-12T21:21:51
CONT-A658908F,SESS-B15D3463,Order Status,0.5093,Guided Flow,0,1,0,Technology,Kiosk,396,0.0858,2026-03-26T11:26:42
CONT-2E575D79,SESS-C7CE7606,Technical Troubleshooting,0.7171,Handoff,1,0,0,Retail,Partner API,62,0.6349,2026-03-27T12:06:07
CONT-B14B1BA5,SESS-3AC1E4A3,Product Support,0.5934,Handoff,0,0,0,Healthcare,Mobile App,18,0.2863,2026-04-03T05:01:07
CONT-0A800AAF,SESS-6D6D8B66,Returns & Refunds,0.8118,Free Text,0,0,0,Technology,Partner API,118,0.438,2026-03-19T20:05:07
CONT-AA036FEF,SESS-6A629A4A,Order Status,0.7274,Escalation,0,0,1,Healthcare,Mobile App,119,0.2606,2026-03-13T11:33:44
CONT-A1AE56BE,SESS-90C96122,Product Support,0.4159,FAQ,0,0,0,Retail,Kiosk,287,0.1752,2026-03-19T10:33:29
CONT-7D2E8F16,SESS-9CAFB3E6,Password Reset,1.0,Guided Flow,0,0,0,Retail,IVR,165,0.5203,2026-04-03T04:00:30
CONT-16965E12,SESS-DCF08F5D,General Inquiry,0.6982,Self-Service,0,0,0,Technology,Kiosk,39,0.3457,2026-04-02T07:08:58
CONT-1F8793F8,SESS-A6D2FF89,Order Status,0.8099,Handoff,0,0,0,Technology,Mobile App,95,0.3808,2026-04-01T17:46:28
CONT-0732B7F5,SESS-E3C96F6B,Technical Troubleshooting,0.5721,Escalation,0,0,1,Technology,Web,38,0.1745,2026-03-12T15:56:43
CONT-A68799A2,SESS-42BB8D07,General Inquiry,0.5503,Self-Service,0,0,0,Travel,Mobile App,103,0.324,2026-03-27T08:41:04
CONT-B78DCF52,SESS-D127C9EF,Product Support,0.4904,Handoff,0,0,0,Travel,IVR,21,0.2036,2026-03-13T02:28:57
CONT-7CCC0F63,SESS-B65B7EF0,Order Status,0.6554,Escalation,0,0,0,Technology,Partner API,149,0.2921,2026-03-31T10:30:23
CONT-770EE750,SESS-7FCBE675,Account Management,0.7052,Guided Flow,0,0,0,Technology,Web,31,0.3048,2026-03-08T20:11:25
CONT-B7718215,SESS-30F22B1E,Billing Inquiry,0.7732,Self-Service,0,0,0,Travel,Mobile App,74,0.3727,2026-03-10T02:01:42
CONT-F8B71ACF,SESS-440DD500,Password Reset,0.9873,Escalation,0,0,0,Retail,Kiosk,105,0.5319,2026-03-20T07:53:53
CONT-EF9ECED8,SESS-9570B2E3,Account Management,0.9768,Guided Flow,0,1,0,Travel,IVR,11,0.3377,2026-03-30T04:56:47
CONT-440DE818,SESS-70260BDA,Technical Troubleshooting,0.7996,FAQ,0,0,0,Technology,IVR,24,0.446,2026-03-21T22:35:50
CONT-F24C8A48,SESS-E2F0FB72,Product Support,0.615,FAQ,0,0,0,Healthcare,IVR,27,0.3054,2026-04-01T14:43:26
CONT-A41CAFC5,SESS-8101FF2F,Subscription Management,1.0,Guided Flow,0,0,1,Travel,Web,135,0.3497,2026-03-21T02:29:19
CONT-18966676,SESS-0C92E336,Billing Inquiry,0.6009,Escalation,1,0,0,Retail,Partner API,15,0.555,2026-04-05T05:08:50
CONT-CBED3E2D,SESS-B6287978,Billing Inquiry,0.6682,Self-Service,0,0,0,Technology,Mobile App,24,0.3455,2026-04-02T14:14:15
CONT-3B0B2C2E,SESS-1C5B1BC9,Technical Troubleshooting,0.3123,Self-Service,0,0,0,Healthcare,Partner API,80,0.138,2026-03-08T00:48:24
CONT-BA2FEA46,SESS-3F40FA74,Subscription Management,0.5148,Handoff,0,0,0,Retail,IVR,191,0.304,2026-03-28T22:04:55
CONT-B73F5740,SESS-A5F39C7B,Billing Inquiry,0.5965,Handoff,0,0,1,Travel,Partner API,55,0.1109,2026-03-30T13:13:50
CONT-168CCE14,SESS-98D08C5D,Returns & Refunds,0.9523,Handoff,0,0,0,Healthcare,Partner API,98,0.4378,2026-03-09T08:09:47
CONT-443C362F,SESS-11F0B052,Order Status,0.9033,Handoff,0,0,0,Retail,IVR,28,0.4431,2026-03-24T12:12:29
CONT-F0864FF5,SESS-050A93E5,Order Status,1.0,Free Text,0,0,0,Retail,IVR,142,0.506,2026-03-29T16:12:42
CONT-092E2D65,SESS-C2066840,Product Support,0.8904,Escalation,0,1,0,Financial Services,Partner API,76,0.2285,2026-03-21T18:00:10
CONT-820F5590,SESS-3AB0414F,Order Status,0.7874,Free Text,0,0,0,Retail,Kiosk,34,0.3959,2026-03-08T04:45:45
CONT-2F09D45C,SESS-CE756121,Order Status,0.4055,Guided Flow,1,0,1,Financial Services,Web,190,0.3344,2026-03-29T00:23:36
CONT-D1F3F0D1,SESS-38A2E4C9,Loyalty Program,0.633,FAQ,0,0,0,Travel,Kiosk,205,0.3238,2026-03-31T22:45:09
CONT-D1F3F0D1,SESS-3BCEC13D,Order Status,0.6142,Guided Flow,0,0,0,Technology,Kiosk,12,0.265,2026-03-10T18:22:14
CONT-DBA7FEDD,SESS-B9DDB83B,Loyalty Program,0.6267,Guided Flow,0,0,0,Financial Services,Web,26,0.2758,2026-03-11T00:31:31
CONT-E85E4D2A,SESS-54E291FF,Loyalty Program,0.693,FAQ,0,0,0,Travel,Web,20,0.3573,2026-03-24T14:53:28
CONT-D1CAE35B,SESS-2E485BB0,General Inquiry,0.2961,Guided Flow,0,0,0,Travel,IVR,47,0.168,2026-03-15T22:27:24
CONT-55423872,SESS-360794CF,Billing Inquiry,0.5062,Free Text,0,0,1,Financial Services,Mobile App,138,0.0886,2026-03-23T03:07:26
CONT-90764E98,SESS-52B2FF6B,Technical Troubleshooting,0.7005,Escalation,0,0,0,Technology,Kiosk,28,0.3197,2026-03-12T08:54:22
CONT-841D5B36,SESS-7F69C1E8,General Inquiry,0.1535,Free Text,0,0,1,Travel,Partner API,136,0.0,2026-03-13T05:10:25
CONT-4B199A56,SESS-555ED2F4,Product Support,0.3131,Escalation,0,0,0,Travel,IVR,82,0.1611,2026-04-04T09:16:26
CONT-6AD9741D,SESS-C55F66A2,Subscription Management,0.7285,Free Text,0,0,0,Healthcare,Partner API,180,0.3287,2026-04-02T03:17:11
CONT-96CC4211,SESS-FB1977F2,Account Management,0.5006,Free Text,0,0,0,Financial Services,Kiosk,508,0.2613,2026-03-20T23:03:00
CONT-B32EC519,SESS-FD3CA77B,General Inquiry,0.8188,Escalation,0,0,0,Healthcare,IVR,46,0.4446,2026-03-27T10:20:12
CONT-C7FA579B,SESS-9E03401E,Technical Troubleshooting,0.5492,Handoff,0,0,0,Technology,Kiosk,200,0.2897,2026-03-24T09:31:09
CONT-6B272F5A,SESS-B6A33FD2,Account Management,0.8743,Handoff,0,0,0,Financial Services,Mobile App,79,0.482,2026-03-29T21:52:36
CONT-F5547A4F,SESS-9CB1ECC8,Returns & Refunds,0.2647,Escalation,0,1,0,Retail,Mobile App,401,0.0,2026-04-05T09:57:06
CONT-37DD737E,SESS-8091CF7C,Loyalty Program,1.0,Escalation,0,0,0,Travel,Kiosk,166,0.4515,2026-03-08T07:27:00
CONT-BBFAABC8,SESS-CF1936BC,Billing Inquiry,0.6681,FAQ,0,0,1,Travel,IVR,417,0.2236,2026-03-18T22:05:18
CONT-4785B3F4,SESS-6686D67F,Product Support,0.801,Free Text,0,1,1,Technology,IVR,455,0.033,2026-03-13T13:21:16
CONT-1691F9F0,SESS-DBF5B375,General Inquiry,0.571,Escalation,0,0,0,Technology,Partner API,119,0.3236,2026-03-07T23:45:50
CONT-C61996E6,SESS-ED42DE0B,Account Management,0.616,Escalation,0,0,0,Financial Services,Partner API,111,0.3207,2026-03-25T12:14:45
CONT-7977D5B1,SESS-F73185C0,Technical Troubleshooting,0.6524,Escalation,0,0,0,Technology,Partner API,91,0.2835,2026-03-22T03:47:19
CONT-7190FA7D,SESS-2503E0D7,Returns & Refunds,0.6686,FAQ,0,0,0,Retail,Partner API,164,0.2993,2026-03-18T15:31:31
CONT-B6FC1783,SESS-1FD18D4E,Loyalty Program,0.4196,Guided Flow,0,0,0,Healthcare,Partner API,66,0.1629,2026-03-19T14:11:34
CONT-35447F72,SESS-79D2F6DF,Order Status,0.539,Escalation,0,0,0,Travel,IVR,103,0.2775,2026-03-27T11:08:29
CONT-BD701D8C,SESS-EA803129,General Inquiry,0.6103,Self-Service,0,1,0,Technology,Kiosk,182,0.0731,2026-03-26T04:13:46
CONT-F07ED8EB,SESS-4EC3D5B9,Loyalty Program,0.6848,Free Text,0,0,0,Healthcare,Web,67,0.387,2026-03-10T08:46:47
CONT-09D8F325,SESS-C783EB45,Password Reset,0.5483,Handoff,0,0,0,Healthcare,Web,59,0.3226,2026-03-12T04:46:11
CONT-4F38987C,SESS-8A7672D8,Order Status,0.5845,Self-Service,0,0,0,Technology,IVR,57,0.3217,2026-03-09T21:08:27
CONT-E594B83F,SESS-774E5065,Technical Troubleshooting,0.711,Free Text,0,0,0,Technology,Partner API,222,0.334,2026-03-12T20:46:25
CONT-5EBC82F9,SESS-3AB34FD2,Loyalty Program,0.7103,Escalation,0,0,0,Travel,IVR,22,0.3328,2026-03-25T05:22:31
CONT-A445BAB1,SESS-1F171E27,Subscription Management,0.5405,Guided Flow,1,0,0,Financial Services,Kiosk,15,0.568,2026-03-16T20:27:10
CONT-A6E22DA3,SESS-3AF5C087,Product Support,1.0,Self-Service,1,0,0,Financial Services,Partner API,21,0.8245,2026-03-08T03:30:50
CONT-82EB25A0,SESS-67A6677B,Account Management,0.7836,Free Text,0,1,0,Healthcare,Kiosk,93,0.2099,2026-03-19T21:03:03
CONT-613D2C1B,SESS-8E9857B4,Password Reset,0.8761,Self-Service,1,0,1,Travel,Web,176,0.5909,2026-03-18T08:39:30
CONT-C3E7A3E6,SESS-47E8A031,Account Management,0.5163,Handoff,0,0,0,Travel,Kiosk,28,0.2112,2026-03-11T06:04:15
CONT-BF5D6C3B,SESS-6226750B,Loyalty Program,0.8112,Handoff,0,0,0,Healthcare,Mobile App,115,0.4142,2026-03-22T07:22:58
CONT-B44DD6BE,SESS-F2364E81,Password Reset,0.9418,Guided Flow,0,0,0,Financial Services,Kiosk,223,0.4362,2026-03-31T19:59:06
CONT-E279A545,SESS-81AA3E6F,Order Status,0.7039,Free Text,1,0,1,Travel,IVR,142,0.5077,2026-03-30T17:25:03
CONT-B0216D15,SESS-26B45529,Subscription Management,0.6509,Free Text,0,0,0,Financial Services,Partner API,20,0.3725,2026-03-20T07:33:46
CONT-31443587,SESS-D9046E71,Order Status,0.8652,FAQ,0,0,0,Healthcare,IVR,44,0.4098,2026-03-09T14:54:24
CONT-F182720F,SESS-AB1BC338,Account Management,0.7628,Escalation,1,0,0,Healthcare,Kiosk,191,0.6344,2026-03-16T22:25:19
CONT-8B7A8EE6,SESS-5DD0253F,Billing Inquiry,0.6598,Guided Flow,0,0,0,Healthcare,Kiosk,269,0.302,2026-04-05T04:28:21
CONT-FB06D31B,SESS-6B4771DE,Product Support,0.4882,Guided Flow,0,0,0,Travel,IVR,156,0.2832,2026-03-09T14:46:15
CONT-EC44DD34,SESS-C32385D5,Returns & Refunds,0.6961,Free Text,0,0,0,Healthcare,Web,96,0.3738,2026-04-05T19:46:03
CONT-9218D834,SESS-6B075C86,Loyalty Program,0.8481,FAQ,0,0,0,Healthcare,IVR,539,0.4134,2026-04-05T18:44:05
CONT-481144A9,SESS-C4E849F5,Subscription Management,0.5542,Self-Service,0,0,1,Retail,Kiosk,94,0.1371,2026-03-18T13:59:08
CONT-F73BB203,SESS-CC712252,Subscription Management,0.7281,Guided Flow,0,0,0,Technology,IVR,104,0.3656,2026-03-21T05:54:12
CONT-70358479,SESS-9DE027B3,Billing Inquiry,0.6173,Handoff,0,0,0,Retail,Web,118,0.3328,2026-03-09T16:24:48
CONT-892CC024,SESS-E00BC35B,Password Reset,0.5701,Escalation,0,0,0,Travel,Web,86,0.259,2026-04-04T00:48:15
CONT-0F2D011B,SESS-12546BE3,Returns & Refunds,0.6812,Free Text,1,0,0,Financial Services,Partner API,66,0.6167,2026-03-09T11:43:46
CONT-C51143F7,SESS-CB35FAF8,Password Reset,0.8226,Handoff,1,0,0,Healthcare,Kiosk,16,0.7279,2026-03-18T04:28:38
CONT-B67CABA8,SESS-A4643E29,General Inquiry,0.782,FAQ,0,0,0,Healthcare,Kiosk,94,0.4272,2026-04-01T04:00:08
CONT-F260B3C8,SESS-C4E15D5B,Loyalty Program,0.5506,Handoff,0,0,0,Healthcare,Kiosk,77,0.3112,2026-04-03T07:33:10
CONT-CE37255A,SESS-A8A45A3A,Account Management,0.3159,Free Text,0,1,0,Retail,IVR,131,0.0,2026-03-26T13:58:27
CONT-BF6222E6,SESS-53FFBD25,Subscription Management,0.7562,Handoff,0,0,0,Retail,Partner API,85,0.3747,2026-03-14T19:44:07
CONT-6D5E9281,SESS-C3884821,Order Status,0.6454,Free Text,0,0,0,Technology,Web,54,0.2796,2026-03-13T06:53:27
CONT-4F553A8C,SESS-9B7E1DC9,Product Support,0.9023,Handoff,0,0,0,Retail,IVR,54,0.448,2026-03-10T17:47:46
CONT-89B23AF0,SESS-014209A3,Returns & Refunds,0.3156,Self-Service,0,0,0,Healthcare,IVR,132,0.1346,2026-04-01T07:49:15
CONT-8B8DE1B7,SESS-F3C3337B,Technical Troubleshooting,0.6201,FAQ,0,0,0,Travel,Partner API,91,0.2847,2026-03-27T08:17:07
CONT-E056A6FF,SESS-AF0F5EF7,Billing Inquiry,0.6541,Escalation,1,0,0,Financial Services,Partner API,48,0.6414,2026-03-22T20:04:23
CONT-362D676B,SESS-DCB5ECE9,Password Reset,0.6641,Self-Service,0,0,0,Healthcare,Mobile App,268,0.3557,2026-04-02T00:01:04
CONT-F4DB1F10,SESS-3D58F5A6,Order Status,0.3287,FAQ,0,0,0,Retail,IVR,90,0.1148,2026-03-16T14:38:33
CONT-D39F89E0,SESS-66EDB434,Order Status,0.702,Guided Flow,1,0,0,Healthcare,Partner API,63,0.6088,2026-03-25T10:48:41
CONT-A11B4BA3,SESS-9E5E130A,General Inquiry,0.2265,FAQ,0,0,0,Retail,Web,163,0.131,2026-03-12T22:55:28
CONT-ADA769A0,SESS-80851705,Billing Inquiry,0.6592,Self-Service,0,0,0,Travel,Mobile App,27,0.3379,2026-03-28T21:45:56
CONT-FB10B23F,SESS-04F96A4D,Returns & Refunds,0.8346,Guided Flow,0,0,0,Healthcare,Web,32,0.4385,2026-03-24T09:23:34
CONT-BD302E22,SESS-D43EC2A2,General Inquiry,0.7041,Guided Flow,0,0,0,Travel,IVR,140,0.3281,2026-03-26T09:21:09
CONT-8704DA42,SESS-174CD9F3,Account Management,0.5196,FAQ,0,0,0,Healthcare,Web,37,0.2579,2026-03-24T22:00:46
CONT-BEA48FC1,SESS-31FAEE4C,Subscription Management,0.6692,Free Text,0,0,0,Healthcare,IVR,46,0.2914,2026-03-13T09:24:16
CONT-05277C3A,SESS-C6A0E824,Technical Troubleshooting,0.6455,Self-Service,0,0,0,Healthcare,Partner API,120,0.3447,2026-03-27T11:08:00
CONT-D692685E,SESS-2C9A62B0,Account Management,0.7648,Handoff,0,0,0,Technology,IVR,26,0.3682,2026-03-10T17:34:44
CONT-824F299B,SESS-534AA862,General Inquiry,0.7147,Guided Flow,0,0,0,Financial Services,Kiosk,76,0.3691,2026-03-16T08:00:20
CONT-E04AC1D9,SESS-A1064781,Account Management,0.6371,Free Text,0,0,0,Technology,Kiosk,50,0.3508,2026-03-16T18:29:43
CONT-18365829,SESS-4D5163C6,Returns & Refunds,0.6819,Guided Flow,0,0,0,Healthcare,Kiosk,46,0.3359,2026-03-27T01:39:23
CONT-C82BBCBB,SESS-82666E68,Order Status,0.6873,Self-Service,0,0,0,Retail,IVR,59,0.3518,2026-04-01T05:16:59
CONT-8C9FD144,SESS-1EB6B5B3,Billing Inquiry,0.7869,Self-Service,0,0,0,Retail,Partner API,77,0.3777,2026-03-13T21:57:20
CONT-E2863CE7,SESS-3815C382,Product Support,0.1779,Guided Flow,0,0,0,Travel,Web,15,0.0881,2026-03-21T08:02:48
CONT-0717A5C0,SESS-E472437D,Loyalty Program,0.7402,Escalation,1,0,0,Healthcare,Kiosk,76,0.6377,2026-03-20T03:12:42
CONT-CD8A02FE,SESS-5635A91C,Technical Troubleshooting,0.6431,Free Text,1,0,0,Financial Services,Mobile App,303,0.6276,2026-03-16T00:35:54
CONT-D2C2221A,SESS-B58F4E47,Returns & Refunds,0.5582,Guided Flow,0,0,0,Technology,IVR,33,0.2466,2026-03-11T10:01:21
CONT-3CBE27D2,SESS-E4AD49A8,Loyalty Program,0.6303,Guided Flow,0,0,0,Healthcare,Kiosk,70,0.3251,2026-03-16T20:43:49
CONT-7B6039E1,SESS-91526C2D,Product Support,0.5459,Free Text,0,0,0,Financial Services,Partner API,18,0.2682,2026-03-29T10:44:24
CONT-F13F42AE,SESS-03EB3509,Account Management,0.8219,Guided Flow,0,0,0,Retail,Mobile App,29,0.4411,2026-03-22T16:19:09
CONT-2E670688,SESS-0240A4B9,Order Status,0.8002,Guided Flow,1,0,0,Healthcare,Mobile App,16,0.7438,2026-03-18T02:31:29
CONT-523084AA,SESS-24E71DDE,Order Status,0.6634,Self-Service,0,0,1,Technology,Partner API,131,0.196,2026-03-09T18:35:58
CONT-5D729219,SESS-47357961,Returns & Refunds,0.8581,FAQ,0,0,0,Retail,Mobile App,26,0.4335,2026-03-20T04:44:45
CONT-CB8A1405,SESS-DDD4C3BF,Account Management,0.622,Guided Flow,0,0,0,Healthcare,Mobile App,88,0.3208,2026-03-16T00:19:26
CONT-DE3E60DB,SESS-6980313D,General Inquiry,0.2869,Handoff,0,0,0,Technology,Mobile App,45,0.1709,2026-03-26T11:58:50
CONT-7D8B418F,SESS-DE9C1EEC,Subscription Management,0.599,Escalation,1,0,0,Technology,Kiosk,43,0.615,2026-03-11T12:14:08
CONT-D9EEACF9,SESS-9216AE16,Billing Inquiry,0.8896,Self-Service,1,0,0,Technology,Mobile App,83,0.7066,2026-03-10T03:10:50
CONT-B945286C,SESS-66C67A65,Product Support,0.4181,Self-Service,0,0,0,Financial Services,Partner API,118,0.2412,2026-04-03T20:55:54
CONT-14EDEFE5,SESS-5400C370,Password Reset,0.3841,Self-Service,0,0,0,Retail,Mobile App,125,0.2182,2026-03-12T20:58:59
CONT-BEB118E2,SESS-22338C31,Subscription Management,0.7158,FAQ,0,0,0,Travel,IVR,38,0.3808,2026-03-16T23:34:09
CONT-8B8CC16F,SESS-E67848C3,Billing Inquiry,0.6307,Handoff,0,0,0,Travel,IVR,51,0.2972,2026-03-20T15:45:18
CONT-2E20C3CB,SESS-AC542726,Returns & Refunds,0.4519,Handoff,0,0,0,Travel,Partner API,181,0.2049,2026-03-07T07:49:42
CONT-EDDDEC0D,SESS-F4E86376,Product Support,0.6331,Handoff,0,0,1,Travel,Web,69,0.1267,2026-03-23T21:01:10
CONT-C0E5C31C,SESS-83AD307A,Subscription Management,0.651,Handoff,0,0,0,Financial Services,Mobile App,70,0.3555,2026-03-31T01:24:07
CONT-482E7D91,SESS-9829F203,Product Support,0.5804,FAQ,0,0,0,Healthcare,Mobile App,84,0.2644,2026-03-13T00:04:49
CONT-530377BC,SESS-D2CD906C,Password Reset,0.6783,Guided Flow,0,0,0,Travel,Mobile App,64,0.3568,2026-04-03T12:07:02
CONT-4EACA790,SESS-0E422392,Password Reset,0.5635,Guided Flow,0,0,0,Retail,Web,59,0.3147,2026-03-27T16:23:04
CONT-BA311491,SESS-E5AEE334,Password Reset,0.4871,Escalation,0,0,0,Healthcare,Kiosk,197,0.2502,2026-03-15T13:59:02
CONT-D49E567F,SESS-79BCE578,Billing Inquiry,0.717,Free Text,0,0,0,Healthcare,Kiosk,62,0.3303,2026-03-25T14:24:02
CONT-D9CC67C9,SESS-4C0FDA62,General Inquiry,0.4722,Handoff,0,0,0,Healthcare,Partner API,86,0.2621,2026-04-05T04:30:24
CONT-5CF7E3AC,SESS-E3ED4B93,Order Status,0.4174,FAQ,0,1,0,Travel,Kiosk,60,0.0,2026-03-15T15:02:38
CONT-67806029,SESS-57D742FC,Account Management,0.6253,FAQ,0,0,0,Retail,Web,114,0.2872,2026-03-25T10:06:52
CONT-1915BE9B,SESS-89A2D952,Technical Troubleshooting,0.6501,Free Text,0,0,0,Financial Services,Kiosk,15,0.3613,2026-03-19T08:58:29
CONT-3168E559,SESS-5D12D91D,Account Management,0.5698,Handoff,0,0,0,Technology,IVR,61,0.2767,2026-03-22T13:33:20
CONT-2FC809F0,SESS-7CB8C209,Password Reset,0.621,FAQ,0,0,0,Retail,IVR,55,0.3032,2026-03-26T18:09:04
CONT-3519143E,SESS-F72C12BF,Billing Inquiry,0.7255,FAQ,0,0,0,Healthcare,Partner API,149,0.3529,2026-03-16T17:32:58
CONT-C8F231CA,SESS-3C179772,Password Reset,0.7831,FAQ,0,0,0,Healthcare,Kiosk,112,0.3665,2026-03-07T00:26:00
CONT-342BC118,SESS-F139A527,Returns & Refunds,0.6123,Free Text,1,0,0,Travel,Kiosk,55,0.6542,2026-03-24T19:25:24
CONT-45B7E024,SESS-FD7C0B37,Order Status,0.7832,Handoff,0,0,0,Financial Services,Web,152,0.361,2026-03-16T01:22:53
CONT-57D6F84D,SESS-04BC2A59,Returns & Refunds,0.764,Handoff,0,0,0,Healthcare,IVR,365,0.3991,2026-03-26T02:06:07
CONT-9EA7BD09,SESS-44C42DF4,Billing Inquiry,0.4456,Escalation,0,0,0,Financial Services,Mobile App,66,0.2538,2026-03-21T19:37:26
CONT-337EDDB0,SESS-FE1AE1B6,Technical Troubleshooting,0.8741,Handoff,0,0,1,Retail,Mobile App,200,0.2536,2026-03-23T18:20:34
CONT-B263CBCD,SESS-54E8C058,Subscription Management,0.7456,Guided Flow,0,0,0,Retail,Partner API,356,0.3406,2026-03-17T17:02:15
CONT-E7599CB4,SESS-40910A19,Technical Troubleshooting,0.6693,Guided Flow,0,0,0,Retail,Kiosk,168,0.3066,2026-03-11T17:20:25
CONT-8226BCCC,SESS-42B5A376,General Inquiry,0.6929,Escalation,0,1,0,Retail,Mobile App,20,0.1848,2026-03-07T16:55:50
CONT-FCB0889C,SESS-C3A60A47,Billing Inquiry,0.8898,Self-Service,0,0,0,Retail,IVR,134,0.4757,2026-03-14T23:07:08
CONT-AB94D08D,SESS-469DA010,Order Status,0.3998,FAQ,0,0,0,Travel,Mobile App,33,0.2316,2026-03-12T09:07:15
CONT-9C100BDA,SESS-35AB97A7,Billing Inquiry,1.0,Self-Service,0,0,1,Retail,Kiosk,132,0.3009,2026-04-04T10:51:06
CONT-50825BFF,SESS-4E790733,Order Status,0.7336,Escalation,0,0,0,Healthcare,Kiosk,31,0.3203,2026-04-05T12:13:02
CONT-5C936B58,SESS-F2B3730E,Order Status,0.8726,FAQ,0,0,0,Travel,Partner API,70,0.4507,2026-03-22T12:45:33
CONT-35447F72,SESS-B187C92D,Subscription Management,0.7539,Free Text,0,0,0,Retail,Partner API,185,0.3702,2026-03-11T09:44:01
CONT-66C53610,SESS-4846C6DF,Order Status,0.5624,FAQ,0,0,0,Healthcare,IVR,35,0.3199,2026-03-11T01:16:07
CONT-2456564F,SESS-15795557,Password Reset,0.3598,Guided Flow,0,0,0,Healthcare,Partner API,197,0.2254,2026-03-19T13:13:44
CONT-1E886570,SESS-0CF04168,Password Reset,0.5766,Free Text,0,0,0,Financial Services,Web,98,0.2525,2026-03-13T04:05:57
CONT-D2B52689,SESS-C195A415,Product Support,0.5159,Handoff,0,0,0,Technology,Web,75,0.2701,2026-03-25T16:09:31
CONT-0EBBD718,SESS-F7235B0C,Loyalty Program,0.4712,FAQ,1,0,1,Retail,Mobile App,67,0.4106,2026-03-27T13:06:37
CONT-1E3F21A0,SESS-C6CB0539,Loyalty Program,0.5179,Self-Service,0,1,0,Healthcare,Web,50,0.0555,2026-04-02T01:32:21
CONT-35977613,SESS-0EB392D3,Subscription Management,0.4597,Escalation,0,0,0,Technology,IVR,129,0.2109,2026-03-09T07:30:14
CONT-CA89E215,SESS-23F07B93,Account Management,0.414,Guided Flow,0,1,0,Retail,Kiosk,182,0.0306,2026-03-08T07:00:55
CONT-4F38987C,SESS-BFDFC609,General Inquiry,0.5723,Guided Flow,0,1,0,Retail,Web,61,0.0981,2026-03-10T16:14:09
CONT-5A13C351,SESS-4BB19342,Returns & Refunds,0.9725,Escalation,0,0,0,Travel,Kiosk,26,0.4733,2026-03-11T05:53:39
CONT-0E1AE409,SESS-6F00074A,General Inquiry,0.4818,Escalation,0,0,1,Technology,Partner API,171,0.0555,2026-03-20T09:44:13
CONT-D72CB971,SESS-0FC5BF1D,Account Management,0.5229,Free Text,0,0,0,Retail,Kiosk,50,0.2733,2026-03-28T16:25:43
CONT-0C5F5A3D,SESS-EF288503,Subscription Management,0.3287,Self-Service,0,0,0,Technology,Mobile App,20,0.1507,2026-03-25T22:24:02
CONT-823FBC88,SESS-9642230A,Password Reset,0.663,Self-Service,0,0,0,Technology,Partner API,383,0.2896,2026-03-12T15:31:13
CONT-3BB599A4,SESS-F4105F26,Returns & Refunds,0.5468,Guided Flow,0,0,0,Travel,Kiosk,84,0.2242,2026-03-15T05:09:20
CONT-E7EFEBA6,SESS-41D7408A,Returns & Refunds,0.9312,Self-Service,0,0,0,Technology,Partner API,27,0.4448,2026-03-28T23:31:11
CONT-9A46F7D0,SESS-8E8286BC,General Inquiry,0.4958,FAQ,0,0,0,Technology,Mobile App,69,0.2202,2026-03-16T10:36:47
CONT-759D6459,SESS-24FE27CD,Technical Troubleshooting,0.6882,Escalation,0,0,1,Retail,Partner API,184,0.2298,2026-03-24T02:24:25
CONT-31EAB806,SESS-6E21509A,Account Management,0.6445,Free Text,0,0,0,Financial Services,Web,39,0.2828,2026-04-03T18:41:02
CONT-63296BDD,SESS-5BD336AB,Returns & Refunds,0.7012,Self-Service,0,0,0,Financial Services,Partner API,55,0.3338,2026-03-12T23:37:00
CONT-0324DCC3,SESS-A4585909,Loyalty Program,0.3954,Free Text,0,0,0,Travel,Mobile App,167,0.182,2026-04-05T21:30:12
CONT-154579A7,SESS-0140829A,Returns & Refunds,0.6008,Self-Service,0,0,0,Travel,Web,50,0.3173,2026-03-16T02:51:42
CONT-CFA13D92,SESS-6F35EA2A,Password Reset,0.717,Handoff,0,1,0,Financial Services,Web,103,0.2079,2026-03-18T03:46:42
CONT-ADAE8224,SESS-D84455FB,Technical Troubleshooting,0.6483,Escalation,0,0,0,Technology,Web,20,0.3171,2026-04-05T18:24:51
CONT-28C767DF,SESS-D8CDAE11,Subscription Management,0.6023,Self-Service,0,1,0,Financial Services,Mobile App,65,0.1174,2026-03-17T05:00:18
CONT-6BFD3951,SESS-29E7A174,Subscription Management,0.7079,Handoff,0,0,0,Technology,IVR,123,0.3878,2026-03-12T04:14:19
CONT-901B4BA8,SESS-C3A843ED,Billing Inquiry,0.3858,FAQ,0,0,0,Financial Services,IVR,123,0.2097,2026-03-10T02:39:43
CONT-A0E240E5,SESS-077B5929,Subscription Management,0.5555,Self-Service,0,1,0,Technology,Partner API,46,0.0559,2026-03-25T09:51:54
CONT-CFF51542,SESS-4F67653C,Loyalty Program,0.5543,Self-Service,0,0,0,Financial Services,Kiosk,270,0.2711,2026-03-25T20:42:45
CONT-52269E1B,SESS-E222D232,Billing Inquiry,0.6302,Escalation,0,0,0,Financial Services,Mobile App,69,0.3316,2026-03-27T01:00:39
CONT-4556C428,SESS-6B55BA31,General Inquiry,0.8252,Guided Flow,0,0,0,Technology,Kiosk,52,0.4094,2026-03-26T09:05:24
CONT-477C13C3,SESS-DB04BB97,Password Reset,0.5637,FAQ,0,0,0,Technology,Kiosk,156,0.3265,2026-03-31T13:52:36
CONT-5473931F,SESS-D83CEA41,Product Support,0.5926,Escalation,0,0,0,Technology,Kiosk,61,0.3185,2026-03-27T16:50:06
CONT-2795B856,SESS-0AEBF3B8,Password Reset,0.7558,FAQ,0,0,0,Technology,Mobile App,200,0.3979,2026-03-30T20:11:46
CONT-5D729219,SESS-515EDEB8,Subscription Management,0.6924,Self-Service,0,0,0,Technology,Kiosk,46,0.3799,2026-03-21T09:33:24
CONT-6929AFD3,SESS-C06590DE,Product Support,0.6617,Handoff,0,0,0,Technology,IVR,44,0.3323,2026-04-02T18:01:58
CONT-0CE72097,SESS-F39D63DB,Billing Inquiry,0.5482,Escalation,0,0,0,Technology,Mobile App,106,0.2636,2026-03-30T01:43:02
CONT-9C100BDA,SESS-CECCB41F,Technical Troubleshooting,0.5457,Free Text,0,0,0,Retail,Mobile App,39,0.2543,2026-03-21T05:00:33
CONT-A7661A74,SESS-4F701A61,Account Management,0.6322,Escalation,1,0,0,Healthcare,Kiosk,40,0.6498,2026-03-29T14:19:23
CONT-86AF27F5,SESS-41449A6F,Password Reset,0.5854,Handoff,0,0,0,Technology,Mobile App,112,0.3096,2026-03-21T18:33:15
CONT-814A2044,SESS-CA022121,Billing Inquiry,0.407,Handoff,0,0,0,Financial Services,Partner API,30,0.1581,2026-03-07T10:07:21
CONT-A747DFC3,SESS-8B36C216,Password Reset,0.8428,Guided Flow,0,0,0,Travel,IVR,222,0.4191,2026-03-09T18:35:16
CONT-95FDF140,SESS-4A25836F,Product Support,0.7304,FAQ,0,0,0,Retail,IVR,67,0.3656,2026-03-27T23:51:03
CONT-B047506C,SESS-0EEBAF9C,Subscription Management,0.5811,Escalation,0,0,0,Retail,Kiosk,65,0.2943,2026-03-20T20:59:29
CONT-75115614,SESS-BA1BE1BD,Order Status,0.7886,Escalation,0,0,0,Healthcare,IVR,52,0.4335,2026-04-04T18:13:35
CONT-18C2D91E,SESS-D8B66E6F,Returns & Refunds,0.5619,Escalation,0,0,0,Travel,Partner API,47,0.3031,2026-03-24T22:25:38
CONT-5803FC03,SESS-A9600757,Subscription Management,0.7137,Guided Flow,0,0,0,Technology,Partner API,175,0.4052,2026-03-11T17:42:29
CONT-9AF27106,SESS-48EE2699,General Inquiry,0.5619,FAQ,0,0,0,Travel,Partner API,433,0.2591,2026-03-25T02:17:30
CONT-8AAF18A7,SESS-AF9EB02B,Billing Inquiry,0.6316,Guided Flow,0,0,0,Retail,Partner API,86,0.3119,2026-03-15T11:20:04
CONT-D2C2221A,SESS-916C7EEA,Account Management,0.9722,Escalation,0,0,0,Retail,Kiosk,42,0.4607,2026-03-25T18:42:25
CONT-417EF088,SESS-08E89C7E,Subscription Management,0.4701,Self-Service,0,0,1,Technology,IVR,96,0.076,2026-03-21T07:46:14
CONT-101B610B,SESS-CFDEABA2,Account Management,0.6536,Self-Service,0,0,1,Travel,Kiosk,118,0.1378,2026-03-22T09:38:17
CONT-EE58A101,SESS-D08A7BE0,Technical Troubleshooting,0.6067,FAQ,0,0,0,Retail,Partner API,75,0.3376,2026-03-21T12:18:59
CONT-B5C3BAFF,SESS-9D4E6D11,Account Management,0.5445,Guided Flow,0,0,0,Retail,Mobile App,77,0.3055,2026-03-17T21:12:24
CONT-D5CC7EBC,SESS-5C4758C1,Order Status,0.8852,FAQ,0,0,0,Healthcare,Web,98,0.414,2026-04-04T23:47:38
CONT-665AF3BE,SESS-A6E63E9F,Technical Troubleshooting,0.6741,FAQ,0,0,0,Travel,Web,62,0.3771,2026-03-07T07:47:28
CONT-82EB25A0,SESS-9ED9E780,Returns & Refunds,0.5444,Guided Flow,0,0,0,Travel,Partner API,85,0.2537,2026-03-30T13:47:22
CONT-BAF57798,SESS-AA532D0B,General Inquiry,0.667,Self-Service,0,1,0,Travel,Mobile App,131,0.0844,2026-04-05T07:01:57
CONT-D5F7EC48,SESS-B7CCA93D,Account Management,0.468,Handoff,0,0,0,Technology,IVR,83,0.2083,2026-03-22T08:03:47
CONT-8B07D498,SESS-C628101C,Billing Inquiry,0.6473,Escalation,0,0,0,Technology,IVR,173,0.2941,2026-03-23T02:32:23
CONT-E88209C4,SESS-F501002D,Password Reset,0.8547,Self-Service,0,0,0,Financial Services,IVR,39,0.4533,2026-03-15T06:30:04
CONT-A17D4BF7,SESS-DFB928D0,Billing Inquiry,0.6573,Escalation,0,0,0,Travel,Web,47,0.2814,2026-03-12T01:55:04
CONT-4F38987C,SESS-97FA286A,Order Status,0.6524,Self-Service,0,0,1,Travel,Partner API,174,0.213,2026-03-26T22:06:23
CONT-CFDC4AEB,SESS-B2E30303,Billing Inquiry,0.8056,Guided Flow,0,0,0,Travel,Partner API,137,0.4397,2026-03-16T01:22:25
CONT-376F03F7,SESS-7001327B,Order Status,0.8972,Self-Service,0,0,1,Retail,Kiosk,119,0.3265,2026-03-24T12:34:23
CONT-FE065C20,SESS-61AE9466,General Inquiry,0.4943,Free Text,0,0,1,Travel,Mobile App,242,0.1039,2026-03-18T07:47:57
CONT-BF6222E6,SESS-A2CB9CC2,Subscription Management,0.387,FAQ,0,0,0,Retail,Partner API,30,0.2403,2026-03-27T03:11:59
CONT-E5738872,SESS-A8652628,Account Management,0.6138,Free Text,0,0,0,Financial Services,Mobile App,37,0.2698,2026-04-03T11:06:44
CONT-8CB4E55B,SESS-659D5CB2,General Inquiry,0.4725,Handoff,0,0,0,Financial Services,Web,116,0.21,2026-03-31T22:58:56
CONT-7962A784,SESS-AFDFFEAA,Technical Troubleshooting,0.742,Handoff,0,0,0,Technology,IVR,74,0.3549,2026-03-16T09:17:38
CONT-CD452B70,SESS-DEBA4F2E,Returns & Refunds,0.3584,Self-Service,0,0,0,Healthcare,Kiosk,4,0.226,2026-03-16T23:18:49
CONT-532AC21D,SESS-D21CA490,Returns & Refunds,0.5197,Handoff,0,0,0,Travel,Mobile App,150,0.2654,2026-03-17T14:54:09
CONT-22CECDCE,SESS-624D6E14,Password Reset,0.5942,Handoff,0,0,0,Financial Services,IVR,225,0.2864,2026-03-24T12:49:13
CONT-05A5839C,SESS-EA4979D0,Loyalty Program,0.6876,FAQ,0,0,0,Retail,Web,208,0.3078,2026-03-16T16:58:10
CONT-9AF2DD9A,SESS-4557122D,Product Support,0.5015,Guided Flow,0,0,0,Financial Services,Partner API,772,0.243,2026-04-03T11:02:01
CONT-0E49037C,SESS-EB580EA7,Returns & Refunds,1.0,Self-Service,0,0,0,Financial Services,IVR,203,0.4867,2026-03-30T08:06:15
CONT-9C40CA66,SESS-C1ABF3C0,Order Status,0.6252,Free Text,0,0,0,Retail,Web,349,0.3132,2026-03-13T00:04:49
CONT-3A6DBD82,SESS-A89D0EA0,Returns & Refunds,1.0,Escalation,0,0,0,Healthcare,IVR,41,0.454,2026-03-10T09:21:22
CONT-1069F762,SESS-58307570,Order Status,0.6412,FAQ,0,0,0,Technology,Web,72,0.3332,2026-03-31T17:23:49
CONT-AF95819D,SESS-18AC84CC,Loyalty Program,0.7454,Self-Service,0,0,0,Healthcare,Mobile App,49,0.3686,2026-04-01T08:33:04
CONT-9B151C1D,SESS-9DD79879,Technical Troubleshooting,0.9235,Escalation,0,0,0,Travel,Mobile App,114,0.4816,2026-03-12T07:57:43
CONT-C82697A6,SESS-44206DD9,Billing Inquiry,0.7119,FAQ,0,1,0,Financial Services,Kiosk,33,0.1474,2026-03-20T21:36:17
CONT-2E670688,SESS-835CC3BF,Product Support,0.3529,Handoff,0,0,1,Retail,Kiosk,99,0.0,2026-03-09T20:09:33
CONT-0C36B5C6,SESS-5BEDA639,Loyalty Program,0.9292,Guided Flow,1,0,0,Healthcare,Mobile App,112,0.7475,2026-03-08T02:11:17
CONT-CFC78E16,SESS-DB609D9C,General Inquiry,0.731,FAQ,0,0,0,Technology,Web,74,0.4109,2026-03-16T09:37:02
CONT-FB10B23F,SESS-CD93807B,Billing Inquiry,0.4193,Guided Flow,0,0,0,Technology,Web,290,0.1633,2026-04-01T21:57:30
CONT-BBD43A49,SESS-45C2B3A1,Password Reset,1.0,Handoff,0,0,0,Financial Services,Partner API,42,0.4934,2026-04-05T00:45:26
CONT-5AF24E05,SESS-C10BC900,Product Support,0.461,Handoff,1,0,0,Technology,Kiosk,18,0.5137,2026-03-27T03:36:20
CONT-A3165379,SESS-EA8D195B,Subscription Management,0.7811,Handoff,0,0,0,Financial Services,Kiosk,56,0.37,2026-03-17T22:38:07
CONT-2F947331,SESS-16450D6A,Technical Troubleshooting,0.7524,Self-Service,0,0,0,Travel,Web,310,0.3531,2026-03-08T23:54:36
CONT-BFB33F98,SESS-BE63102B,Subscription Management,0.6184,Self-Service,0,0,0,Retail,Web,14,0.2725,2026-03-27T22:35:02
CONT-33735FBA,SESS-EE139020,Password Reset,0.5204,FAQ,0,0,0,Technology,Kiosk,82,0.2759,2026-03-19T22:20:08
CONT-B32AFB0E,SESS-1B0E4F2B,Order Status,0.7535,Self-Service,0,0,0,Financial Services,Partner API,33,0.3463,2026-03-21T20:22:39
CONT-72513241,SESS-D658299F,Subscription Management,0.6245,Escalation,0,0,0,Technology,Partner API,35,0.3408,2026-03-11T06:03:48
CONT-9583AC5A,SESS-9F998FAD,Account Management,0.5438,Free Text,0,0,0,Financial Services,Web,93,0.2604,2026-03-08T10:34:14
CONT-11B8571A,SESS-60F37AF6,Subscription Management,0.0438,Guided Flow,0,0,0,Healthcare,Kiosk,16,0.0518,2026-03-13T10:48:08
CONT-D85C5242,SESS-A56F51C1,Technical Troubleshooting,0.8862,Self-Service,1,0,0,Travel,Kiosk,180,0.7806,2026-04-04T12:44:47
CONT-9016C650,SESS-B9F71D5E,Technical Troubleshooting,0.9647,Self-Service,0,0,0,Retail,Partner API,278,0.5219,2026-03-25T10:52:01
CONT-8593E0F7,SESS-685EC349,Billing Inquiry,0.7056,Handoff,0,0,0,Financial Services,Mobile App,69,0.349,2026-03-15T05:14:44
CONT-7E6D74F0,SESS-B8BA4934,General Inquiry,0.4938,FAQ,0,0,1,Retail,Mobile App,119,0.1427,2026-03-08T04:44:54
CONT-456452E6,SESS-A1D38FB5,Account Management,0.7861,Handoff,0,0,0,Technology,Partner API,39,0.3603,2026-03-20T21:10:07
CONT-619F94A4,SESS-72A7789A,General Inquiry,1.0,Escalation,0,0,0,Travel,IVR,38,0.4699,2026-04-04T20:22:11
CONT-A0144804,SESS-0324EB1F,Returns & Refunds,0.8107,Free Text,0,0,0,Financial Services,Partner API,64,0.4008,2026-03-08T21:46:01
CONT-D9EEACF9,SESS-3934C6EA,Returns & Refunds,0.732,Self-Service,0,1,1,Technology,Kiosk,324,0.0146,2026-03-09T06:56:36
CONT-2B6461C3,SESS-5B79E55E,Technical Troubleshooting,0.7187,Free Text,0,0,1,Technology,Partner API,116,0.2547,2026-04-02T06:53:25
CONT-D5979D31,SESS-B1124BEF,Technical Troubleshooting,0.6679,Self-Service,0,0,0,Retail,Kiosk,90,0.3054,2026-03-21T02:56:30
CONT-CBC77956,SESS-1620F566,General Inquiry,0.9877,Handoff,0,0,0,Retail,Web,94,0.5161,2026-03-24T02:54:01
CONT-4564D6AF,SESS-2DB558FD,Order Status,0.5992,Escalation,1,0,0,Healthcare,Kiosk,45,0.5648,2026-04-02T04:56:39
CONT-7EB5AA38,SESS-2A5A8F0E,Technical Troubleshooting,0.3316,FAQ,0,0,1,Healthcare,Kiosk,461,0.0634,2026-03-23T18:15:58
CONT-B0216D15,SESS-0A252FE3,Subscription Management,0.3838,Escalation,0,0,0,Healthcare,Partner API,142,0.1497,2026-03-19T17:28:12
CONT-99DA3C41,SESS-494C369F,Subscription Management,0.358,Free Text,0,0,1,Healthcare,Partner API,30,0.0619,2026-03-22T02:30:30
CONT-88432A2F,SESS-D8E68EB8,Product Support,0.838,Free Text,0,0,0,Healthcare,Web,74,0.4143,2026-04-01T01:34:30
CONT-22F34A49,SESS-A734AFE7,Loyalty Program,0.6638,Escalation,0,0,0,Retail,Mobile App,85,0.2934,2026-03-20T19:45:07
CONT-8FA07278,SESS-4D049A04,Product Support,0.4947,Guided Flow,0,0,1,Financial Services,Web,142,0.1189,2026-03-09T03:57:17
CONT-804067AD,SESS-CA7CF60C,Subscription Management,0.5801,Handoff,0,0,1,Travel,Web,2777,0.1106,2026-03-08T18:02:07
CONT-FB0ED63B,SESS-0EC9836F,Subscription Management,0.217,Guided Flow,0,0,0,Technology,IVR,67,0.0922,2026-03-29T09:00:50
CONT-0B461551,SESS-6B285AE0,Technical Troubleshooting,0.4963,FAQ,0,0,0,Financial Services,Mobile App,201,0.2598,2026-03-31T16:35:02
CONT-30F4242A,SESS-0D01E25F,Product Support,0.7113,FAQ,0,0,0,Healthcare,Mobile App,577,0.3997,2026-03-10T09:50:47
CONT-1B34B61F,SESS-9EDE5C87,Billing Inquiry,0.5868,Escalation,0,1,0,Financial Services,Mobile App,13,0.0685,2026-03-27T02:54:42
CONT-D21C8A9F,SESS-078F9B78,Account Management,0.9841,Guided Flow,0,0,0,Retail,Kiosk,36,0.4844,2026-03-16T22:02:22
CONT-C77B1809,SESS-413B05B4,Returns & Refunds,0.6343,Self-Service,0,0,0,Retail,Kiosk,174,0.3237,2026-03-24T10:39:40
CONT-775005A3,SESS-575D1EB8,Order Status,0.8069,Escalation,1,0,1,Technology,IVR,121,0.5397,2026-03-12T23:43:30
CONT-0954A0DD,SESS-1148FB3C,Billing Inquiry,0.4467,FAQ,0,0,0,Travel,Web,137,0.2495,2026-03-25T02:46:28
CONT-532AC21D,SESS-CB034911,Returns & Refunds,0.569,Free Text,0,0,0,Technology,Kiosk,41,0.3231,2026-04-02T06:31:58
CONT-A7661A74,SESS-8A9C991E,Password Reset,0.7745,Guided Flow,0,0,0,Travel,Kiosk,17,0.3381,2026-03-09T02:54:35
CONT-6707D46A,SESS-E67F5D7D,Loyalty Program,0.8201,Escalation,1,0,0,Travel,Kiosk,647,0.6717,2026-03-13T02:49:54
CONT-A564DA43,SESS-01806AF3,Order Status,0.517,Self-Service,0,0,0,Retail,Web,49,0.3014,2026-03-23T17:45:23
CONT-BAF57798,SESS-8F3B66A9,Subscription Management,0.3726,Free Text,1,0,0,Retail,Partner API,126,0.4792,2026-03-21T05:46:07
CONT-33735FBA,SESS-1262ECCB,Subscription Management,0.8649,Guided Flow,1,0,0,Technology,Kiosk,76,0.7401,2026-04-03T03:03:06
CONT-CF0D3C38,SESS-1C18400E,Returns & Refunds,0.695,Guided Flow,0,0,0,Technology,Web,20,0.2994,2026-03-11T21:25:34
CONT-74131F07,SESS-5022036D,Password Reset,0.7994,Handoff,0,0,0,Healthcare,Partner API,92,0.3861,2026-04-03T04:08:47
CONT-0CE72097,SESS-D5232237,Loyalty Program,0.8,Self-Service,0,0,0,Technology,IVR,139,0.3594,2026-04-04T22:53:35
CONT-3BECC61D,SESS-1F335823,Technical Troubleshooting,0.9135,Escalation,0,0,1,Healthcare,Kiosk,67,0.2989,2026-03-14T03:22:25
CONT-066E5ADB,SESS-F138D424,Password Reset,0.5622,Free Text,0,0,0,Retail,Web,161,0.2787,2026-03-13T02:14:38
CONT-5B640BCE,SESS-96A1710B,Order Status,0.6726,Guided Flow,0,0,1,Healthcare,Partner API,98,0.15,2026-03-23T22:37:55
CONT-87426CF2,SESS-D0A54E37,Password Reset,0.7414,Self-Service,0,0,0,Retail,Partner API,46,0.3517,2026-04-01T11:51:28
CONT-538DF23C,SESS-5A9FC01B,General Inquiry,0.3543,Guided Flow,0,0,0,Technology,Mobile App,32,0.2087,2026-03-27T14:27:02
CONT-828476FE,SESS-B5FFCE85,Product Support,0.6961,Handoff,0,1,0,Technology,Mobile App,103,0.1849,2026-03-13T13:31:48
CONT-0E28D150,SESS-63E30E4C,General Inquiry,0.6582,Self-Service,0,0,0,Retail,IVR,44,0.3469,2026-04-03T18:36:28
CONT-3E2DA36A,SESS-17B631A4,Loyalty Program,0.8437,Handoff,0,0,0,Healthcare,IVR,86,0.4259,2026-04-02T18:02:59
CONT-18744FC5,SESS-543B5ECC,Order Status,0.4981,Handoff,0,0,1,Technology,Kiosk,634,0.1325,2026-03-17T05:52:24
CONT-FB06D31B,SESS-9A807AA9,General Inquiry,0.6437,Free Text,0,0,0,Healthcare,Kiosk,93,0.3473,2026-03-12T14:39:44
CONT-2CDBB31C,SESS-AD667B64,Product Support,0.5966,Guided Flow,0,0,0,Technology,IVR,38,0.3078,2026-03-24T08:22:10
CONT-4D253B25,SESS-2AACE30C,Loyalty Program,0.605,FAQ,0,0,0,Technology,IVR,145,0.3073,2026-03-13T21:10:01
CONT-5B888BE5,SESS-4B3EE25E,Returns & Refunds,0.3675,Free Text,0,0,0,Financial Services,Web,115,0.1355,2026-03-30T19:06:29
CONT-4EE38568,SESS-A24F27F8,Account Management,0.571,Handoff,0,0,0,Healthcare,Web,53,0.2848,2026-03-20T13:29:41
CONT-6C347E2E,SESS-273541C5,Loyalty Program,0.5922,Guided Flow,0,0,0,Financial Services,IVR,9,0.2934,2026-04-04T09:29:46
CONT-52ADD17C,SESS-6917EA57,Returns & Refunds,0.5424,FAQ,0,0,0,Travel,IVR,46,0.2805,2026-03-28T09:47:05
CONT-AABF70C9,SESS-443D7844,Password Reset,1.0,Handoff,0,0,1,Financial Services,IVR,177,0.3244,2026-03-30T23:38:17
CONT-D007829E,SESS-239ECF03,Billing Inquiry,0.6266,FAQ,0,0,0,Retail,IVR,89,0.2778,2026-03-22T01:13:26
CONT-8FF1DD07,SESS-AC8F1D1F,Subscription Management,0.678,Guided Flow,0,0,0,Financial Services,Kiosk,35,0.3316,2026-03-23T14:25:18
CONT-CFF51542,SESS-CD771D8A,General Inquiry,0.8552,Escalation,0,0,0,Travel,Web,78,0.4277,2026-03-31T13:35:49
CONT-FE0E0036,SESS-008991A7,Technical Troubleshooting,0.6393,Self-Service,0,0,0,Financial Services,Kiosk,127,0.3054,2026-03-13T04:52:38
CONT-B7C5691F,SESS-80A96103,Password Reset,0.4887,Free Text,0,0,0,Technology,IVR,155,0.2311,2026-03-31T20:19:42
CONT-D5F7EC48,SESS-33D22FAF,Billing Inquiry,0.4791,Self-Service,0,0,1,Travel,Web,280,0.1282,2026-03-23T04:55:52
CONT-9373CFA7,SESS-DCA092DE,Loyalty Program,0.6775,Free Text,0,0,0,Financial Services,Web,80,0.3613,2026-04-05T18:47:29
CONT-440DE818,SESS-25F520A9,Account Management,0.5447,Handoff,0,0,0,Retail,IVR,45,0.2556,2026-03-26T21:00:03
CONT-303237FC,SESS-486811DC,Loyalty Program,0.8142,Escalation,0,0,0,Healthcare,Mobile App,123,0.4407,2026-03-17T21:25:24
CONT-80E6448A,SESS-657FBA44,Returns & Refunds,0.5417,Guided Flow,0,0,0,Financial Services,IVR,49,0.244,2026-03-28T16:01:49
CONT-484AEC82,SESS-323DD162,Password Reset,0.8334,Free Text,0,0,0,Travel,Kiosk,101,0.4142,2026-03-27T17:30:00
CONT-3689B567,SESS-123CD835,Order Status,0.725,Free Text,0,0,0,Technology,Kiosk,17,0.4003,2026-03-16T11:03:39
CONT-B2674BD3,SESS-114D43A1,Loyalty Program,0.6278,FAQ,0,0,1,Travel,Partner API,182,0.2138,2026-03-18T12:35:21
CONT-C40B0EDA,SESS-2F1749A3,Loyalty Program,0.6611,Escalation,0,0,0,Travel,Mobile App,76,0.34,2026-03-29T13:13:53
CONT-ADAE8224,SESS-8D806D84,Loyalty Program,0.3815,Escalation,0,0,0,Financial Services,Web,83,0.2157,2026-04-01T11:14:42
CONT-EEAAB505,SESS-69C93CA5,Returns & Refunds,0.5994,Guided Flow,0,0,0,Travel,Mobile App,43,0.2825,2026-03-26T07:30:42
CONT-443C362F,SESS-FB202FDC,Password Reset,0.4991,Free Text,0,0,0,Financial Services,Kiosk,422,0.2701,2026-03-07T02:57:17
CONT-CBDEA68B,SESS-7F524644,Product Support,0.8698,Handoff,0,0,0,Technology,IVR,105,0.452,2026-03-22T00:51:04
CONT-C3E7A3E6,SESS-22647223,Technical Troubleshooting,0.6988,Self-Service,0,0,0,Travel,IVR,25,0.3132,2026-03-13T20:50:55
CONT-827F07C7,SESS-12DD2A9F,Product Support,0.6728,Self-Service,0,0,0,Financial Services,IVR,51,0.365,2026-03-13T08:58:28
CONT-0DFEDBB1,SESS-A1A7A08A,Order Status,0.7131,Guided Flow,0,0,0,Retail,Mobile App,144,0.3571,2026-03-27T23:12:07
CONT-9DDB27E6,SESS-0226C8FE,Billing Inquiry,0.7976,Free Text,1,0,0,Financial Services,Web,46,0.6736,2026-03-10T01:06:22
CONT-FCE6F04A,SESS-8B438311,Subscription Management,0.7593,Escalation,0,0,0,Financial Services,Kiosk,130,0.3579,2026-04-01T03:49:17
CONT-0E4A0BD0,SESS-2A6AC073,Billing Inquiry,0.5881,FAQ,0,0,0,Financial Services,Mobile App,25,0.2449,2026-03-21T12:10:07
CONT-7962A784,SESS-E2DEEA7E,Technical Troubleshooting,0.9728,Handoff,0,0,0,Healthcare,Partner API,46,0.4389,2026-04-01T19:31:10
CONT-665AF3BE,SESS-14E5B905,Returns & Refunds,0.3746,Guided Flow,0,0,0,Travel,Web,27,0.1416,2026-03-09T23:19:14
CONT-B8B203E0,SESS-A2692602,Loyalty Program,0.7919,FAQ,0,0,0,Travel,Web,150,0.4271,2026-03-07T11:49:18
CONT-3CCFCBC5,SESS-36CE45A2,Product Support,0.5015,Guided Flow,0,0,0,Travel,Mobile App,42,0.2575,2026-03-31T20:10:12
CONT-6E2F5BE0,SESS-C8599502,Billing Inquiry,0.2586,Free Text,0,0,0,Technology,Web,154,0.1231,2026-03-28T01:56:48
CONT-481144A9,SESS-1A0E83E0,Order Status,0.4172,Self-Service,0,0,0,Healthcare,IVR,59,0.1641,2026-03-14T11:33:47
CONT-24E4388E,SESS-F09B3E37,Account Management,0.6962,Handoff,1,0,0,Technology,Partner API,35,0.6592,2026-03-18T07:58:09
CONT-C9CEE780,SESS-7673CAA5,General Inquiry,0.8012,Free Text,0,0,0,Healthcare,Kiosk,106,0.4143,2026-03-30T21:46:07
CONT-B14B1BA5,SESS-F7B51339,Product Support,0.7767,FAQ,0,0,0,Healthcare,Partner API,67,0.3432,2026-03-19T21:46:14
CONT-1823CC62,SESS-857B2DD2,Subscription Management,0.5714,Free Text,0,1,0,Financial Services,Web,33,0.1037,2026-03-29T21:33:53
CONT-7D614E2D,SESS-EA5D20F1,Loyalty Program,0.645,Free Text,0,0,0,Retail,Mobile App,43,0.312,2026-03-17T21:26:02
CONT-87D18EF9,SESS-717FA3C9,Order Status,0.4555,Free Text,0,0,1,Travel,Partner API,74,0.0708,2026-03-20T01:47:16
CONT-36204379,SESS-2C8C1935,General Inquiry,0.607,Handoff,0,0,0,Technology,Partner API,311,0.2673,2026-03-26T11:50:41
CONT-DC19B87F,SESS-B155C1AA,Product Support,0.7734,Free Text,0,0,0,Technology,Kiosk,14,0.4221,2026-03-07T14:59:21
CONT-81C99817,SESS-131CAD77,Account Management,0.7732,Escalation,0,0,0,Travel,Mobile App,172,0.4303,2026-03-23T01:21:02
CONT-B5A4C3BF,SESS-2D405EED,Technical Troubleshooting,0.6319,FAQ,0,0,0,Travel,IVR,65,0.3557,2026-03-22T16:59:47
CONT-2520C83F,SESS-DD6BE979,Product Support,0.5809,Self-Service,0,0,0,Travel,Mobile App,58,0.2482,2026-03-27T07:04:16
CONT-02AC9B26,SESS-5111AA48,Returns & Refunds,0.2643,Handoff,0,0,1,Healthcare,Mobile App,267,0.0,2026-03-15T08:36:46
CONT-788046D8,SESS-83800134,Loyalty Program,0.5967,Self-Service,0,0,0,Technology,Mobile App,62,0.2681,2026-03-29T17:39:40
CONT-9488DCDD,SESS-A09E87E3,Subscription Management,0.451,Handoff,0,0,0,Financial Services,Web,206,0.2068,2026-04-04T14:50:56
CONT-B2D493D8,SESS-4AB27E68,General Inquiry,0.362,Free Text,0,0,0,Travel,Web,112,0.1446,2026-03-20T22:58:03
CONT-85583E08,SESS-D58CB88A,Password Reset,0.5019,Self-Service,0,0,0,Healthcare,IVR,69,0.2268,2026-03-25T09:49:39
CONT-E137C066,SESS-BF86EBAB,Loyalty Program,0.9089,Escalation,0,0,0,Travel,Mobile App,37,0.4613,2026-03-26T00:43:06
CONT-F79D9A69,SESS-701D7C66,Technical Troubleshooting,0.9342,Handoff,0,0,0,Travel,Kiosk,58,0.4681,2026-04-02T10:18:56
CONT-CC041D6C,SESS-ED810000,Technical Troubleshooting,0.5591,Self-Service,0,0,0,Retail,Mobile App,48,0.2752,2026-04-01T10:05:14
CONT-4EBDDDD9,SESS-CF314827,Order Status,0.526,Free Text,0,1,0,Retail,Web,115,0.0961,2026-03-18T11:32:37
CONT-003E995F,SESS-6207DBDA,Product Support,0.7336,FAQ,0,0,0,Healthcare,IVR,51,0.3797,2026-03-23T00:26:55
CONT-3E75E0F5,SESS-156A715F,Technical Troubleshooting,0.6446,Guided Flow,0,0,0,Travel,Partner API,41,0.3533,2026-03-23T03:17:28
CONT-1119F427,SESS-7DB613B1,General Inquiry,0.7203,Escalation,0,0,0,Financial Services,Kiosk,88,0.3148,2026-03-22T08:59:33
CONT-1FE07571,SESS-0A70255E,Order Status,0.7524,Self-Service,1,0,0,Technology,Web,96,0.6815,2026-03-11T11:43:50
CONT-BA56BD4B,SESS-F1E49BB7,Order Status,0.6196,Self-Service,0,0,1,Healthcare,Kiosk,171,0.1118,2026-04-02T16:26:07
CONT-67DA0EAB,SESS-BD793280,Returns & Refunds,0.6895,Handoff,0,0,1,Financial Services,Kiosk,382,0.1883,2026-03-24T14:43:02
CONT-3B0B2C2E,SESS-5F5B46EC,Billing Inquiry,0.9308,FAQ,0,0,0,Financial Services,Web,141,0.4745,2026-03-15T00:31:35
CONT-01EEF144,SESS-1B090030,Product Support,0.7256,Handoff,0,0,0,Healthcare,Kiosk,8,0.3145,2026-03-25T03:03:15
CONT-46A93115,SESS-B3FEB97F,Technical Troubleshooting,0.9004,Guided Flow,0,0,0,Technology,Mobile App,20,0.4834,2026-03-25T17:32:51
CONT-B8011E5E,SESS-334B78EF,Loyalty Program,0.4636,Self-Service,0,0,0,Travel,Kiosk,11,0.2033,2026-03-31T06:04:20
CONT-0FFC8D4D,SESS-B5B3B52D,Loyalty Program,0.2984,Handoff,0,1,0,Financial Services,Web,71,0.0,2026-03-09T00:08:45
CONT-B9BE8D2A,SESS-78E905F2,Loyalty Program,0.5104,Handoff,0,0,0,Retail,Partner API,59,0.2702,2026-03-30T09:13:29
CONT-31EAB806,SESS-EC3DDB10,Returns & Refunds,0.5041,Escalation,0,0,0,Financial Services,IVR,22,0.2111,2026-03-13T14:02:19
CONT-D9CC67C9,SESS-C43B0628,Technical Troubleshooting,0.665,FAQ,0,1,0,Technology,Mobile App,108,0.1181,2026-04-05T02:28:49
CONT-13A0D8ED,SESS-76ABE85E,Account Management,0.8608,Free Text,0,0,1,Travel,IVR,125,0.2314,2026-03-30T13:59:49
CONT-D85C5242,SESS-EDBD2E35,Subscription Management,0.996,Escalation,0,0,1,Retail,Partner API,149,0.336,2026-04-01T19:50:35
CONT-681377B5,SESS-EC587941,General Inquiry,0.7395,Guided Flow,0,0,0,Financial Services,Web,227,0.392,2026-03-20T20:23:24
CONT-82662746,SESS-C1AF9E92,Product Support,0.8167,Free Text,0,0,0,Technology,Web,96,0.37,2026-03-21T05:43:44
CONT-7960FD63,SESS-8FDEA70B,Subscription Management,0.7007,Handoff,0,0,0,Technology,IVR,45,0.3569,2026-03-18T06:22:54
CONT-A5D9C33D,SESS-88D2B575,Billing Inquiry,0.7699,Self-Service,0,0,0,Retail,Web,37,0.4141,2026-04-01T22:54:05
CONT-52E21285,SESS-84C28E48,Product Support,0.6537,Self-Service,0,0,0,Technology,Partner API,123,0.3358,2026-03-11T07:59:28
CONT-805F667F,SESS-D05342F0,Order Status,0.9071,Handoff,1,0,0,Financial Services,Mobile App,103,0.7293,2026-04-04T21:39:44
CONT-0717A5C0,SESS-85E0BA0E,General Inquiry,0.8003,Handoff,0,0,0,Healthcare,Mobile App,136,0.413,2026-03-25T19:49:15
CONT-7EBD2416,SESS-04DE0B47,General Inquiry,0.4129,Guided Flow,0,1,1,Healthcare,Web,222,0.0,2026-03-16T21:01:32
CONT-8B137D64,SESS-9DCE5448,Loyalty Program,0.5492,Handoff,1,0,0,Travel,Mobile App,190,0.5753,2026-03-31T02:11:47
CONT-891419D9,SESS-61514D22,Product Support,0.5604,Guided Flow,0,0,0,Technology,Partner API,59,0.2889,2026-04-05T06:48:17
CONT-6F0D5AA8,SESS-CD0CE6A0,Password Reset,0.5244,Guided Flow,0,0,0,Technology,Mobile App,104,0.2375,2026-03-14T19:23:50
CONT-76BBD915,SESS-E78B0DEA,Subscription Management,0.6081,Free Text,0,0,0,Travel,Web,73,0.3446,2026-03-09T10:36:12
CONT-4EBDDDD9,SESS-E660AC14,Password Reset,0.4788,Handoff,0,0,0,Healthcare,Web,83,0.2199,2026-03-13T02:09:34
CONT-0CE72097,SESS-D4AEB998,Account Management,0.8214,Escalation,0,0,0,Technology,Mobile App,123,0.4461,2026-03-24T12:20:39
CONT-888B4017,SESS-6B76003E,General Inquiry,0.7487,Handoff,0,0,0,Travel,Web,31,0.3692,2026-03-26T03:10:12
CONT-2FF34461,SESS-6A79B901,Product Support,0.6908,Self-Service,0,0,0,Healthcare,Web,68,0.3751,2026-03-30T21:49:53
CONT-F683CBEE,SESS-2FFC0FF9,Returns & Refunds,0.953,Escalation,0,0,0,Healthcare,Partner API,62,0.4609,2026-03-20T20:42:34
CONT-B57FE1BC,SESS-7850E86B,Loyalty Program,0.7452,Free Text,0,0,1,Technology,Mobile App,280,0.2085,2026-04-04T19:57:21
CONT-BC22D510,SESS-689F07A3,Returns & Refunds,0.5187,Escalation,0,0,0,Retail,IVR,12,0.2978,2026-03-08T10:12:10
CONT-CEE6043A,SESS-AC8F4763,Account Management,0.7287,Handoff,0,0,0,Travel,Web,143,0.3596,2026-03-21T03:29:19
CONT-973417AC,SESS-EBA809A0,Product Support,0.8507,Handoff,0,0,0,Technology,Web,29,0.4241,2026-04-05T12:20:10
CONT-8B48AF51,SESS-407B38F7,General Inquiry,0.8144,Self-Service,0,0,1,Travel,IVR,193,0.2565,2026-04-01T06:36:32
CONT-714ECCCD,SESS-531858A8,Product Support,0.5784,Free Text,0,0,0,Retail,IVR,166,0.2398,2026-03-10T11:23:07
CONT-5AC9480B,SESS-3A48E9C4,Product Support,0.9483,Handoff,0,0,0,Healthcare,IVR,16,0.4426,2026-03-14T01:02:08
CONT-52E21285,SESS-1948B29A,General Inquiry,0.8,Free Text,0,0,0,Travel,Mobile App,170,0.388,2026-03-29T20:29:42
CONT-669DF94A,SESS-EAC0C29F,Returns & Refunds,0.7022,Escalation,0,0,0,Technology,Web,39,0.3215,2026-04-01T02:25:05
CONT-28116D7D,SESS-7A17579F,General Inquiry,0.5848,Self-Service,0,0,0,Retail,Kiosk,17,0.2656,2026-03-27T05:13:22
CONT-95B40AF6,SESS-67693A32,Product Support,0.5483,Self-Service,1,0,0,Healthcare,Partner API,36,0.579,2026-03-29T12:44:13
CONT-22541C5A,SESS-67417170,Billing Inquiry,0.3148,FAQ,0,0,0,Travel,IVR,149,0.1299,2026-03-09T23:45:56
CONT-0B55AC6E,SESS-33167D55,Order Status,0.6308,Self-Service,0,0,0,Financial Services,Web,30,0.269,2026-03-09T02:55:49
CONT-C9C75899,SESS-3EAB8189,Order Status,0.7729,Free Text,0,0,0,Financial Services,IVR,97,0.4224,2026-03-29T12:01:54
CONT-E096BD2E,SESS-F56A4383,Subscription Management,0.6042,Handoff,0,0,0,Travel,Kiosk,74,0.3252,2026-04-02T13:42:02
CONT-9241492D,SESS-6A038001,Subscription Management,0.9022,Free Text,0,0,0,Financial Services,Kiosk,327,0.4246,2026-03-25T17:51:24
CONT-8AB8E81B,SESS-E0CE3A86,General Inquiry,0.6148,Guided Flow,0,1,0,Technology,Mobile App,65,0.1253,2026-03-26T21:26:16
CONT-94F24E42,SESS-A276960E,Returns & Refunds,0.875,Free Text,0,0,0,Travel,Mobile App,44,0.482,2026-03-31T11:12:23
CONT-A306B395,SESS-124CC188,Account Management,0.7869,Handoff,0,0,0,Financial Services,Kiosk,37,0.368,2026-03-29T16:23:43
CONT-231C25D9,SESS-D3A7C1F7,Billing Inquiry,0.9553,Free Text,0,0,0,Retail,Kiosk,82,0.5,2026-04-03T18:22:50
CONT-0B55AC6E,SESS-053CB5A4,Technical Troubleshooting,0.777,FAQ,0,0,0,Travel,Partner API,16,0.3631,2026-03-11T00:43:10
CONT-8593E0F7,SESS-5E87984D,General Inquiry,0.7879,Self-Service,0,0,0,Financial Services,Web,95,0.4091,2026-03-11T16:44:02
CONT-2C4A3D92,SESS-C7FDDA56,Billing Inquiry,0.7879,FAQ,0,0,0,Technology,IVR,48,0.4004,2026-03-28T21:23:11
CONT-E7599CB4,SESS-3FAF6F7A,General Inquiry,0.584,FAQ,0,0,0,Financial Services,IVR,77,0.2793,2026-03-12T04:48:01
CONT-376A7825,SESS-2E6EF1FD,Subscription Management,0.7643,Handoff,0,0,0,Technology,Web,200,0.3871,2026-03-30T09:01:11
CONT-3BB599A4,SESS-6B362CB7,Returns & Refunds,0.4751,Self-Service,0,0,0,Retail,IVR,38,0.2655,2026-04-04T20:03:56
CONT-DDBFC5AF,SESS-18155C09,Loyalty Program,0.712,Guided Flow,0,0,0,Healthcare,Kiosk,33,0.3894,2026-03-12T07:15:35
CONT-9F50C471,SESS-5C791FBA,Subscription Management,0.6165,Guided Flow,0,0,0,Retail,Web,122,0.295,2026-03-31T17:50:42
CONT-9C884F93,SESS-9D125DEF,Product Support,0.6348,Handoff,0,0,0,Travel,Mobile App,22,0.2712,2026-03-26T13:03:13
CONT-9DDB27E6,SESS-55090557,Password Reset,0.8274,Guided Flow,0,0,0,Travel,Mobile App,153,0.4558,2026-03-17T21:27:24
CONT-B6FC1783,SESS-7101ABCB,Product Support,0.4394,Free Text,1,0,0,Travel,Kiosk,106,0.546,2026-03-10T23:33:44
CONT-BD1E3A02,SESS-FB005AB8,Order Status,0.7344,Escalation,0,0,0,Financial Services,Web,220,0.3619,2026-03-26T14:57:19
CONT-775005A3,SESS-BE2D6159,Subscription Management,0.4048,Self-Service,0,0,1,Financial Services,Partner API,638,0.0334,2026-03-18T04:10:39
CONT-7285C3A3,SESS-F47EAD24,Technical Troubleshooting,0.8094,Escalation,0,0,0,Travel,Partner API,54,0.4497,2026-04-04T07:56:55
CONT-673476E8,SESS-4BA2563A,Account Management,0.7165,Guided Flow,0,0,0,Retail,Web,191,0.3531,2026-04-05T15:33:59
CONT-27D97F7C,SESS-1959049F,Account Management,0.771,Self-Service,0,0,0,Healthcare,Web,14,0.3999,2026-03-23T20:48:51
CONT-27634B09,SESS-03027419,Technical Troubleshooting,0.7512,Handoff,0,0,0,Technology,Partner API,80,0.3562,2026-03-08T17:36:21
CONT-AED0D896,SESS-0F060203,Subscription Management,0.6515,Free Text,0,0,0,Healthcare,Mobile App,23,0.3647,2026-03-22T15:48:24
CONT-9C0F459F,SESS-473EB6CD,General Inquiry,0.5699,Escalation,0,0,0,Travel,Partner API,92,0.3344,2026-04-01T21:18:36
CONT-365FD58C,SESS-64F2199B,Order Status,0.5442,FAQ,0,1,0,Retail,Kiosk,83,0.0484,2026-04-05T05:55:08
CONT-200DAE28,SESS-0745D8B6,Subscription Management,0.4028,Free Text,0,0,0,Travel,Partner API,179,0.2048,2026-03-29T06:02:13
CONT-DE864653,SESS-A2D264D2,Password Reset,0.2797,FAQ,0,0,0,Travel,Kiosk,17,0.0934,2026-03-30T19:18:42
CONT-0EBBD718,SESS-92E0CAC4,Product Support,0.2366,Escalation,0,0,1,Healthcare,IVR,363,0.0,2026-03-23T12:45:06
CONT-A15678CC,SESS-B7761FA5,Product Support,1.0,Guided Flow,0,0,0,Technology,IVR,43,0.5201,2026-03-18T19:31:45
CONT-B35E4D85,SESS-491CEE9D,Order Status,0.5616,Guided Flow,0,0,1,Travel,Kiosk,505,0.0892,2026-03-20T06:08:22
CONT-841D5B36,SESS-ED62FACF,Loyalty Program,0.5873,Free Text,0,0,0,Financial Services,Mobile App,199,0.3046,2026-03-14T14:34:15
CONT-7977D5B1,SESS-A428A7CB,Order Status,0.5492,FAQ,0,0,1,Travel,Partner API,114,0.0797,2026-04-01T22:30:18
CONT-098D266A,SESS-93FCF696,Product Support,0.446,FAQ,0,0,0,Healthcare,Partner API,434,0.257,2026-03-26T15:57:03
CONT-06461D0E,SESS-AC3694A7,Subscription Management,0.8427,Guided Flow,0,0,0,Retail,Web,385,0.4631,2026-03-12T20:48:03
CONT-ADAE8224,SESS-6F2C1F46,General Inquiry,0.674,Self-Service,0,0,0,Travel,Mobile App,69,0.3101,2026-03-20T19:24:20
CONT-4DB2D071,SESS-BB63103A,Order Status,0.8793,Free Text,1,0,1,Technology,Mobile App,208,0.6023,2026-03-19T17:04:23
CONT-AA724983,SESS-5A904914,Loyalty Program,0.3695,Self-Service,0,0,0,Retail,Partner API,53,0.2085,2026-03-12T15:35:29
CONT-A6F4C76E,SESS-E5B96851,Returns & Refunds,0.5706,Self-Service,0,0,0,Retail,Partner API,45,0.2587,2026-03-18T20:18:17
CONT-AA284A84,SESS-688740E2,Password Reset,0.8259,Handoff,0,0,0,Technology,Mobile App,50,0.4583,2026-04-03T01:01:42
CONT-5B7DEFC6,SESS-FD2A9C1E,Loyalty Program,0.7833,Escalation,0,0,0,Travel,Web,54,0.3656,2026-04-04T18:36:06
CONT-85824369,SESS-4D6C61F3,Order Status,0.6878,Handoff,0,0,0,Travel,Web,56,0.3904,2026-03-11T01:04:08
CONT-A63E9D08,SESS-7145BE5B,Returns & Refunds,0.5753,Free Text,1,0,0,Travel,Partner API,196,0.5799,2026-03-29T20:56:46
CONT-64C7DF18,SESS-0CAB514C,Loyalty Program,0.6902,Free Text,0,0,1,Financial Services,IVR,46,0.1664,2026-04-03T11:28:13
CONT-CE47B140,SESS-60B2FEA9,Product Support,0.426,FAQ,0,0,1,Healthcare,IVR,42,0.1017,2026-03-27T04:37:11
CONT-D3C6AA8A,SESS-700BC79A,Loyalty Program,0.6273,FAQ,0,0,1,Retail,IVR,184,0.1245,2026-03-31T17:05:22
CONT-AF2A87B3,SESS-48B6A9D9,Returns & Refunds,0.3939,Escalation,0,0,0,Technology,IVR,40,0.2336,2026-03-30T09:29:20
CONT-55523DCD,SESS-ECB4C280,General Inquiry,0.8322,Free Text,1,0,0,Financial Services,Kiosk,37,0.7278,2026-03-30T10:04:19
CONT-5A79242C,SESS-C89BCE7C,Technical Troubleshooting,0.5974,Free Text,0,0,0,Retail,IVR,77,0.2693,2026-03-21T18:03:20
CONT-208E2CC9,SESS-B02AB384,Account Management,0.781,FAQ,0,0,0,Retail,Web,99,0.3589,2026-03-19T03:21:48
CONT-8E14678C,SESS-ECCF35E6,Subscription Management,0.6257,Free Text,0,0,0,Financial Services,IVR,104,0.2867,2026-03-25T07:04:49
CONT-0E28D150,SESS-3A529A2D,Password Reset,0.6666,Free Text,0,0,0,Retail,Partner API,45,0.3594,2026-04-02T13:09:16
CONT-70358479,SESS-5D329C32,Password Reset,0.4787,Handoff,0,0,0,Travel,IVR,109,0.2811,2026-03-16T21:09:21
CONT-F68A3ED3,SESS-65D376B5,Technical Troubleshooting,0.2076,Free Text,1,0,1,Travel,IVR,102,0.2312,2026-03-17T20:25:36
CONT-7C3C969B,SESS-1C114458,Returns & Refunds,0.6759,Free Text,0,0,0,Healthcare,Web,117,0.3625,2026-03-31T04:25:46
CONT-7669585D,SESS-FECB8353,Returns & Refunds,0.4846,Guided Flow,0,0,0,Technology,Kiosk,88,0.2266,2026-04-02T21:51:14
CONT-ED8D694A,SESS-6045410C,General Inquiry,0.5288,Free Text,0,0,0,Financial Services,IVR,22,0.2852,2026-04-02T01:49:27
CONT-FABB31CF,SESS-71954873,Account Management,0.8612,Guided Flow,1,0,0,Technology,Web,45,0.7475,2026-03-28T19:53:13
CONT-51A5E3DD,SESS-C59661DB,Returns & Refunds,0.7669,Handoff,0,0,0,Financial Services,Mobile App,55,0.3445,2026-03-27T21:53:27
CONT-775005A3,SESS-7604863D,Subscription Management,0.8451,Guided Flow,0,0,0,Retail,IVR,100,0.4073,2026-04-05T09:17:49
CONT-6C347E2E,SESS-726BFBC0,Billing Inquiry,0.6653,Guided Flow,0,0,0,Technology,Kiosk,38,0.3368,2026-03-08T23:38:43
CONT-12DE6B83,SESS-D13A1AA1,Account Management,0.6432,Guided Flow,0,0,0,Technology,Web,51,0.276,2026-04-01T00:39:37
CONT-D80C9D09,SESS-BFD66977,General Inquiry,0.4682,Self-Service,0,0,0,Travel,Web,132,0.2662,2026-03-25T10:31:46
CONT-B6C8ED99,SESS-9348DC65,Order Status,0.3969,Escalation,0,0,0,Technology,Partner API,43,0.2174,2026-03-17T08:06:39
CONT-86AF27F5,SESS-C1EF3AC2,Account Management,0.6808,Free Text,0,0,0,Financial Services,Web,269,0.3565,2026-04-05T09:39:24
CONT-CC2A3CB8,SESS-0AA2B759,Account Management,0.5058,Guided Flow,0,0,0,Travel,IVR,57,0.2665,2026-03-30T11:12:36
CONT-0954A0DD,SESS-A1C84AFB,Billing Inquiry,0.5545,Guided Flow,0,0,0,Healthcare,Web,61,0.2731,2026-03-08T12:17:51
CONT-6CD97116,SESS-01F44F1B,Loyalty Program,0.6641,FAQ,0,0,0,Financial Services,Web,149,0.3631,2026-03-20T05:53:52
CONT-4DB46E81,SESS-D3DC13DF,Technical Troubleshooting,0.642,Handoff,0,0,0,Travel,Web,63,0.3364,2026-03-09T21:04:12
CONT-E6E62686,SESS-0211767A,Loyalty Program,0.6499,Handoff,0,0,1,Financial Services,Mobile App,15,0.1472,2026-03-21T07:50:04
CONT-5EAD59F6,SESS-6F9D6770,Technical Troubleshooting,1.0,Self-Service,0,0,0,Financial Services,IVR,65,0.5155,2026-03-19T00:36:17
CONT-95BAA889,SESS-5147FA29,Product Support,0.7151,Handoff,0,0,0,Technology,IVR,33,0.3764,2026-03-30T17:09:15
CONT-4C573B36,SESS-E23161A0,General Inquiry,0.5206,Self-Service,0,0,0,Healthcare,Kiosk,28,0.2964,2026-03-16T06:03:52
CONT-941C0D23,SESS-857CBF6A,Account Management,0.8113,FAQ,1,0,0,Healthcare,IVR,70,0.7168,2026-03-20T12:21:58
CONT-24470636,SESS-BE087580,Product Support,0.8975,Free Text,1,0,0,Retail,IVR,70,0.7694,2026-03-12T15:52:43
CONT-F2DD0D36,SESS-F3757D75,Technical Troubleshooting,0.7922,Guided Flow,0,0,1,Retail,Mobile App,161,0.215,2026-03-07T16:07:15
CONT-D5F7EC48,SESS-9406F07C,General Inquiry,0.8127,Self-Service,0,0,0,Retail,Kiosk,45,0.4206,2026-03-14T09:01:17
CONT-71068E2F,SESS-3DEB5033,Order Status,0.7246,Escalation,0,0,1,Financial Services,IVR,234,0.2601,2026-03-22T02:43:04
CONT-1FE07571,SESS-EE22BB1B,Password Reset,0.2481,FAQ,0,0,0,Travel,IVR,84,0.1731,2026-03-26T09:12:19
CONT-21057CE1,SESS-D11A3DDE,Technical Troubleshooting,0.8423,Self-Service,0,0,0,Retail,IVR,104,0.3938,2026-03-10T08:05:46
CONT-CC041D6C,SESS-8DAF284B,Technical Troubleshooting,0.6151,Escalation,0,1,0,Travel,Kiosk,109,0.0588,2026-03-24T06:42:52
CONT-9C40CA66,SESS-67C121AC,Product Support,0.8199,Handoff,0,0,0,Travel,Web,138,0.4461,2026-04-01T16:15:09
CONT-4891EA8B,SESS-7CF0E419,Loyalty Program,0.6261,FAQ,0,0,0,Financial Services,Kiosk,51,0.3525,2026-03-16T00:59:41
CONT-F8EF7972,SESS-BFDC7425,General Inquiry,0.5865,FAQ,0,1,1,Travel,Kiosk,99,0.0,2026-03-11T19:27:05
CONT-8C203B79,SESS-15D13ACC,Billing Inquiry,0.3814,Free Text,0,1,0,Financial Services,Kiosk,12,0.0,2026-03-24T19:42:51
CONT-456452E6,SESS-A21E1FE2,Billing Inquiry,0.9347,Free Text,0,0,0,Retail,Mobile App,57,0.4864,2026-03-31T08:32:10
CONT-CFA13D92,SESS-86469754,Password Reset,0.9754,FAQ,0,0,0,Healthcare,Mobile App,45,0.5131,2026-03-26T08:33:07
CONT-D9D5C865,SESS-36FD4DA4,Order Status,0.8675,Self-Service,0,0,1,Travel,Kiosk,137,0.3115,2026-03-15T02:00:25
CONT-22F34A49,SESS-4A49615F,Billing Inquiry,0.8404,FAQ,0,0,0,Healthcare,Kiosk,107,0.4684,2026-03-20T01:31:06
CONT-5D9C7E40,SESS-EC5765CB,Billing Inquiry,0.6129,Handoff,0,0,0,Travel,IVR,128,0.3305,2026-03-16T21:47:29
CONT-FE0E0036,SESS-26DCA4C2,Subscription Management,0.8202,Handoff,0,0,0,Financial Services,Web,117,0.4259,2026-04-02T15:29:02
CONT-23F63B1F,SESS-0F3270D3,Loyalty Program,0.6926,Guided Flow,0,0,0,Retail,Kiosk,37,0.3628,2026-03-19T07:10:52
CONT-FF8FA3E1,SESS-9C684770,Loyalty Program,0.7404,Free Text,0,0,0,Healthcare,Partner API,35,0.3403,2026-03-16T19:53:27
CONT-35447F72,SESS-86ADA458,General Inquiry,0.6666,Escalation,0,0,0,Travel,IVR,144,0.3138,2026-03-31T14:16:47
CONT-669DF94A,SESS-CA4DCB4D,Account Management,1.0,Self-Service,0,0,0,Travel,Kiosk,66,0.481,2026-03-27T18:06:20
CONT-41D892D6,SESS-B7664DA7,Billing Inquiry,0.6823,Handoff,1,0,0,Technology,Partner API,19,0.655,2026-03-30T08:55:26
CONT-8F779F62,SESS-03B7B60F,Billing Inquiry,0.7103,Free Text,0,0,1,Healthcare,Web,330,0.1799,2026-04-04T18:51:15
CONT-A6B398A9,SESS-34CCC90D,Order Status,0.82,Self-Service,0,0,0,Retail,Web,59,0.3707,2026-03-11T09:35:51
CONT-009E296B,SESS-4995C8ED,Account Management,0.762,Escalation,0,0,0,Healthcare,IVR,66,0.3659,2026-03-18T08:48:49
CONT-FE768785,SESS-18E5DA1B,Order Status,0.328,FAQ,1,0,0,Technology,Web,21,0.4523,2026-03-26T04:47:52
CONT-EC28CE5E,SESS-DDBDBEC4,Billing Inquiry,0.8685,Escalation,0,0,0,Travel,Kiosk,25,0.4082,2026-03-31T21:14:59
CONT-E279A545,SESS-F229FF19,Order Status,0.8869,Handoff,1,0,0,Travel,IVR,22,0.7741,2026-03-12T20:56:55
CONT-ADAABE9D,SESS-7B127B66,Subscription Management,0.4532,Free Text,0,0,1,Retail,Kiosk,192,0.0996,2026-03-31T15:27:55
CONT-D47DDA2E,SESS-8C2A8FBC,Product Support,0.6922,Free Text,0,0,0,Financial Services,Kiosk,50,0.3609,2026-03-19T23:33:42
CONT-673476E8,SESS-B52AD558,Billing Inquiry,0.5487,Self-Service,0,0,1,Financial Services,Mobile App,100,0.0877,2026-03-08T03:40:55
CONT-0B28AB1F,SESS-AC9661E8,General Inquiry,0.4943,Guided Flow,0,0,0,Healthcare,Web,206,0.2128,2026-03-24T09:22:22
CONT-3EC1B585,SESS-5EED2457,Returns & Refunds,0.5707,FAQ,0,0,0,Financial Services,Web,26,0.2539,2026-03-08T23:43:57
CONT-71700017,SESS-CB278535,Account Management,0.5067,Self-Service,1,0,0,Financial Services,IVR,221,0.5934,2026-03-10T20:23:56
CONT-D575D741,SESS-3F33F757,General Inquiry,0.9175,Free Text,1,0,0,Travel,IVR,21,0.7223,2026-04-02T19:16:32
CONT-814A2044,SESS-0A707853,Returns & Refunds,0.6235,Self-Service,0,0,0,Technology,Web,80,0.2935,2026-04-05T15:08:57
CONT-8723BBFD,SESS-FB7EA5A7,Product Support,0.7309,Self-Service,0,0,0,Technology,Partner API,111,0.3971,2026-03-14T22:28:50
CONT-7111955F,SESS-748B5E2B,Returns & Refunds,0.4478,Self-Service,0,0,0,Travel,Mobile App,79,0.1868,2026-03-30T19:19:48
CONT-200DAE28,SESS-EC4615FE,General Inquiry,0.6219,Escalation,0,0,0,Technology,Kiosk,265,0.2718,2026-03-10T16:30:03
CONT-D97F0C27,SESS-C234C8C8,Product Support,0.6791,Guided Flow,0,0,0,Healthcare,Partner API,146,0.2927,2026-04-03T23:12:39
CONT-2819ABC4,SESS-0EB6ED61,Billing Inquiry,0.5666,FAQ,0,0,0,Financial Services,Mobile App,123,0.3164,2026-03-22T22:56:31
CONT-48B35F21,SESS-F92AD7CA,Billing Inquiry,0.9022,Handoff,0,0,0,Financial Services,Web,66,0.466,2026-03-14T08:07:04
CONT-824F299B,SESS-3AFEE9D0,Password Reset,0.757,FAQ,0,0,0,Financial Services,Kiosk,43,0.3755,2026-03-08T06:33:35
CONT-68A20E89,SESS-014E3146,Subscription Management,0.8698,Self-Service,0,0,0,Retail,IVR,111,0.45,2026-03-19T10:49:15
CONT-C8001D64,SESS-27329CDB,Order Status,0.5138,Handoff,0,0,1,Travel,Web,333,0.0828,2026-03-08T15:35:13
CONT-ED2D539F,SESS-0A5D7305,Returns & Refunds,0.4661,Self-Service,0,0,0,Retail,Mobile App,281,0.242,2026-03-15T19:35:31
CONT-9C884F93,SESS-7B9E1622,General Inquiry,0.4307,Escalation,0,0,0,Healthcare,Partner API,76,0.1729,2026-03-14T08:30:00
CONT-2D2ABCA4,SESS-4C5FABFA,Subscription Management,0.7884,Free Text,0,0,0,Retail,Partner API,32,0.3837,2026-03-25T18:08:08
CONT-E2863CE7,SESS-59862E5A,Subscription Management,0.593,Escalation,0,0,0,Financial Services,IVR,66,0.2671,2026-03-31T16:55:50
CONT-63F83D66,SESS-A6C3C9E0,Account Management,0.4859,Guided Flow,0,0,0,Retail,Kiosk,65,0.267,2026-03-24T22:47:07
CONT-71C21184,SESS-4017F031,Order Status,0.8412,Free Text,1,0,1,Retail,Partner API,226,0.5984,2026-03-21T04:33:33
CONT-A36B0AC9,SESS-99352F59,Product Support,0.8434,FAQ,0,0,0,Technology,IVR,175,0.3976,2026-03-23T01:55:12
CONT-CE47B140,SESS-A9C0AB1B,Subscription Management,0.8612,Free Text,0,0,0,Financial Services,Partner API,166,0.4583,2026-03-18T16:58:07
CONT-2709AEBF,SESS-FB840B07,Technical Troubleshooting,0.6806,Handoff,0,0,0,Retail,Partner API,48,0.3121,2026-03-29T08:39:10
CONT-557C92A0,SESS-49290A23,Loyalty Program,0.9303,FAQ,0,0,0,Healthcare,Kiosk,147,0.4614,2026-03-28T12:36:33
CONT-9FB17496,SESS-9C944A2E,Billing Inquiry,0.7503,FAQ,0,0,0,Technology,Partner API,33,0.3397,2026-03-30T04:46:46
CONT-E60E0371,SESS-FD7414F6,Subscription Management,0.8318,Self-Service,0,0,0,Travel,Kiosk,182,0.4015,2026-03-07T02:39:31
CONT-57DD96A9,SESS-2687C858,Technical Troubleshooting,0.5597,Guided Flow,0,0,0,Healthcare,Mobile App,98,0.2853,2026-04-01T02:49:28
CONT-804067AD,SESS-C7975E99,Account Management,0.8568,Escalation,1,0,0,Travel,Mobile App,37,0.7628,2026-03-12T05:17:27
CONT-5DBA3F91,SESS-02D08CCE,General Inquiry,1.0,Escalation,0,0,0,Financial Services,Kiosk,92,0.4987,2026-03-22T21:12:15
CONT-DD42E581,SESS-EF4F6F26,Product Support,0.4978,FAQ,0,0,0,Healthcare,Partner API,72,0.2381,2026-04-04T22:23:13
CONT-1FC36398,SESS-04C3A505,General Inquiry,0.6603,Handoff,0,0,1,Travel,Mobile App,39,0.2213,2026-04-04T06:29:35
CONT-28116D7D,SESS-EB0902CB,Loyalty Program,0.9377,Guided Flow,0,0,0,Technology,Web,112,0.4259,2026-03-20T18:29:51
CONT-22F34A49,SESS-2CB02037,Product Support,0.6529,FAQ,0,0,0,Travel,Kiosk,18,0.3075,2026-03-29T07:12:12
CONT-5EAD59F6,SESS-1998DD5B,Returns & Refunds,0.3943,Handoff,0,0,0,Technology,Mobile App,108,0.219,2026-03-28T22:12:29
CONT-C74A7C87,SESS-293C488A,Product Support,0.7527,FAQ,0,0,0,Technology,Partner API,49,0.3707,2026-03-14T00:50:03
CONT-6C5C9D43,SESS-DBA35827,Password Reset,0.7996,Guided Flow,0,0,0,Financial Services,IVR,47,0.3576,2026-03-21T00:11:31
CONT-EE221EA8,SESS-C21276EB,Billing Inquiry,0.4848,Free Text,0,0,1,Travel,Kiosk,203,0.1237,2026-04-03T22:03:19
CONT-DF04C6B3,SESS-896E8A68,Product Support,0.6849,Escalation,0,0,0,Healthcare,Mobile App,52,0.3093,2026-03-11T00:15:26
CONT-5F7B20CC,SESS-36FB0431,Billing Inquiry,0.651,Free Text,0,0,0,Travel,Web,100,0.3165,2026-04-03T11:41:34
CONT-C82BBCBB,SESS-4D70E308,Account Management,0.5908,Self-Service,0,0,0,Technology,Kiosk,114,0.2982,2026-03-17T09:56:18
CONT-B7C5691F,SESS-D6E28287,General Inquiry,0.5207,Guided Flow,0,0,0,Technology,Partner API,49,0.2526,2026-03-11T01:01:49
CONT-93CF6E61,SESS-435E7782,Product Support,0.8859,Guided Flow,0,0,0,Technology,Kiosk,24,0.424,2026-03-23T09:31:42
CONT-9C0F459F,SESS-FF325319,Returns & Refunds,0.9265,Free Text,0,0,0,Financial Services,IVR,31,0.4184,2026-03-26T06:26:44
CONT-A73C6078,SESS-D83D84FC,Password Reset,0.642,Handoff,0,0,0,Travel,Partner API,78,0.3112,2026-04-01T00:29:59
CONT-0FD1F3BD,SESS-95717462,Password Reset,0.7321,Guided Flow,0,0,0,Financial Services,IVR,38,0.3225,2026-03-31T05:23:21
CONT-57A0EE67,SESS-0C21A62F,Product Support,0.5679,Self-Service,0,0,0,Retail,Kiosk,172,0.3007,2026-03-24T06:58:32
CONT-88880D61,SESS-72834034,Password Reset,0.6302,FAQ,0,0,0,Healthcare,Kiosk,25,0.2742,2026-03-16T09:15:09
CONT-75D5C93C,SESS-785FABD5,Billing Inquiry,0.4488,Guided Flow,0,0,0,Travel,Web,92,0.1796,2026-03-16T16:56:50
CONT-1CF6AFF0,SESS-0DB2604D,Loyalty Program,0.6466,FAQ,1,0,0,Technology,Web,83,0.6462,2026-03-25T11:07:11
CONT-A6373815,SESS-CFB47509,Loyalty Program,0.5992,Escalation,0,0,0,Technology,Kiosk,29,0.2598,2026-03-10T00:19:14
CONT-342BC118,SESS-E1B80A0C,General Inquiry,0.4412,Free Text,0,0,1,Financial Services,Web,565,0.0262,2026-04-04T19:55:18
CONT-7F862979,SESS-2A7F482D,Password Reset,0.6901,Handoff,0,0,0,Healthcare,Mobile App,28,0.3867,2026-04-03T20:12:40
CONT-AAAF7D48,SESS-31DDC613,Subscription Management,0.5277,Escalation,0,0,0,Healthcare,Partner API,31,0.3022,2026-04-03T16:01:30
CONT-3A96652D,SESS-869571DD,Password Reset,0.6459,Escalation,0,0,0,Technology,Web,47,0.3345,2026-03-10T22:45:42
CONT-EE0BDC04,SESS-244F0A87,Product Support,0.8702,Guided Flow,1,0,0,Financial Services,Kiosk,119,0.7319,2026-03-25T14:01:26
CONT-3519143E,SESS-F2147A6D,Password Reset,0.8627,Free Text,0,0,0,Financial Services,Mobile App,41,0.3866,2026-03-15T21:42:59
CONT-52E1E6AE,SESS-EBDC0A27,Returns & Refunds,0.4422,Escalation,0,0,0,Financial Services,Partner API,151,0.1721,2026-03-11T23:36:43
CONT-ECE3A7FB,SESS-3AD7B4C1,General Inquiry,0.9286,Escalation,1,0,0,Technology,Partner API,158,0.8044,2026-03-14T10:25:37
CONT-8F88EC99,SESS-FD29B6FF,Returns & Refunds,0.8767,Handoff,0,0,0,Retail,Kiosk,145,0.4466,2026-03-29T06:42:31
CONT-669DF94A,SESS-1DCFB5CE,Subscription Management,0.2563,Guided Flow,0,0,0,Travel,Web,104,0.0972,2026-03-22T18:51:09
CONT-3689B567,SESS-C317B22E,Billing Inquiry,0.7161,Guided Flow,0,0,0,Technology,Partner API,37,0.3747,2026-03-08T04:07:03
CONT-62E7784E,SESS-96BA8EE9,Subscription Management,0.52,Guided Flow,0,0,0,Financial Services,IVR,18,0.2242,2026-03-18T08:11:36
CONT-5D667D2E,SESS-A1C44463,Order Status,0.947,Self-Service,0,0,0,Healthcare,Partner API,42,0.5082,2026-03-10T02:11:56
CONT-168CCE14,SESS-53C590D1,General Inquiry,0.5925,Self-Service,0,0,0,Retail,IVR,45,0.3089,2026-03-14T17:58:37
CONT-580D2B71,SESS-D099406F,Technical Troubleshooting,0.8957,Guided Flow,0,0,0,Technology,Web,145,0.4324,2026-03-22T11:27:32
CONT-B3D85364,SESS-C4D53E3A,Order Status,0.7403,Escalation,0,0,0,Healthcare,Web,211,0.411,2026-03-19T14:30:57
CONT-9BBB0EB0,SESS-406CD537,General Inquiry,0.377,Self-Service,0,0,0,Retail,IVR,70,0.1476,2026-03-28T06:11:56
CONT-B0216D15,SESS-6AB4A5F0,Product Support,0.7525,FAQ,1,0,0,Retail,Partner API,130,0.6984,2026-03-24T02:28:08
CONT-4BE19E2F,SESS-4746472E,Returns & Refunds,0.5079,FAQ,0,0,0,Healthcare,Kiosk,113,0.2162,2026-03-14T04:33:22
CONT-42BDEFC9,SESS-D2C8BA4A,Loyalty Program,0.4974,FAQ,0,0,0,Healthcare,IVR,38,0.2407,2026-03-16T21:52:55
CONT-09F996D4,SESS-647AEF17,Technical Troubleshooting,0.4514,Handoff,0,0,0,Retail,Kiosk,34,0.252,2026-03-25T17:37:20
CONT-9016C650,SESS-F90B597A,General Inquiry,0.7717,FAQ,0,0,0,Technology,Partner API,56,0.3839,2026-03-31T17:21:39
CONT-1D52E390,SESS-A937A1A4,Product Support,0.6497,FAQ,0,0,0,Travel,IVR,63,0.2759,2026-03-20T16:00:39
CONT-9D93A826,SESS-DB252671,Loyalty Program,0.8627,Self-Service,0,0,0,Healthcare,IVR,37,0.4471,2026-04-03T01:17:04
CONT-E02C4B0C,SESS-254DFA1A,Loyalty Program,0.5443,Escalation,0,0,0,Retail,Partner API,127,0.2222,2026-03-16T06:54:37
CONT-532AC21D,SESS-512BC481,General Inquiry,0.6009,Guided Flow,0,0,0,Healthcare,Kiosk,34,0.3225,2026-03-09T20:21:13
CONT-E056A6FF,SESS-5C5F0107,Loyalty Program,0.542,Free Text,0,1,0,Healthcare,Kiosk,27,0.0834,2026-03-22T21:44:01
CONT-D559FC69,SESS-6201B9F3,General Inquiry,0.5699,Escalation,0,0,0,Healthcare,Partner API,7,0.2554,2026-03-19T12:40:47
CONT-B2DE920C,SESS-C7639555,Subscription Management,1.0,Guided Flow,0,0,0,Healthcare,Web,170,0.4633,2026-04-02T14:03:05
CONT-5959673E,SESS-054011B9,Loyalty Program,0.5487,FAQ,0,0,0,Technology,IVR,96,0.2881,2026-03-10T05:41:03
CONT-CB96B03C,SESS-FBCC5DEA,Returns & Refunds,0.889,Self-Service,0,0,0,Financial Services,Partner API,57,0.4748,2026-03-20T09:44:50
CONT-2E575D79,SESS-4FAAE688,General Inquiry,0.7048,Self-Service,0,0,0,Retail,Partner API,46,0.3245,2026-03-28T23:01:56
CONT-B782B1C6,SESS-7503EC94,Subscription Management,0.7889,FAQ,0,0,0,Healthcare,Mobile App,81,0.3849,2026-03-09T18:00:36
CONT-4EE38568,SESS-220EBF2F,Loyalty Program,0.6176,Self-Service,0,0,1,Financial Services,Partner API,150,0.2083,2026-03-25T17:31:02
CONT-827F07C7,SESS-B95A3501,Order Status,0.5463,Free Text,0,0,0,Technology,Mobile App,50,0.2409,2026-04-05T20:40:04
CONT-28116D7D,SESS-41EA965D,Order Status,0.5918,Escalation,0,0,1,Retail,IVR,22,0.1902,2026-03-19T18:42:36
CONT-01961600,SESS-F69EAF9C,Subscription Management,0.8144,Handoff,0,0,0,Technology,Mobile App,37,0.418,2026-03-17T07:45:10
CONT-586BADDA,SESS-BDDD7CD5,General Inquiry,0.424,FAQ,0,0,0,Retail,IVR,38,0.2346,2026-04-05T04:50:06
CONT-B8CA1315,SESS-0C7E2584,Loyalty Program,0.481,Free Text,0,0,0,Retail,Partner API,393,0.2529,2026-04-02T03:36:42
CONT-286D1200,SESS-F62F90E8,Account Management,1.0,Guided Flow,1,0,0,Technology,IVR,69,0.7987,2026-03-07T19:27:27
CONT-E096BD2E,SESS-0233AB2D,Order Status,0.6659,Escalation,0,0,0,Retail,IVR,36,0.37,2026-04-02T16:03:34
CONT-22541C5A,SESS-74B46A85,General Inquiry,0.9062,Self-Service,1,0,0,Financial Services,Kiosk,60,0.7104,2026-03-08T08:27:45
CONT-A4052955,SESS-82AC86C0,Subscription Management,0.6805,FAQ,0,0,0,Retail,Kiosk,269,0.3648,2026-03-22T23:36:35
CONT-4E25393A,SESS-1E97E344,Password Reset,0.8561,Free Text,0,0,0,Healthcare,Web,56,0.4441,2026-03-24T18:09:26
CONT-8050A854,SESS-EC48491A,Billing Inquiry,0.7694,Free Text,0,0,0,Financial Services,Web,16,0.4277,2026-03-27T17:12:32
CONT-BE61E8E4,SESS-1257B97D,General Inquiry,1.0,Free Text,0,0,0,Travel,IVR,40,0.5153,2026-03-21T02:36:16
CONT-87D18EF9,SESS-EF4936F4,Technical Troubleshooting,0.4324,FAQ,0,0,0,Technology,IVR,52,0.1888,2026-03-23T21:38:35
CONT-F68A3ED3,SESS-B2DCC73E,Product Support,0.4047,Free Text,0,1,0,Healthcare,Kiosk,24,0.0065,2026-03-28T03:53:22
CONT-B57FE1BC,SESS-8C3A6D14,Returns & Refunds,0.7426,Handoff,0,0,0,Travel,Web,70,0.3307,2026-03-23T00:55:43
CONT-5430724E,SESS-A13B6D5B,Product Support,0.6875,Escalation,0,0,0,Travel,Partner API,361,0.2964,2026-03-17T09:06:37
CONT-C9C75899,SESS-7D774AFF,Billing Inquiry,0.4979,Free Text,0,0,0,Financial Services,Mobile App,27,0.2774,2026-03-16T08:09:08
CONT-1BB7DD1D,SESS-5F567C6A,Password Reset,0.4467,Self-Service,0,0,0,Financial Services,Partner API,57,0.1896,2026-03-09T08:00:52
CONT-CF0D3C38,SESS-1E2DAFD3,Product Support,0.373,Guided Flow,1,0,1,Healthcare,Kiosk,396,0.2906,2026-03-29T12:45:01
CONT-91C06C34,SESS-FA7DF519,Loyalty Program,0.486,Escalation,0,0,0,Retail,Partner API,39,0.2822,2026-03-17T08:56:46
CONT-1691F9F0,SESS-85F888EB,Product Support,0.9191,Free Text,0,0,0,Technology,Mobile App,57,0.4741,2026-04-05T11:03:08
CONT-9A1FCF19,SESS-565A80DC,Order Status,0.3459,Handoff,0,1,0,Financial Services,Mobile App,216,0.0,2026-03-18T21:12:04
CONT-488DE685,SESS-C1587BE3,Subscription Management,0.7165,Free Text,0,0,0,Financial Services,Kiosk,18,0.3746,2026-03-11T11:20:46
CONT-8CC701B1,SESS-666D6A53,Returns & Refunds,0.5194,FAQ,0,0,0,Technology,IVR,144,0.2578,2026-04-03T21:47:50
CONT-05A5839C,SESS-4338D0F9,Password Reset,0.4603,Handoff,0,0,1,Retail,IVR,95,0.1096,2026-03-14T10:02:52
CONT-0EE26ED1,SESS-59879B0E,Loyalty Program,0.7712,Guided Flow,0,0,0,Financial Services,Mobile App,151,0.4206,2026-04-02T19:21:22
CONT-1915BE9B,SESS-D1B9485D,Loyalty Program,0.3993,FAQ,0,0,0,Financial Services,Web,93,0.2094,2026-03-26T07:50:24
CONT-A62A7151,SESS-02923007,Returns & Refunds,0.4323,FAQ,0,0,0,Travel,IVR,36,0.2421,2026-03-14T18:17:17
CONT-4EBDDDD9,SESS-3A1730CA,Subscription Management,0.482,Free Text,0,0,0,Technology,Partner API,92,0.1991,2026-04-01T05:05:34
CONT-DBDE7423,SESS-1B2328A8,Product Support,0.5283,Self-Service,0,0,0,Healthcare,Kiosk,7,0.2208,2026-03-11T10:34:58
CONT-0C5F5A3D,SESS-D5AA3DED,General Inquiry,0.6729,Guided Flow,0,0,0,Retail,Web,106,0.2915,2026-03-26T01:27:10
CONT-CCD24B2B,SESS-8656D969,Subscription Management,0.5485,Escalation,0,0,1,Retail,Mobile App,156,0.1227,2026-03-16T23:14:11
CONT-1C778FAC,SESS-4A267A93,Password Reset,0.7057,Self-Service,0,0,0,Financial Services,IVR,27,0.3694,2026-03-18T13:28:47
CONT-461C5353,SESS-C8577697,Account Management,0.4749,FAQ,0,0,1,Travel,Partner API,312,0.1229,2026-03-08T13:33:22
CONT-4BC7F15F,SESS-18648B8F,Subscription Management,0.7841,Escalation,0,0,0,Travel,Mobile App,71,0.3849,2026-04-05T12:59:32
CONT-4C6CE815,SESS-196B3BC2,Password Reset,0.6011,Self-Service,0,0,0,Financial Services,IVR,225,0.2956,2026-03-11T17:02:01
CONT-33518E62,SESS-DB0E3E31,Loyalty Program,0.7941,Free Text,1,0,0,Travel,Kiosk,76,0.6898,2026-03-09T20:26:05
CONT-D49E567F,SESS-9DA66A85,Returns & Refunds,0.5839,FAQ,0,0,0,Travel,IVR,34,0.2953,2026-03-07T18:47:53
CONT-0EE26ED1,SESS-919A3BD8,Product Support,0.7562,Guided Flow,0,0,0,Travel,Web,140,0.3358,2026-03-07T21:22:31
CONT-594DC5C6,SESS-123E6839,Returns & Refunds,0.9139,Self-Service,0,0,0,Financial Services,Web,19,0.4924,2026-03-25T07:05:41
CONT-2C6342EA,SESS-893489D4,Account Management,0.6697,Free Text,0,0,0,Travel,Partner API,63,0.3047,2026-03-18T04:10:00
CONT-D9CC67C9,SESS-3769117A,Billing Inquiry,0.7671,Guided Flow,0,0,0,Technology,IVR,43,0.365,2026-03-29T06:52:54
CONT-F4499583,SESS-57932A9A,Technical Troubleshooting,0.8657,Escalation,0,1,1,Technology,IVR,115,0.1139,2026-03-31T04:24:19
CONT-2AADE8B2,SESS-CBE42136,Password Reset,0.7997,Guided Flow,0,0,0,Healthcare,Partner API,68,0.3959,2026-03-27T13:55:31
CONT-0E9BCEBB,SESS-05CAB028,General Inquiry,0.6755,Self-Service,0,0,0,Technology,IVR,59,0.3341,2026-03-26T23:50:58
CONT-D97F0C27,SESS-B6E2710E,Loyalty Program,0.6171,Handoff,1,0,0,Travel,Mobile App,33,0.6159,2026-03-10T02:24:24
CONT-44EE484F,SESS-0AB36197,General Inquiry,0.8259,Free Text,0,0,1,Travel,Mobile App,925,0.2264,2026-03-25T14:54:14
CONT-40B15DA8,SESS-CC19F844,Billing Inquiry,0.9732,Escalation,0,0,0,Healthcare,Mobile App,120,0.4547,2026-03-26T20:36:16
CONT-ED2D539F,SESS-42785B0B,Product Support,0.6317,Guided Flow,0,0,0,Technology,IVR,104,0.2861,2026-04-03T18:37:24
CONT-9C40CA66,SESS-E3501F3B,Returns & Refunds,0.8779,FAQ,0,1,0,Technology,Mobile App,10,0.2699,2026-03-22T20:07:47
CONT-06461D0E,SESS-D2A41F41,Subscription Management,0.5746,Self-Service,0,1,0,Technology,Partner API,130,0.0837,2026-03-23T14:21:42
CONT-CE667770,SESS-E225A54D,Product Support,0.719,FAQ,0,0,0,Technology,Mobile App,71,0.3598,2026-03-21T21:25:31
CONT-09D8F325,SESS-BEDFE32E,Billing Inquiry,0.7217,Self-Service,0,0,0,Retail,Mobile App,104,0.3191,2026-04-03T03:49:17
CONT-E3C15B5D,SESS-F4E48E25,General Inquiry,0.6877,FAQ,0,0,1,Technology,Kiosk,197,0.1787,2026-03-17T06:41:00
CONT-18E4E966,SESS-80B1BF3C,Technical Troubleshooting,0.8316,Guided Flow,0,0,1,Retail,Kiosk,131,0.2171,2026-03-28T00:30:29
CONT-351F1908,SESS-2F1BDD47,Returns & Refunds,0.7828,Guided Flow,0,0,0,Healthcare,Kiosk,349,0.4137,2026-03-29T04:06:53
CONT-1DE66AF1,SESS-622C8369,Order Status,0.8085,Free Text,0,0,0,Healthcare,Web,27,0.381,2026-03-20T15:27:40
CONT-E520E76E,SESS-C0FD3624,Subscription Management,0.5656,Self-Service,0,0,0,Retail,Kiosk,86,0.2561,2026-03-18T02:13:54
CONT-5B8CDBEB,SESS-4102A7D1,General Inquiry,0.4516,Handoff,0,0,1,Retail,Partner API,575,0.0465,2026-03-19T14:07:54
CONT-CAF3E9B5,SESS-D03C7DB2,Password Reset,0.898,FAQ,0,0,0,Technology,IVR,45,0.4084,2026-03-21T07:53:43
CONT-EFC3CA6B,SESS-31699DF5,General Inquiry,0.6724,Self-Service,0,0,0,Retail,Web,217,0.3344,2026-03-16T18:37:31
CONT-3E7BDB26,SESS-30F9A13A,Returns & Refunds,1.0,Free Text,0,0,0,Technology,Web,338,0.4774,2026-04-05T06:49:43
CONT-CB96B03C,SESS-FB1F3836,Subscription Management,0.3392,Free Text,0,0,0,Technology,Kiosk,17,0.1863,2026-03-11T21:31:24
CONT-C6CD864F,SESS-9F51CB52,Technical Troubleshooting,0.5245,Free Text,0,0,0,Travel,Partner API,47,0.2188,2026-03-21T20:02:15
CONT-E833E10D,SESS-15CA2CD5,General Inquiry,1.0,Handoff,0,0,0,Travel,Mobile App,130,0.5051,2026-03-19T23:57:21
CONT-BE23B48C,SESS-110489B9,Returns & Refunds,0.8321,FAQ,0,0,0,Healthcare,Web,22,0.4552,2026-03-16T11:33:11
CONT-A7BDDFFF,SESS-14BA74A2,Technical Troubleshooting,0.4062,Escalation,0,0,1,Retail,IVR,216,0.0088,2026-03-21T06:36:20
CONT-FF8FFD10,SESS-7B6C00EE,Billing Inquiry,0.7501,FAQ,0,0,0,Technology,Kiosk,16,0.3822,2026-03-29T00:33:15
CONT-4210A2E4,SESS-7290A15B,Returns & Refunds,0.5129,Guided Flow,0,0,0,Retail,Web,103,0.2966,2026-03-12T14:47:36
CONT-0E9BCEBB,SESS-9544B7AA,General Inquiry,0.9265,Escalation,0,0,0,Retail,Web,38,0.5123,2026-03-21T04:16:03
CONT-99E6E5DC,SESS-E6DB5B76,Returns & Refunds,0.66,Guided Flow,0,0,0,Retail,Mobile App,182,0.3548,2026-03-10T19:01:36
CONT-88A80658,SESS-AAD3D2A6,Account Management,0.4371,Free Text,1,0,1,Healthcare,Partner API,432,0.3542,2026-03-17T00:44:07
CONT-96F1972E,SESS-0E01B595,Account Management,0.5344,Free Text,0,0,0,Technology,Mobile App,75,0.2552,2026-03-21T02:21:59
CONT-BEB118E2,SESS-C15A0A12,Billing Inquiry,0.2936,FAQ,0,0,0,Travel,Kiosk,76,0.155,2026-03-13T23:15:36
CONT-451DFA78,SESS-758679FD,Returns & Refunds,0.6854,Self-Service,0,0,1,Retail,IVR,226,0.1812,2026-03-17T06:03:02
CONT-8E9C96CA,SESS-81529ABA,Technical Troubleshooting,0.5547,Escalation,0,0,0,Healthcare,Partner API,95,0.3234,2026-03-23T02:18:05
CONT-CB96B03C,SESS-384F8412,Technical Troubleshooting,0.8816,Handoff,0,0,0,Healthcare,IVR,55,0.4333,2026-04-05T01:57:14
CONT-30F4242A,SESS-52AFF3B8,Returns & Refunds,0.7219,Guided Flow,0,0,0,Travel,Web,53,0.3181,2026-04-02T23:40:27
CONT-62950A0E,SESS-A1CA478F,Technical Troubleshooting,0.6294,Free Text,0,1,0,Healthcare,Partner API,27,0.1001,2026-04-02T10:12:54
CONT-D02E726B,SESS-679084C9,Loyalty Program,1.0,FAQ,0,0,0,Financial Services,IVR,36,0.5324,2026-03-11T05:15:37
CONT-FC487FCE,SESS-D9DA5989,General Inquiry,1.0,Guided Flow,1,0,1,Retail,Partner API,949,0.6393,2026-04-02T01:43:54
CONT-90302654,SESS-ECBCF78C,Password Reset,0.6282,Handoff,0,0,0,Healthcare,Mobile App,52,0.3034,2026-03-19T10:09:52
CONT-530AED74,SESS-BDCF0EFC,Loyalty Program,0.5059,Escalation,0,0,0,Travel,Web,71,0.2075,2026-03-17T21:20:43
CONT-985CBFAA,SESS-5E396050,General Inquiry,0.5567,FAQ,0,0,0,Financial Services,IVR,60,0.3013,2026-03-17T03:17:40
CONT-8851D4C7,SESS-3150E97A,Technical Troubleshooting,0.6771,Guided Flow,0,0,0,Healthcare,Web,15,0.3253,2026-03-26T01:44:32
CONT-0E37A8C4,SESS-52D6746B,Password Reset,0.7464,FAQ,0,0,0,Retail,Web,41,0.3349,2026-03-29T10:11:04
CONT-7F214416,SESS-744F7ED2,Account Management,0.6424,Free Text,0,0,0,Retail,IVR,301,0.2857,2026-03-17T01:18:28
CONT-6CD97116,SESS-3F99D4CA,Password Reset,0.4702,FAQ,0,0,0,Travel,Partner API,419,0.2675,2026-04-04T15:02:23
CONT-14D032DC,SESS-8A5871C2,Account Management,0.8214,Handoff,0,0,0,Technology,Kiosk,43,0.407,2026-04-03T21:59:12
CONT-46A93115,SESS-65803DFE,Account Management,0.5186,Escalation,0,0,0,Healthcare,IVR,134,0.2614,2026-03-08T12:08:18
