contact_id,session_id,event_type,page_name,application_channel,business_unit,time_on_page_seconds,scroll_depth_pct,is_bounce,event_timestamp
CONT-E98092F0,SESS-0F7BB00F,page_view,/faq,Mobile App,Travel,10,14.1,0,2026-03-29T21:35:05
CONT-16573E15,SESS-2A08F4B0,button_click,/support,Partner API,Retail,17,12.2,0,2026-03-14T19:58:19
CONT-241D77CF,SESS-01FA9523,button_click,/billing,Partner API,Financial Services,12,18.1,0,2026-04-02T23:51:51
CONT-6A995B0D,SESS-8608C6C4,form_submit,/home,Partner API,Healthcare,19,47.1,0,2026-03-14T13:13:21
CONT-573408E8,SESS-032D4540,button_click,/checkout,Partner API,Travel,26,59.5,0,2026-03-08T13:13:27
CONT-7F836F4C,SESS-F51D557B,form_submit,/account,Web,Travel,76,26.8,0,2026-04-05T09:16:18
CONT-DD8B7F02,SESS-EB2C292A,page_view,/support,Kiosk,Retail,24,70.5,0,2026-03-18T22:55:50
CONT-E18E39B1,SESS-90E89081,chat_close,/home,Kiosk,Financial Services,6,31.9,0,2026-03-28T12:07:41
CONT-24EB9F96,SESS-86A0CFC3,button_click,/contact,Partner API,Financial Services,103,92.4,0,2026-03-07T08:55:10
CONT-FB710219,SESS-7FF502B1,search,/products,Web,Healthcare,14,95.7,0,2026-04-03T00:23:53
CONT-9494C3A4,SESS-AEC18DA3,chat_open,/faq,Partner API,Financial Services,31,2.9,0,2026-04-02T05:40:09
CONT-46A11DDE,SESS-48193690,page_view,/home,Kiosk,Retail,51,62.2,0,2026-03-22T23:48:42
CONT-60EB9933,SESS-47401184,form_submit,/account,Partner API,Healthcare,40,87.2,0,2026-03-13T03:05:21
CONT-F42A1470,SESS-10A8F29B,chat_open,/account,Kiosk,Healthcare,98,47.0,0,2026-03-26T21:40:24
CONT-D5001487,SESS-A7DAD904,search,/products,Mobile App,Travel,53,3.6,0,2026-03-11T03:02:06
CONT-15E91EA3,SESS-C1A229E1,chat_open,/contact,Partner API,Financial Services,13,2.3,0,2026-03-17T18:39:50
CONT-73F0210F,SESS-8ADA41B0,form_submit,/faq,Partner API,Retail,292,67.4,0,2026-03-18T00:52:31
CONT-661D10CC,SESS-FEAAB28A,chat_open,/settings,Web,Financial Services,40,9.7,0,2026-03-28T14:02:05
CONT-484E0A78,SESS-B6D8E3B5,button_click,/orders,Partner API,Travel,28,1.4,0,2026-03-23T02:43:50
CONT-8B7D5EC6,SESS-F61FD01E,form_submit,/checkout,IVR,Healthcare,86,59.2,0,2026-03-21T20:35:13
CONT-D5DE4707,SESS-AC56EB61,page_view,/contact,Kiosk,Financial Services,42,57.6,0,2026-03-07T00:46:19
CONT-D0A6223C,SESS-C7138744,search,/settings,IVR,Travel,49,63.8,0,2026-03-21T11:14:19
CONT-3E68C4F3,SESS-125F70E6,button_click,/contact,Partner API,Travel,400,42.9,0,2026-03-25T07:32:32
CONT-E78B65FA,SESS-FBFA6E53,chat_close,/home,IVR,Healthcare,25,42.0,0,2026-03-18T16:18:39
CONT-2D2535E0,SESS-42B62273,search,/products,Kiosk,Technology,24,89.4,0,2026-03-11T00:41:43
CONT-6BD4E21D,SESS-A02513C8,form_submit,/billing,IVR,Technology,37,9.3,0,2026-03-17T19:25:48
CONT-0CCD9368,SESS-3E4F7975,chat_close,/contact,Web,Healthcare,96,58.8,0,2026-04-02T18:56:12
CONT-BE00DD17,SESS-54B3B629,button_click,/checkout,Mobile App,Retail,7,51.2,0,2026-03-16T10:33:07
CONT-30B2FE4F,SESS-2D7D3ABA,chat_close,/orders,Partner API,Travel,4,16.1,0,2026-04-05T18:02:41
CONT-490E87AE,SESS-B7F762C8,search,/products,Kiosk,Healthcare,18,46.0,0,2026-03-31T05:15:26
CONT-E28A51F5,SESS-7FC926C4,button_click,/checkout,Web,Travel,6,28.2,0,2026-03-15T22:35:30
CONT-8FB56654,SESS-549E2C4F,chat_close,/billing,Kiosk,Financial Services,21,21.3,0,2026-03-31T20:51:13
CONT-FF16BEB2,SESS-4358323E,page_view,/products,Web,Technology,54,70.9,0,2026-03-21T22:37:46
CONT-F7D5B9F9,SESS-5CB9DABE,chat_close,/checkout,Kiosk,Financial Services,13,94.2,0,2026-03-26T08:04:36
CONT-D0780970,SESS-3F36C782,page_view,/checkout,Partner API,Healthcare,7,31.5,0,2026-03-20T16:18:27
CONT-FC7D278B,SESS-8FDACB87,chat_open,/home,IVR,Financial Services,35,83.4,0,2026-04-03T08:03:30
CONT-871D5E66,SESS-A1D9E0AB,search,/home,Mobile App,Healthcare,78,16.5,0,2026-03-28T22:49:33
CONT-F60ECE39,SESS-603F383C,button_click,/support,Mobile App,Financial Services,6,62.1,0,2026-03-23T09:43:30
CONT-9D4FE4F6,SESS-EB293ADB,chat_open,/products,Kiosk,Financial Services,75,93.1,0,2026-03-11T00:11:50
CONT-181EBE73,SESS-985FB7A9,chat_close,/contact,Mobile App,Travel,74,38.7,0,2026-03-09T05:41:56
CONT-B6238665,SESS-324E9E0F,page_view,/billing,Partner API,Technology,85,39.2,0,2026-04-05T23:07:58
CONT-4454CB0E,SESS-165AFE34,page_view,/faq,Mobile App,Retail,111,48.5,0,2026-03-14T14:53:17
CONT-D0780970,SESS-0BE6D5D0,button_click,/billing,Web,Healthcare,299,8.7,0,2026-03-29T12:36:42
CONT-AA0D5BB0,SESS-4CE97807,button_click,/account,Kiosk,Financial Services,23,59.0,0,2026-03-26T17:09:51
CONT-007452AF,SESS-560CF363,chat_open,/support,IVR,Retail,36,39.6,0,2026-03-13T03:02:09
CONT-294C57BC,SESS-EBCD0CCE,form_submit,/home,Mobile App,Retail,21,83.9,0,2026-04-04T11:10:11
CONT-9C23D7FE,SESS-C0E87A5D,chat_open,/home,Kiosk,Travel,33,78.0,0,2026-03-24T09:26:24
CONT-1ECF6B17,SESS-C356EDB9,button_click,/billing,Web,Technology,153,9.5,0,2026-04-04T09:37:10
CONT-C7265A99,SESS-6F33BD31,page_view,/settings,Mobile App,Financial Services,8,21.2,0,2026-03-17T22:57:04
CONT-BD522704,SESS-594A27FA,chat_open,/faq,Web,Travel,13,6.2,0,2026-03-09T19:43:55
CONT-709D1BF8,SESS-BF9D225E,page_view,/billing,Partner API,Healthcare,131,43.0,0,2026-03-25T06:59:01
CONT-6B14E616,SESS-92714958,button_click,/checkout,IVR,Healthcare,91,70.0,0,2026-03-10T02:33:14
CONT-C75E13B3,SESS-2C914744,chat_close,/checkout,Kiosk,Travel,23,30.9,0,2026-03-28T19:42:07
CONT-DBDAFACB,SESS-C7425DA4,chat_open,/billing,Mobile App,Retail,77,28.6,0,2026-03-23T16:56:20
CONT-C8F9A39F,SESS-449DC5FD,button_click,/billing,Mobile App,Retail,46,96.2,0,2026-03-29T18:06:07
CONT-CA9AD461,SESS-83C5246A,chat_open,/account,Kiosk,Healthcare,148,37.7,0,2026-03-28T09:54:34
CONT-DB00495E,SESS-6AA322E6,form_submit,/support,IVR,Retail,35,78.2,0,2026-03-12T17:47:39
CONT-DE4F77CB,SESS-BF5BA15A,form_submit,/checkout,Mobile App,Travel,92,69.9,0,2026-03-12T01:38:47
CONT-CC8882A8,SESS-FBDDD898,chat_close,/faq,IVR,Technology,464,96.9,0,2026-03-27T18:40:08
CONT-29D0E066,SESS-7A225CE6,page_view,/checkout,Mobile App,Technology,60,64.8,0,2026-03-27T07:06:38
CONT-FAE730B0,SESS-1C4CA783,button_click,/home,Partner API,Financial Services,34,55.4,0,2026-03-22T14:10:09
CONT-5960E683,SESS-F3398449,chat_open,/home,IVR,Retail,68,79.7,0,2026-03-09T21:45:30
CONT-7E977441,SESS-F50AF192,button_click,/support,Web,Retail,22,39.1,0,2026-04-02T13:24:40
CONT-A7974DC8,SESS-AD289A34,search,/home,IVR,Technology,360,63.3,0,2026-03-16T22:15:25
CONT-889F69DF,SESS-CC976A61,button_click,/billing,Mobile App,Financial Services,39,68.4,0,2026-03-12T23:25:36
CONT-DB46BCA4,SESS-14EE6C2B,form_submit,/settings,Mobile App,Retail,25,86.9,0,2026-03-25T09:02:37
CONT-410A607D,SESS-ECA0FDF8,chat_close,/contact,Kiosk,Travel,14,36.8,0,2026-03-17T17:05:58
CONT-99FC5C95,SESS-479919C7,page_view,/account,Kiosk,Financial Services,99,60.6,0,2026-03-16T08:21:16
CONT-DFA573F8,SESS-4B1680F3,page_view,/home,Mobile App,Technology,78,83.0,0,2026-03-18T22:12:44
CONT-3175EF7F,SESS-198F0B83,chat_open,/settings,Mobile App,Financial Services,20,70.3,0,2026-03-10T13:13:31
CONT-D4A7F8F0,SESS-C9C7D305,button_click,/products,IVR,Healthcare,58,59.9,0,2026-03-31T09:06:39
CONT-09882179,SESS-75D24D25,search,/orders,Partner API,Financial Services,7,12.7,0,2026-03-30T05:46:53
CONT-35F1E09A,SESS-ACF04E6F,chat_open,/products,Web,Technology,39,65.9,0,2026-03-16T19:00:13
CONT-951F8BD2,SESS-F47895E3,chat_close,/faq,IVR,Healthcare,52,57.0,0,2026-03-23T13:05:32
CONT-50146A24,SESS-B261AD8F,chat_open,/billing,Web,Retail,182,9.8,0,2026-03-20T08:09:16
CONT-66C9AEE3,SESS-2D879F0A,page_view,/orders,Kiosk,Financial Services,15,70.0,0,2026-03-26T01:47:03
CONT-C5CE4A93,SESS-4FD7F398,button_click,/orders,IVR,Financial Services,9,87.2,0,2026-03-24T21:41:00
CONT-7ED17641,SESS-5BDBB043,button_click,/faq,Mobile App,Healthcare,13,31.6,0,2026-03-23T18:27:02
CONT-D926F90D,SESS-9E1660BC,button_click,/faq,Kiosk,Technology,8,31.4,0,2026-03-25T17:36:33
CONT-826A6048,SESS-3E9DFF30,search,/orders,Kiosk,Travel,126,44.1,0,2026-03-21T05:57:29
CONT-BA7BA703,SESS-4CBFF433,search,/billing,Mobile App,Healthcare,155,81.4,0,2026-04-04T01:08:05
CONT-FD2201CE,SESS-41AFC000,chat_close,/checkout,Web,Retail,45,30.7,0,2026-03-13T16:53:10
CONT-83F635E7,SESS-B08A8916,page_view,/orders,Partner API,Financial Services,112,97.1,0,2026-03-27T07:56:42
CONT-F65C7BC9,SESS-F5B41ED1,search,/contact,Kiosk,Retail,37,14.3,0,2026-03-09T15:11:24
CONT-9EB26A1D,SESS-657D193F,search,/billing,IVR,Technology,30,71.1,0,2026-03-15T16:55:35
CONT-055B7329,SESS-2A23CC9D,button_click,/checkout,Web,Travel,23,44.1,0,2026-03-17T11:05:18
CONT-10D3F9C8,SESS-A5DB5A48,chat_close,/products,Mobile App,Retail,24,13.1,0,2026-03-12T08:26:49
CONT-53AEBDF4,SESS-8B7C7920,search,/checkout,Web,Financial Services,7,14.7,0,2026-03-16T12:13:15
CONT-C5CE4A93,SESS-0E92E2F6,search,/faq,Partner API,Retail,43,28.7,0,2026-03-23T17:49:28
CONT-70FE4424,SESS-0574D9C8,chat_close,/settings,IVR,Financial Services,31,37.4,0,2026-04-01T05:33:19
CONT-1E73A75E,SESS-D8580B6B,chat_close,/home,IVR,Retail,69,20.4,0,2026-04-05T15:49:29
CONT-73E7C9A4,SESS-3E4F3F30,button_click,/account,Kiosk,Technology,36,55.6,0,2026-03-13T23:47:36
CONT-769FEF69,SESS-19C5775D,button_click,/support,IVR,Financial Services,28,69.3,0,2026-04-03T13:03:09
CONT-772F57C6,SESS-2C9D49EF,chat_close,/products,Kiosk,Retail,13,71.8,0,2026-03-26T03:52:03
CONT-B2134DB0,SESS-629E1E8F,search,/faq,Web,Technology,35,19.7,0,2026-03-17T15:58:49
CONT-DD5A59A3,SESS-CE4BCFF8,button_click,/contact,IVR,Financial Services,69,0.4,0,2026-03-10T06:29:03
CONT-A6858059,SESS-6851B24E,button_click,/home,Web,Travel,10,29.2,0,2026-03-20T00:44:02
CONT-C7783987,SESS-3D29FC80,search,/products,Partner API,Financial Services,36,20.5,0,2026-03-17T07:35:57
CONT-62991E9E,SESS-198151A1,search,/settings,IVR,Retail,41,94.7,0,2026-03-31T17:37:14
CONT-0CF81F26,SESS-6625086A,chat_close,/contact,Partner API,Technology,16,49.9,0,2026-03-11T03:57:25
CONT-8B2C0227,SESS-5A762F13,button_click,/orders,Web,Healthcare,18,64.0,0,2026-03-19T06:59:35
CONT-8AFA8545,SESS-520E265C,form_submit,/orders,Partner API,Financial Services,41,2.4,0,2026-03-24T23:37:50
CONT-63EB78AA,SESS-331D0E6E,form_submit,/settings,Web,Retail,10,86.7,0,2026-03-14T01:36:10
CONT-B8DF1C73,SESS-8810D878,chat_open,/checkout,Web,Travel,46,93.1,0,2026-03-25T03:58:30
CONT-EA0A873F,SESS-974BE393,chat_close,/home,Web,Retail,13,89.9,0,2026-03-21T03:56:26
CONT-0A004048,SESS-F7565857,page_view,/faq,Kiosk,Travel,95,71.5,0,2026-03-09T21:55:18
CONT-9DBD5A00,SESS-B05F7BFF,page_view,/support,Partner API,Travel,343,57.7,0,2026-03-08T17:37:10
CONT-6EAE0CBD,SESS-2180AAF3,form_submit,/account,Web,Healthcare,14,6.1,0,2026-03-18T17:56:20
CONT-7ED17641,SESS-96FD6A0B,form_submit,/orders,IVR,Travel,56,34.0,0,2026-03-17T08:50:06
CONT-0E821DC5,SESS-903AC73F,form_submit,/support,Partner API,Retail,16,27.4,0,2026-03-17T13:06:16
CONT-B672EE37,SESS-0D7F1E35,form_submit,/faq,Kiosk,Healthcare,93,50.6,0,2026-03-16T13:37:14
CONT-D451228D,SESS-A5FBA312,chat_open,/home,Web,Technology,9,51.6,0,2026-03-22T10:13:06
CONT-9945776A,SESS-81EE2671,form_submit,/faq,Web,Technology,53,84.1,0,2026-03-28T21:13:24
CONT-99F24CF1,SESS-F8D47F93,form_submit,/home,Web,Travel,13,3.7,0,2026-03-29T10:57:21
CONT-CE399F3A,SESS-E85806AE,chat_close,/account,IVR,Travel,26,52.7,0,2026-04-03T02:59:46
CONT-D38F5A0D,SESS-636562B3,chat_close,/support,IVR,Retail,11,43.6,0,2026-03-12T04:19:05
CONT-FC7D29A9,SESS-720105B4,chat_open,/orders,IVR,Travel,75,97.8,0,2026-03-12T11:26:52
CONT-240FBB65,SESS-F151A824,chat_open,/settings,IVR,Technology,14,43.9,0,2026-04-04T02:44:59
CONT-33F6BAE3,SESS-E6B17B3B,chat_close,/contact,Mobile App,Financial Services,57,16.0,0,2026-03-10T04:30:52
CONT-553B0D98,SESS-FBF8C0EC,page_view,/checkout,Web,Healthcare,23,97.0,0,2026-04-02T00:50:46
CONT-D4A7F8F0,SESS-01EEDA18,form_submit,/support,Kiosk,Healthcare,29,64.4,0,2026-03-10T06:01:48
CONT-8724DB88,SESS-B8418B2D,form_submit,/orders,Kiosk,Technology,38,70.6,0,2026-04-02T11:28:29
CONT-660C1D58,SESS-42F93208,button_click,/checkout,Mobile App,Financial Services,15,57.9,0,2026-04-04T19:12:22
CONT-27603415,SESS-38C92839,chat_open,/billing,Kiosk,Financial Services,40,38.8,0,2026-03-13T21:28:21
CONT-185B5175,SESS-C41E9085,search,/faq,Kiosk,Travel,152,4.3,0,2026-03-23T00:46:12
CONT-DB46BCA4,SESS-F833D0ED,form_submit,/orders,IVR,Travel,15,48.5,0,2026-03-17T02:21:28
CONT-32180164,SESS-72E0506A,button_click,/home,Mobile App,Travel,106,34.1,0,2026-03-14T15:36:21
CONT-8A6FF16D,SESS-715B6D60,search,/billing,IVR,Technology,148,43.0,0,2026-04-03T04:39:06
CONT-6F602111,SESS-0C96B9FD,chat_close,/support,Kiosk,Healthcare,14,7.0,0,2026-03-25T00:13:03
CONT-A1E60FE1,SESS-C48CE387,chat_close,/home,Mobile App,Healthcare,7,12.6,0,2026-04-01T03:20:57
CONT-BC1B4440,SESS-2A42BC5C,form_submit,/orders,Web,Financial Services,44,0.4,0,2026-04-02T10:14:06
CONT-714B777A,SESS-D0FFB8DA,button_click,/home,Partner API,Travel,19,92.4,0,2026-03-13T01:42:26
CONT-18370923,SESS-DD7CB5E3,page_view,/faq,Mobile App,Travel,214,86.5,0,2026-03-15T02:28:21
CONT-BA545D17,SESS-6899230F,search,/faq,IVR,Retail,34,12.1,0,2026-03-31T08:00:48
CONT-C5CE4A93,SESS-62049898,button_click,/checkout,Mobile App,Technology,14,65.2,0,2026-03-25T22:18:29
CONT-2AF5C2BA,SESS-AA7A5011,page_view,/settings,Web,Retail,10,44.3,0,2026-03-11T00:38:13
CONT-6B14E616,SESS-FE173ACA,page_view,/home,Mobile App,Healthcare,98,14.1,0,2026-03-21T07:56:12
CONT-736074C9,SESS-7CD0027D,form_submit,/faq,Mobile App,Retail,18,34.9,0,2026-03-30T11:14:05
CONT-490E87AE,SESS-A703D9C8,chat_close,/faq,IVR,Retail,34,75.7,0,2026-03-27T17:42:58
CONT-A9EA41E2,SESS-6E5D87AC,chat_close,/settings,Partner API,Technology,86,10.8,0,2026-03-24T16:58:53
CONT-31FC9B33,SESS-76A4858D,chat_open,/orders,Kiosk,Technology,20,40.3,0,2026-03-29T02:24:54
CONT-A5F604BF,SESS-55EF8A69,form_submit,/home,Partner API,Travel,31,72.3,0,2026-03-25T07:58:05
CONT-3BDFDB0C,SESS-F8A6BADB,button_click,/support,Kiosk,Healthcare,32,1.6,0,2026-04-05T20:31:08
CONT-6F6B633F,SESS-E7ADA0E8,form_submit,/billing,Mobile App,Healthcare,65,94.5,0,2026-03-25T10:34:16
CONT-5B2120A3,SESS-C353F656,chat_close,/checkout,Mobile App,Technology,59,62.4,0,2026-03-15T20:23:37
CONT-3EBF5882,SESS-734AD194,page_view,/settings,Web,Healthcare,26,24.4,0,2026-03-07T15:28:42
CONT-080519AF,SESS-188035AF,page_view,/checkout,Kiosk,Technology,35,67.2,0,2026-03-27T10:53:20
CONT-EA0A873F,SESS-61A98889,page_view,/checkout,IVR,Travel,22,11.4,0,2026-03-22T23:01:30
CONT-A6274E80,SESS-E5B1D567,chat_close,/account,Web,Retail,7,39.7,0,2026-03-14T08:23:04
CONT-63EB78AA,SESS-83EAED20,page_view,/home,Partner API,Retail,42,13.5,0,2026-03-23T22:12:20
CONT-DA09AC79,SESS-653A446B,chat_open,/support,Kiosk,Technology,219,91.0,0,2026-04-05T00:34:22
CONT-935549D7,SESS-DF13A028,chat_open,/support,Mobile App,Healthcare,13,28.9,0,2026-03-31T07:00:03
CONT-6F6B633F,SESS-349E69F6,button_click,/checkout,IVR,Retail,15,60.0,0,2026-03-12T05:35:33
CONT-9B2A90BF,SESS-4693632F,chat_open,/orders,IVR,Travel,13,9.1,0,2026-03-19T05:46:30
CONT-90BCBC94,SESS-B57759B2,button_click,/contact,IVR,Technology,68,85.3,0,2026-03-18T15:41:46
CONT-602308F1,SESS-7061F1CA,button_click,/home,Mobile App,Retail,51,94.2,0,2026-03-31T00:32:53
CONT-497318FB,SESS-B18044CE,button_click,/orders,IVR,Healthcare,28,14.6,0,2026-04-01T04:02:07
CONT-0FAF2198,SESS-B18D769B,form_submit,/orders,Partner API,Healthcare,13,26.4,0,2026-04-04T18:00:54
CONT-0CF81F26,SESS-4CBD4A97,chat_close,/faq,Mobile App,Healthcare,36,0.3,0,2026-03-08T16:03:31
CONT-AB86ED14,SESS-4634C1D6,chat_close,/billing,Web,Travel,6,39.1,0,2026-03-09T09:49:21
CONT-21D47505,SESS-B456A403,form_submit,/orders,Web,Healthcare,38,8.6,0,2026-03-08T04:03:51
CONT-657E3D2F,SESS-C052F70E,form_submit,/products,Mobile App,Financial Services,79,49.6,0,2026-03-12T13:27:02
CONT-D882D7CC,SESS-9485FB0F,chat_close,/support,Web,Financial Services,9,98.8,0,2026-03-22T13:08:22
CONT-3FA93B9B,SESS-E26CAA41,chat_close,/support,IVR,Travel,7,71.3,0,2026-03-16T17:55:00
CONT-3E33FF27,SESS-419AF6D2,page_view,/account,Web,Retail,160,72.2,0,2026-04-04T14:37:21
CONT-FFF34D05,SESS-DE109AB7,chat_open,/settings,Partner API,Financial Services,17,6.6,0,2026-03-28T12:33:37
CONT-15B354A7,SESS-A2A2E722,page_view,/home,Kiosk,Travel,103,96.7,0,2026-03-15T10:07:50
CONT-3CA51706,SESS-ADA111A7,chat_close,/support,Kiosk,Healthcare,28,6.4,0,2026-04-02T09:31:14
CONT-D0780970,SESS-FCFE007C,button_click,/settings,Web,Travel,28,74.0,0,2026-03-09T09:31:08
CONT-728BBFB3,SESS-B19400DD,chat_close,/support,IVR,Technology,51,42.5,0,2026-03-18T18:27:53
CONT-27603415,SESS-30FE60A0,search,/orders,Mobile App,Travel,13,91.6,0,2026-03-08T04:48:55
CONT-FE6B157D,SESS-F4A46866,page_view,/billing,Mobile App,Technology,37,52.0,0,2026-03-23T22:22:11
CONT-319ADD31,SESS-629F953D,chat_open,/products,IVR,Healthcare,22,76.9,0,2026-03-07T04:21:51
CONT-C20D74A5,SESS-07EBE1ED,form_submit,/support,Web,Retail,8,3.6,0,2026-03-23T22:26:29
CONT-D0EF20A0,SESS-1E448041,chat_open,/support,Mobile App,Retail,46,86.2,0,2026-03-28T00:04:27
CONT-6EB81032,SESS-B77D98C7,button_click,/settings,IVR,Travel,25,50.4,0,2026-03-13T18:32:19
CONT-185B5175,SESS-4575F1AC,chat_open,/settings,Web,Healthcare,28,14.0,0,2026-03-27T11:53:16
CONT-265CD145,SESS-2E942419,button_click,/faq,IVR,Healthcare,9,64.8,0,2026-03-12T00:59:20
CONT-4323AE44,SESS-46915D39,search,/orders,IVR,Retail,162,50.9,0,2026-03-30T05:44:41
CONT-1BBAEDE5,SESS-107CF6F4,button_click,/contact,Partner API,Financial Services,79,40.9,0,2026-03-18T11:10:42
CONT-F12211E6,SESS-69F6E13D,chat_open,/contact,Kiosk,Retail,86,8.8,0,2026-03-26T05:58:12
CONT-D32A51F4,SESS-77B1C583,chat_close,/billing,IVR,Technology,24,17.2,0,2026-03-14T17:08:59
CONT-2363988C,SESS-3337FB67,search,/orders,IVR,Technology,5,51.5,0,2026-03-31T23:52:37
CONT-09835C82,SESS-0A733806,chat_open,/support,IVR,Technology,233,8.6,0,2026-03-26T04:24:37
CONT-96FFFFA8,SESS-E46392E6,form_submit,/billing,Mobile App,Travel,31,91.7,0,2026-04-05T05:38:40
CONT-884BD54C,SESS-6A6A7E09,chat_close,/contact,Partner API,Retail,15,46.4,0,2026-04-04T04:39:28
CONT-A21053E1,SESS-2AE7AE10,button_click,/checkout,Partner API,Travel,50,10.6,0,2026-03-22T16:51:24
CONT-C25D0DD5,SESS-B62CA5F4,chat_open,/faq,IVR,Technology,106,15.2,0,2026-03-22T15:59:29
CONT-E6393BBB,SESS-10A21E33,search,/orders,Kiosk,Retail,32,54.9,0,2026-03-16T02:59:25
CONT-8BE73F23,SESS-A047E5CB,form_submit,/contact,Web,Healthcare,118,2.9,0,2026-03-10T12:23:54
CONT-AEDC3E06,SESS-09C2092A,form_submit,/account,IVR,Retail,97,89.2,0,2026-03-25T19:30:25
CONT-2986C445,SESS-9787E77E,search,/contact,Partner API,Financial Services,11,57.2,0,2026-03-13T18:02:03
CONT-ADC16D59,SESS-D1915EF2,form_submit,/orders,Kiosk,Retail,16,53.4,0,2026-03-28T10:16:10
CONT-CC8882A8,SESS-28523E8A,chat_close,/account,Kiosk,Travel,86,42.9,0,2026-03-09T17:20:26
CONT-5BDFD29F,SESS-15137DD8,chat_close,/checkout,Web,Retail,2,71.8,0,2026-03-15T21:57:03
CONT-0292D77C,SESS-F4F009DC,form_submit,/settings,Mobile App,Travel,28,94.8,0,2026-04-03T05:49:11
CONT-002CB4CC,SESS-299E9FA0,search,/checkout,IVR,Retail,7,62.6,0,2026-03-07T19:24:38
CONT-769FEF69,SESS-D681D902,button_click,/settings,Mobile App,Retail,20,12.3,0,2026-03-14T06:40:33
CONT-29D0E066,SESS-004F758F,chat_close,/home,Web,Travel,24,39.1,0,2026-03-08T18:05:35
CONT-554E9FDC,SESS-9C7028C0,form_submit,/billing,Partner API,Retail,23,40.2,0,2026-04-05T03:53:50
CONT-1F94FF23,SESS-B449C0FC,button_click,/billing,Mobile App,Financial Services,19,85.1,0,2026-03-26T19:26:27
CONT-AAC180BE,SESS-62272110,button_click,/account,Partner API,Retail,11,38.4,0,2026-03-09T00:45:22
CONT-BD3FC893,SESS-8D6D4312,search,/support,Web,Financial Services,327,81.2,0,2026-03-15T09:16:52
CONT-E6FF5900,SESS-BD8A9C7E,chat_close,/orders,Mobile App,Healthcare,214,70.2,0,2026-04-03T21:00:43
CONT-22A8C560,SESS-EE6E13CD,form_submit,/support,IVR,Healthcare,10,99.4,0,2026-03-22T20:33:12
CONT-4A23F421,SESS-1290128E,chat_close,/account,Kiosk,Healthcare,161,39.1,0,2026-04-05T00:12:34
CONT-D62C8781,SESS-9F927BA1,search,/faq,Kiosk,Retail,22,72.0,0,2026-04-02T08:20:59
CONT-70FE4424,SESS-D421A92C,button_click,/checkout,Kiosk,Healthcare,37,94.0,0,2026-03-17T15:00:06
CONT-6486F97A,SESS-E82FE7A0,form_submit,/account,Kiosk,Technology,31,65.5,0,2026-04-02T15:35:59
CONT-D062AB51,SESS-5B677179,chat_close,/orders,Kiosk,Travel,17,19.9,0,2026-03-19T23:51:20
CONT-5129B72E,SESS-F681BC9C,button_click,/products,Partner API,Financial Services,88,66.1,0,2026-03-24T03:28:37
CONT-E6A47DE9,SESS-095190E4,chat_open,/orders,Mobile App,Technology,37,83.2,0,2026-03-17T11:27:54
CONT-F23E54AC,SESS-CB8AED1B,search,/products,Partner API,Healthcare,20,24.0,0,2026-03-08T10:08:06
CONT-1D79530C,SESS-D174B44F,chat_close,/faq,IVR,Healthcare,8,52.5,0,2026-03-07T05:19:50
CONT-C56A12D8,SESS-33E2F77A,chat_open,/products,Mobile App,Financial Services,13,77.3,0,2026-03-26T19:57:08
CONT-9C018372,SESS-3557AA21,chat_open,/contact,Mobile App,Healthcare,6,30.1,0,2026-03-27T21:42:46
CONT-F695E502,SESS-225842EE,chat_close,/checkout,Partner API,Retail,33,35.6,0,2026-03-21T20:03:05
CONT-01CA0926,SESS-642FC60C,page_view,/checkout,Web,Travel,10,17.5,0,2026-03-20T01:34:14
CONT-256315E2,SESS-CBF6D7E2,search,/billing,Web,Retail,25,45.8,0,2026-03-20T14:38:52
CONT-704B803F,SESS-3761C544,chat_open,/support,Partner API,Retail,130,69.7,0,2026-03-28T16:36:08
CONT-839679A3,SESS-59DA0889,chat_close,/faq,Mobile App,Travel,109,31.5,0,2026-03-23T18:22:23
CONT-8CD6244E,SESS-627727CD,chat_close,/home,Mobile App,Travel,32,92.5,0,2026-03-10T01:54:28
CONT-CA5C704C,SESS-41EC1BD3,button_click,/checkout,Partner API,Healthcare,30,11.0,0,2026-03-08T20:47:57
CONT-8D621CB8,SESS-843AFFA3,button_click,/home,Kiosk,Healthcare,216,2.3,0,2026-03-15T23:31:50
CONT-ABFB3C50,SESS-695E3666,page_view,/products,Mobile App,Healthcare,55,22.7,0,2026-03-10T03:24:58
CONT-37E3F8B7,SESS-AA0A6BFA,search,/settings,Kiosk,Financial Services,23,82.4,0,2026-03-30T20:36:18
CONT-BD9E1DBC,SESS-A23A58D9,form_submit,/support,Web,Retail,7,11.2,0,2026-03-18T14:27:21
CONT-9A7EA3D4,SESS-ADD723DD,form_submit,/settings,Web,Healthcare,49,99.4,0,2026-03-15T02:25:02
CONT-256315E2,SESS-B5A0530C,form_submit,/billing,IVR,Healthcare,75,14.9,0,2026-03-28T01:47:57
CONT-F2B1A7A3,SESS-2D7C5E58,chat_close,/orders,Mobile App,Healthcare,17,11.1,0,2026-03-09T11:33:01
CONT-43AE61CE,SESS-7CB0CA69,form_submit,/faq,Mobile App,Travel,44,19.2,0,2026-03-23T23:53:34
CONT-9A038902,SESS-BF40A96E,form_submit,/checkout,Web,Healthcare,23,63.2,0,2026-03-27T22:36:16
CONT-9494C3A4,SESS-3268058B,chat_open,/account,Partner API,Financial Services,27,32.4,0,2026-03-10T19:20:01
CONT-5960E683,SESS-C2DA27C8,chat_close,/products,Kiosk,Healthcare,2,31.3,0,2026-03-17T16:13:29
CONT-3D23FAD7,SESS-76166979,search,/home,IVR,Financial Services,26,47.4,0,2026-04-02T09:35:30
CONT-D5B41AB6,SESS-E73DA3EF,page_view,/orders,IVR,Financial Services,87,24.7,0,2026-03-19T03:28:50
CONT-32582483,SESS-7A20C992,page_view,/billing,Web,Healthcare,17,83.0,0,2026-03-25T04:23:04
CONT-62991E9E,SESS-B0CA34BA,chat_close,/billing,IVR,Healthcare,34,88.3,0,2026-03-15T10:29:29
CONT-CDF0FCC7,SESS-783052A4,search,/home,Partner API,Healthcare,15,52.6,0,2026-03-31T19:32:57
CONT-90751BFA,SESS-94D80915,chat_close,/faq,IVR,Financial Services,47,1.4,0,2026-03-09T20:59:07
CONT-7780221F,SESS-0FE74399,chat_open,/support,Web,Travel,26,83.2,0,2026-03-18T16:12:05
CONT-E92AB986,SESS-32F1582D,button_click,/settings,Partner API,Healthcare,12,95.0,0,2026-03-28T03:46:29
CONT-910445EA,SESS-849D31FD,search,/home,Kiosk,Healthcare,125,3.2,0,2026-03-23T00:23:47
CONT-665B4B00,SESS-7103B2FF,chat_open,/settings,Partner API,Financial Services,83,91.8,0,2026-03-13T01:41:07
CONT-ECA6FD72,SESS-FF127BD9,chat_close,/orders,IVR,Financial Services,18,67.7,0,2026-03-11T20:27:35
CONT-BEE0A158,SESS-FFC77CF8,button_click,/products,Mobile App,Travel,54,92.0,0,2026-04-01T18:11:06
CONT-E7706C67,SESS-21886BB7,form_submit,/contact,Kiosk,Retail,56,65.8,0,2026-03-14T09:23:18
CONT-518A493E,SESS-BB8EC473,button_click,/checkout,Partner API,Financial Services,62,40.1,0,2026-03-24T18:43:58
CONT-3D525731,SESS-44A11B27,chat_close,/billing,Partner API,Financial Services,6,78.5,0,2026-03-18T12:45:41
CONT-9EEF5E12,SESS-BF822EE1,button_click,/products,Mobile App,Technology,90,36.2,0,2026-03-25T00:20:45
CONT-7E17166F,SESS-B4B52BE9,search,/faq,Mobile App,Travel,18,61.0,0,2026-03-12T08:23:28
CONT-38ECF189,SESS-9F907CBE,form_submit,/products,Partner API,Retail,23,74.8,0,2026-03-19T13:28:41
CONT-D0D12F5C,SESS-E2F23D05,page_view,/contact,Mobile App,Healthcare,463,24.9,0,2026-04-05T20:34:12
CONT-68EE0AE5,SESS-188BC893,button_click,/account,Web,Financial Services,44,66.4,0,2026-04-04T09:52:20
CONT-BA545D17,SESS-0B9E5560,search,/account,Web,Healthcare,22,1.6,0,2026-03-14T03:21:27
CONT-6568AEF1,SESS-18D30370,chat_open,/account,IVR,Travel,3,12.7,0,2026-03-23T11:48:59
CONT-871D5E66,SESS-6C5AAA31,page_view,/faq,Mobile App,Financial Services,132,50.9,0,2026-03-27T17:54:40
CONT-5CF309F5,SESS-BE48FC90,chat_close,/settings,Web,Retail,8,73.1,0,2026-03-30T17:55:35
CONT-1880E6F7,SESS-E6484880,chat_open,/billing,Mobile App,Retail,12,59.4,0,2026-03-18T22:49:37
CONT-FC875612,SESS-DEE1D38E,chat_open,/account,Kiosk,Technology,23,21.8,0,2026-03-29T08:31:56
CONT-29278F54,SESS-316F5EF3,search,/account,Web,Healthcare,136,13.7,0,2026-03-31T22:40:21
CONT-5B2120A3,SESS-E2452F11,search,/faq,Web,Technology,71,64.3,0,2026-03-23T19:25:07
CONT-1BE7106A,SESS-777D9DE5,chat_open,/settings,Web,Healthcare,28,86.3,0,2026-03-09T17:48:13
CONT-6486F97A,SESS-149F98AB,form_submit,/checkout,Web,Retail,45,80.9,0,2026-03-15T14:53:51
CONT-7A62DE92,SESS-36FF7241,button_click,/orders,Partner API,Financial Services,18,56.0,0,2026-04-02T22:33:55
CONT-7A5F5969,SESS-D3510D83,page_view,/support,Kiosk,Healthcare,38,88.0,0,2026-03-15T06:10:55
CONT-2B41D2FA,SESS-42B4A197,form_submit,/contact,IVR,Technology,35,76.1,0,2026-03-09T07:01:40
CONT-AA1D5EBC,SESS-44AF8235,chat_close,/home,Kiosk,Retail,87,60.5,0,2026-03-16T23:40:33
CONT-629DA663,SESS-B829B1AB,search,/faq,Kiosk,Healthcare,87,62.5,0,2026-04-02T01:01:56
CONT-A0E0F962,SESS-E778EFC9,chat_close,/billing,Mobile App,Technology,54,54.2,0,2026-03-11T16:08:56
CONT-B6B960DF,SESS-3AFE8F14,page_view,/support,Partner API,Financial Services,23,44.6,0,2026-03-10T11:30:09
CONT-C7265A99,SESS-6211D45C,form_submit,/account,Mobile App,Financial Services,69,28.1,0,2026-03-09T22:01:44
CONT-07E61CF7,SESS-6F8B1C06,chat_open,/products,Mobile App,Financial Services,30,0.3,0,2026-03-18T09:49:11
CONT-3DA2E5AD,SESS-4996EA5C,chat_close,/contact,Mobile App,Healthcare,11,79.6,0,2026-03-15T10:30:22
CONT-9576B18E,SESS-DBD5B6B7,chat_open,/support,Web,Technology,22,52.3,0,2026-03-26T22:56:12
CONT-02FDE145,SESS-03388922,search,/home,Mobile App,Travel,36,56.5,0,2026-03-11T04:08:35
CONT-1B281196,SESS-FDA6C2BA,chat_close,/faq,Mobile App,Technology,82,60.0,0,2026-03-29T14:45:44
CONT-9835F24D,SESS-2ACF73D3,chat_open,/settings,Kiosk,Technology,27,42.8,0,2026-03-15T22:35:37
CONT-3D525731,SESS-96917C22,page_view,/home,Kiosk,Financial Services,9,8.1,0,2026-03-11T20:11:09
CONT-2F3DC9A4,SESS-36872562,page_view,/faq,Web,Technology,35,11.4,0,2026-03-18T17:18:10
CONT-ED212692,SESS-C75F3B1F,chat_open,/checkout,Web,Travel,37,83.8,0,2026-03-22T13:34:25
CONT-A4DF0F4C,SESS-3C768100,button_click,/support,IVR,Retail,39,52.9,0,2026-03-10T22:17:12
CONT-6D74AAE3,SESS-66CF508A,page_view,/settings,Web,Travel,83,26.5,0,2026-03-21T18:06:24
CONT-2089C7FB,SESS-09F7674A,form_submit,/checkout,IVR,Travel,91,47.3,0,2026-04-05T22:39:54
CONT-F7387CDA,SESS-AA7DF8AD,form_submit,/checkout,IVR,Retail,18,60.0,0,2026-03-29T00:23:18
CONT-8F0A65D1,SESS-B1FBE877,search,/account,Mobile App,Technology,17,44.6,0,2026-03-12T15:31:59
CONT-BA048F67,SESS-50B03693,chat_close,/contact,Partner API,Technology,11,75.0,0,2026-03-27T15:55:35
CONT-8FB56654,SESS-3FDEACC5,chat_open,/checkout,IVR,Retail,66,13.4,0,2026-03-26T12:02:36
CONT-6D74AAE3,SESS-C6B26643,search,/faq,Partner API,Financial Services,141,94.0,0,2026-03-25T01:42:31
CONT-9175AA3E,SESS-874FF4C6,search,/support,IVR,Retail,24,19.6,0,2026-04-01T11:22:53
CONT-FDE4A093,SESS-17D3CD93,chat_close,/products,Web,Financial Services,26,72.9,0,2026-03-17T13:18:26
CONT-94BD3247,SESS-16E02AB8,chat_close,/products,IVR,Retail,143,30.2,0,2026-03-25T23:31:38
CONT-96A71475,SESS-71EDFE55,button_click,/faq,IVR,Financial Services,54,72.8,0,2026-03-07T00:59:18
CONT-835F0F56,SESS-6169BF97,chat_close,/account,Web,Technology,51,41.6,0,2026-03-11T16:44:10
CONT-35A8B086,SESS-256CBA63,form_submit,/billing,Web,Healthcare,10,18.6,0,2026-03-31T19:46:33
CONT-496FF778,SESS-77F3A69A,page_view,/settings,IVR,Travel,65,73.7,0,2026-03-17T01:24:57
CONT-194BEE5A,SESS-726A3C19,form_submit,/faq,Web,Healthcare,13,38.8,0,2026-03-25T07:21:44
CONT-262858D2,SESS-E9CD621B,chat_open,/orders,Partner API,Travel,10,90.2,0,2026-03-08T01:27:14
CONT-BA5D06EA,SESS-DC5B42AB,search,/contact,Partner API,Financial Services,23,0.3,0,2026-03-20T12:14:51
CONT-B017D2F9,SESS-1F0AEA4E,button_click,/faq,Partner API,Financial Services,18,40.2,0,2026-03-18T00:29:22
CONT-889AAA21,SESS-D9071875,page_view,/checkout,Partner API,Financial Services,26,74.7,0,2026-03-14T00:53:55
CONT-31169D6C,SESS-6F44F8F9,chat_close,/settings,Web,Financial Services,7,48.3,0,2026-03-09T19:10:06
CONT-57E16415,SESS-B0F0ED8D,form_submit,/settings,Mobile App,Healthcare,86,6.4,0,2026-03-19T19:50:29
CONT-EA0A873F,SESS-84C5C84B,search,/billing,Partner API,Retail,102,8.2,0,2026-03-28T22:13:30
CONT-D0DBD1BB,SESS-1703E0BA,button_click,/contact,Mobile App,Healthcare,4,48.0,0,2026-04-01T04:12:20
CONT-04979491,SESS-F059C155,page_view,/account,Partner API,Retail,88,44.6,0,2026-04-04T07:41:50
CONT-598FA4DE,SESS-DF253A47,search,/home,IVR,Healthcare,14,67.7,0,2026-04-01T12:37:30
CONT-7A5F5969,SESS-CD9FC6CC,chat_close,/contact,Kiosk,Travel,78,47.7,0,2026-03-20T19:53:07
CONT-55F7670F,SESS-A34CBD07,chat_open,/faq,Partner API,Travel,30,5.7,0,2026-03-14T19:50:47
CONT-20F00A8D,SESS-C596E96B,button_click,/account,IVR,Retail,34,11.0,0,2026-04-02T12:28:06
CONT-C37C711F,SESS-C400ABB7,search,/checkout,IVR,Healthcare,27,51.7,0,2026-03-11T14:35:26
CONT-19031451,SESS-8FF0D9EC,chat_open,/contact,Web,Retail,111,43.3,0,2026-03-30T21:49:21
CONT-767C1488,SESS-AF8DD84A,chat_close,/checkout,IVR,Financial Services,9,9.5,0,2026-03-26T19:16:41
CONT-FADE8397,SESS-99B521A7,page_view,/billing,Partner API,Technology,60,98.1,0,2026-03-24T19:01:50
CONT-66871CBA,SESS-6F0DF893,form_submit,/faq,Mobile App,Technology,99,10.3,0,2026-04-04T23:11:11
CONT-4C75F569,SESS-25A38EBC,chat_open,/orders,Mobile App,Technology,67,91.4,0,2026-03-31T14:50:01
CONT-D8ED533B,SESS-B5E4E048,page_view,/settings,Mobile App,Travel,338,85.3,0,2026-04-04T15:22:24
CONT-6D0C4610,SESS-47193770,chat_open,/settings,Web,Technology,19,53.0,0,2026-03-15T02:12:27
CONT-8B2C0227,SESS-5B2BAEAC,page_view,/account,Mobile App,Retail,86,50.0,0,2026-03-27T16:20:50
CONT-2B38C0C5,SESS-491C9CE8,form_submit,/support,Mobile App,Retail,29,38.9,0,2026-03-16T10:34:26
CONT-CA5C704C,SESS-E8D17B57,page_view,/support,Web,Technology,113,61.4,0,2026-04-01T13:51:49
CONT-3934ABB8,SESS-375CA70A,form_submit,/settings,Web,Retail,32,31.0,0,2026-04-05T05:26:26
CONT-B3D4D005,SESS-F961C8FD,page_view,/support,IVR,Financial Services,22,60.1,0,2026-03-21T08:41:39
CONT-834B0D71,SESS-39FA6AEF,chat_open,/checkout,Partner API,Financial Services,122,34.2,0,2026-03-27T10:36:52
CONT-7C8F053F,SESS-91FD43EA,button_click,/settings,Partner API,Travel,20,75.9,0,2026-03-13T00:04:37
CONT-B00512C0,SESS-7097D0C5,search,/products,Mobile App,Travel,8,63.2,0,2026-03-14T01:31:10
CONT-181EBE73,SESS-FB9C113B,form_submit,/account,IVR,Healthcare,19,7.0,0,2026-04-05T03:16:56
CONT-D98272A5,SESS-24A17871,chat_close,/billing,Kiosk,Travel,61,88.1,0,2026-03-10T05:47:28
CONT-072C6F63,SESS-B43FE96B,chat_close,/products,IVR,Technology,133,89.8,0,2026-03-12T03:50:28
CONT-6E938C72,SESS-D62EC329,chat_close,/billing,Mobile App,Technology,37,81.1,0,2026-03-12T21:34:27
CONT-CDEEF082,SESS-3056E70D,chat_open,/orders,Mobile App,Travel,123,59.8,0,2026-03-24T09:06:32
CONT-2DB4BB1A,SESS-010154BD,page_view,/support,Partner API,Healthcare,8,31.8,0,2026-03-11T13:18:12
CONT-8F2DD05C,SESS-9A592123,search,/support,Web,Travel,21,24.2,0,2026-03-29T19:55:53
CONT-1189D1E8,SESS-D322E7D1,search,/contact,Kiosk,Travel,24,4.6,0,2026-04-04T12:04:17
CONT-E60A79C7,SESS-57FA1CE4,chat_close,/products,Kiosk,Travel,29,53.8,0,2026-03-13T13:59:55
CONT-BB043483,SESS-3DC739C7,form_submit,/home,Partner API,Travel,36,60.5,0,2026-03-15T12:52:14
CONT-AF124F1F,SESS-32E6F9D2,page_view,/faq,IVR,Financial Services,66,32.9,0,2026-03-11T12:17:30
CONT-65B79BE2,SESS-8C16AA42,search,/contact,Web,Retail,21,87.7,0,2026-03-17T11:24:59
CONT-9EA271CE,SESS-277A4662,search,/support,IVR,Technology,38,2.9,0,2026-03-13T14:33:03
CONT-365EEFE0,SESS-FF01C68E,search,/support,Kiosk,Retail,31,70.6,0,2026-03-15T18:01:03
CONT-CF5FAE4C,SESS-815F5D21,button_click,/billing,Mobile App,Healthcare,13,9.4,0,2026-04-05T22:32:30
CONT-3F13EAB9,SESS-28244B93,chat_close,/support,Web,Technology,29,67.4,0,2026-03-18T22:11:01
CONT-D23F120B,SESS-1461870C,chat_close,/support,IVR,Healthcare,28,30.9,0,2026-03-07T16:47:45
CONT-3C5083D3,SESS-6CD5F169,chat_open,/account,Kiosk,Healthcare,28,26.8,0,2026-03-21T09:29:00
CONT-E137141B,SESS-DECDC013,chat_open,/products,Mobile App,Retail,34,15.7,0,2026-03-20T13:39:12
CONT-A517303A,SESS-498B1BB6,form_submit,/home,Partner API,Healthcare,35,43.9,0,2026-03-24T00:59:17
CONT-F88F4B73,SESS-40C3C0D4,page_view,/account,Partner API,Technology,21,65.7,0,2026-03-23T07:53:28
CONT-E7B491D1,SESS-7BC6D76E,form_submit,/home,Partner API,Travel,118,28.5,0,2026-03-21T23:55:43
CONT-4A23F421,SESS-3E911B2A,form_submit,/support,Partner API,Travel,10,62.0,0,2026-03-10T03:40:35
CONT-04979491,SESS-D971108A,search,/home,Kiosk,Healthcare,16,83.1,0,2026-03-13T12:23:42
CONT-F96EB733,SESS-CF1112A2,form_submit,/account,Partner API,Retail,533,50.9,0,2026-03-15T16:38:50
CONT-32582483,SESS-B3E558CC,page_view,/account,Web,Financial Services,11,31.8,0,2026-03-22T12:16:24
CONT-DA4E67F3,SESS-46BF7205,form_submit,/billing,Partner API,Travel,8,99.0,0,2026-03-08T17:02:56
CONT-54EB4EBA,SESS-70A31061,button_click,/support,IVR,Technology,69,71.1,0,2026-03-28T00:13:40
CONT-97271946,SESS-8FFB257D,chat_close,/orders,Partner API,Financial Services,4,77.5,0,2026-04-03T15:55:13
CONT-E18E39B1,SESS-34B3427F,button_click,/support,Partner API,Technology,26,9.3,0,2026-03-19T03:19:38
CONT-7D57B823,SESS-7D1AA2C3,page_view,/contact,Mobile App,Travel,283,67.7,0,2026-03-18T04:32:47
CONT-90751BFA,SESS-A118F854,form_submit,/billing,Kiosk,Financial Services,7,29.4,0,2026-03-25T09:02:19
CONT-C43D01C8,SESS-913EF099,chat_close,/billing,Partner API,Financial Services,4,27.0,0,2026-03-16T06:53:55
CONT-8FD213EE,SESS-5301699D,form_submit,/contact,Partner API,Travel,7,23.0,0,2026-03-18T13:26:29
CONT-10D3F9C8,SESS-15BE9ABA,button_click,/faq,Kiosk,Retail,81,93.9,0,2026-04-01T13:46:41
CONT-96A71475,SESS-3C1DE265,search,/settings,Kiosk,Retail,101,50.8,0,2026-03-24T13:43:37
CONT-3E33FF27,SESS-E629F7CB,form_submit,/billing,Kiosk,Financial Services,19,72.7,0,2026-03-15T13:44:53
CONT-57E16415,SESS-320C50B0,chat_open,/billing,Partner API,Healthcare,65,34.4,0,2026-03-28T20:00:58
CONT-ED212692,SESS-314B83B2,button_click,/checkout,Web,Travel,132,86.2,0,2026-03-14T22:00:45
CONT-606E0745,SESS-DAE62C0F,chat_open,/contact,Partner API,Healthcare,197,60.9,0,2026-03-30T06:46:45
CONT-CDEA3958,SESS-68C74CB5,chat_close,/home,Mobile App,Travel,25,42.7,0,2026-04-05T08:56:00
CONT-48AC8B47,SESS-53523D5B,search,/products,Kiosk,Financial Services,3,32.3,0,2026-03-11T15:59:42
CONT-F0ED30DA,SESS-BDCD5B4F,search,/orders,Kiosk,Retail,14,25.9,0,2026-03-13T01:10:13
CONT-DD8B7F02,SESS-B384BF1D,chat_open,/contact,Mobile App,Retail,21,3.8,0,2026-04-04T17:38:03
CONT-BDD6040E,SESS-6AC97617,chat_open,/checkout,Kiosk,Financial Services,25,55.0,0,2026-03-29T02:29:49
CONT-01AB0A6A,SESS-7E70D30E,form_submit,/products,Partner API,Technology,27,66.7,0,2026-04-01T01:35:07
CONT-04E64420,SESS-3A342CCF,search,/faq,Partner API,Travel,101,61.1,0,2026-03-19T12:50:28
CONT-0474C5BC,SESS-15BC5D30,page_view,/orders,Web,Technology,118,70.0,0,2026-03-08T01:55:19
CONT-45FBCE6B,SESS-D44FBDF9,search,/settings,Web,Retail,27,84.6,0,2026-03-28T09:00:13
CONT-319DF779,SESS-A6BBDF5A,page_view,/home,Mobile App,Travel,99,26.1,0,2026-03-28T17:59:37
CONT-22FA5A5B,SESS-6628BE27,form_submit,/orders,IVR,Healthcare,47,41.9,0,2026-03-22T19:34:32
CONT-E5216386,SESS-E773D3C8,chat_close,/checkout,Web,Travel,35,72.8,0,2026-03-27T12:06:19
CONT-948EE7A5,SESS-A47BDCE7,chat_close,/account,IVR,Technology,81,66.2,0,2026-03-19T15:48:24
CONT-331E14F4,SESS-12DB611B,chat_close,/billing,Mobile App,Healthcare,35,69.4,0,2026-03-24T20:40:41
CONT-33857482,SESS-30E7E284,chat_close,/orders,Partner API,Travel,259,32.8,0,2026-03-20T12:10:18
CONT-65BAB8FB,SESS-CC7E6948,page_view,/checkout,IVR,Technology,7,85.7,0,2026-04-03T23:48:15
CONT-3AE08BB7,SESS-BA72340B,button_click,/faq,Kiosk,Healthcare,19,4.6,0,2026-03-19T19:55:27
CONT-A33C73B8,SESS-D78BB648,chat_open,/orders,Web,Technology,29,83.1,0,2026-04-02T01:43:10
CONT-9E210C21,SESS-970EB94E,button_click,/checkout,IVR,Retail,51,30.1,0,2026-03-08T14:47:18
CONT-8FDCD574,SESS-9B404EF1,button_click,/checkout,Web,Financial Services,117,53.9,0,2026-03-30T19:28:35
CONT-8F0A65D1,SESS-FD039A11,chat_close,/billing,IVR,Healthcare,32,51.4,0,2026-03-10T11:07:21
CONT-072C6F63,SESS-5F02DC1A,search,/support,Partner API,Healthcare,7,57.3,0,2026-03-26T18:25:36
CONT-E28A51F5,SESS-23134053,chat_open,/home,IVR,Financial Services,76,32.3,0,2026-03-24T00:42:16
CONT-369CF6FD,SESS-3D186ED4,page_view,/account,Web,Retail,70,85.0,0,2026-03-13T20:37:44
CONT-93D66731,SESS-4C4DAA53,chat_open,/settings,IVR,Travel,4,33.3,0,2026-04-05T15:09:20
CONT-1B281196,SESS-9C1D482F,button_click,/home,Kiosk,Travel,32,86.0,0,2026-03-14T03:46:05
CONT-20F00A8D,SESS-CCD6515C,chat_close,/faq,IVR,Healthcare,6,52.4,0,2026-03-30T01:14:17
CONT-C7265A99,SESS-A29FCD05,button_click,/orders,Kiosk,Technology,17,14.7,0,2026-03-16T10:22:45
CONT-098BA589,SESS-F9A9CC10,search,/support,Kiosk,Healthcare,13,68.0,0,2026-03-17T06:09:52
CONT-A1F0B8C2,SESS-B0EB641A,chat_open,/products,IVR,Travel,74,78.1,0,2026-03-25T07:50:33
CONT-098BA589,SESS-7E04FADB,chat_close,/support,Mobile App,Retail,37,53.7,0,2026-03-14T07:23:27
CONT-E2DB8DDF,SESS-2806F07D,button_click,/checkout,IVR,Technology,9,8.9,0,2026-03-09T07:42:39
CONT-12B7C9B2,SESS-F89C874C,button_click,/account,IVR,Healthcare,79,28.0,0,2026-03-24T08:19:02
CONT-F053C0C6,SESS-B2913418,search,/orders,Mobile App,Technology,7,89.0,0,2026-03-25T20:11:50
CONT-A517303A,SESS-C1FEB9F3,search,/faq,Partner API,Healthcare,46,69.7,0,2026-03-31T17:32:27
CONT-4906A94A,SESS-EBD3F087,chat_open,/settings,IVR,Technology,14,26.5,0,2026-03-31T01:38:36
CONT-40D7D510,SESS-14747EB3,form_submit,/settings,Kiosk,Healthcare,22,65.0,0,2026-03-20T20:21:05
CONT-87AF99A7,SESS-FF928E10,chat_open,/checkout,Mobile App,Travel,54,35.4,0,2026-03-16T05:40:00
CONT-F2E421A1,SESS-81F2A6CC,chat_close,/faq,Kiosk,Retail,55,96.2,0,2026-03-18T15:39:02
CONT-553B0D98,SESS-72C94E61,search,/faq,IVR,Travel,126,47.5,0,2026-03-08T05:09:10
CONT-B6A5B671,SESS-E21A652D,button_click,/home,IVR,Technology,30,46.7,0,2026-03-10T21:48:33
CONT-2414CFA3,SESS-9D098FEE,chat_open,/faq,Kiosk,Financial Services,44,29.8,0,2026-03-10T16:34:58
CONT-8EFD3A2F,SESS-FE2BC782,search,/support,Mobile App,Retail,21,62.2,0,2026-03-09T19:47:41
CONT-04306393,SESS-F6E5830E,page_view,/home,Partner API,Healthcare,39,73.8,0,2026-03-26T20:34:03
CONT-E749E83A,SESS-209CAF4D,search,/checkout,Partner API,Financial Services,51,24.2,0,2026-03-21T02:27:45
CONT-E813B055,SESS-4EB762D7,form_submit,/checkout,Mobile App,Travel,30,98.3,0,2026-03-23T04:35:35
CONT-65299E98,SESS-DB90858B,chat_close,/orders,Kiosk,Financial Services,5,34.2,0,2026-03-15T18:03:25
CONT-F3878700,SESS-E4C10A0D,chat_close,/billing,IVR,Technology,46,98.4,0,2026-03-07T15:42:14
CONT-D0053274,SESS-03F251D5,page_view,/products,IVR,Retail,47,85.5,0,2026-04-03T16:49:13
CONT-AB81977E,SESS-DFA198EB,page_view,/account,Web,Financial Services,16,81.5,0,2026-04-04T09:28:28
CONT-0E0F5E0C,SESS-BA7FFEEB,chat_close,/checkout,IVR,Retail,9,7.9,0,2026-04-05T00:33:01
CONT-3B76012F,SESS-0173D9F5,chat_open,/settings,IVR,Healthcare,144,99.4,0,2026-03-11T05:05:13
CONT-83D87BA6,SESS-82C5E8F6,page_view,/checkout,Partner API,Financial Services,54,74.9,0,2026-03-28T17:45:01
CONT-4EB59871,SESS-ABC8D97C,form_submit,/orders,IVR,Retail,26,31.2,0,2026-03-21T20:59:47
CONT-F2008436,SESS-2413BDB8,search,/orders,Web,Travel,10,64.3,0,2026-03-26T19:46:37
CONT-E3C10C4D,SESS-A8239FE6,search,/home,Kiosk,Technology,14,73.3,0,2026-03-26T23:33:32
CONT-4AC27ACA,SESS-D81DBAFE,chat_close,/orders,Partner API,Financial Services,121,70.8,0,2026-03-07T18:26:05
CONT-56653906,SESS-EAF6D128,form_submit,/billing,Kiosk,Technology,38,34.3,0,2026-04-05T03:30:55
CONT-061BD933,SESS-7394E882,form_submit,/home,Partner API,Travel,19,6.8,0,2026-03-14T23:09:24
CONT-F88F4B73,SESS-ABBFA970,button_click,/support,Web,Financial Services,55,57.4,0,2026-03-16T00:37:51
CONT-E10BC48A,SESS-1E86821A,search,/products,Web,Healthcare,14,27.8,0,2026-03-30T08:36:49
CONT-537B8775,SESS-872AC7BE,button_click,/settings,Partner API,Technology,148,17.5,0,2026-03-14T13:14:51
CONT-FAE730B0,SESS-A1B693C3,form_submit,/home,Kiosk,Retail,128,21.6,0,2026-03-11T06:48:22
CONT-AA9D7FE2,SESS-D0DF0EC7,search,/orders,Web,Healthcare,20,48.5,0,2026-03-28T21:31:53
CONT-A6691A45,SESS-824292F9,button_click,/support,Partner API,Travel,17,83.8,0,2026-03-19T07:09:04
CONT-CD505C7F,SESS-38C2DE87,chat_close,/contact,Kiosk,Financial Services,2,26.1,0,2026-03-21T12:37:51
CONT-6D356A4C,SESS-B3A032EC,form_submit,/billing,Web,Financial Services,7,32.7,0,2026-03-19T17:46:58
CONT-B4B26708,SESS-B441E1DF,page_view,/home,Mobile App,Financial Services,8,78.3,0,2026-03-30T08:13:54
CONT-5C81EFA9,SESS-F507C49C,button_click,/checkout,Web,Travel,37,91.6,0,2026-03-26T17:21:32
CONT-8FD7DFD9,SESS-40CE567F,form_submit,/faq,IVR,Healthcare,23,9.6,0,2026-03-11T09:03:31
CONT-B9677E57,SESS-50C1B6FE,form_submit,/account,Partner API,Financial Services,8,0.9,0,2026-03-24T06:00:10
CONT-C75E13B3,SESS-F4B658A2,form_submit,/support,Kiosk,Technology,24,77.2,0,2026-04-01T22:45:04
CONT-79812B6F,SESS-DD081F02,page_view,/checkout,Mobile App,Travel,54,93.6,0,2026-04-02T02:46:26
CONT-A0E105CF,SESS-673C77C9,chat_close,/billing,Web,Technology,56,55.0,0,2026-03-22T21:59:39
CONT-56298904,SESS-A528CC3A,chat_open,/settings,Web,Travel,4,52.3,0,2026-03-10T16:31:07
CONT-A72DEA9D,SESS-04AF5C96,chat_open,/orders,Kiosk,Healthcare,29,80.8,0,2026-03-12T08:51:38
CONT-94AFE11B,SESS-50E9ADBC,search,/checkout,Partner API,Financial Services,8,21.5,0,2026-03-16T23:27:52
CONT-C37C711F,SESS-5709AAAB,page_view,/settings,Mobile App,Healthcare,81,53.2,0,2026-04-03T18:21:28
CONT-18284F5C,SESS-2865569B,chat_open,/home,Web,Financial Services,72,96.1,0,2026-03-10T03:45:58
CONT-6E938C72,SESS-6557536B,form_submit,/orders,Mobile App,Healthcare,13,12.7,0,2026-04-05T10:51:25
CONT-D6E6B0C5,SESS-C288A6C6,button_click,/products,Mobile App,Retail,15,68.9,0,2026-03-24T23:03:09
CONT-63B2BE4A,SESS-10514DEC,search,/support,Web,Travel,20,73.6,0,2026-03-11T22:22:41
CONT-7DD56E05,SESS-9A381000,page_view,/contact,Kiosk,Financial Services,3,47.2,1,2026-03-16T09:05:05
CONT-58C12708,SESS-5FDE5D50,page_view,/account,Kiosk,Technology,46,8.8,0,2026-03-19T02:38:25
CONT-3955B9E5,SESS-4581DBE5,form_submit,/checkout,Kiosk,Financial Services,25,84.9,0,2026-03-10T01:08:04
CONT-B00817CD,SESS-3A00B5F9,button_click,/home,Mobile App,Retail,87,80.8,0,2026-03-21T09:50:06
CONT-F4D37CD8,SESS-706F4A70,search,/faq,Partner API,Retail,11,67.2,0,2026-03-11T20:17:06
CONT-2518AAAA,SESS-323252AE,chat_open,/orders,Kiosk,Travel,17,54.9,0,2026-03-22T04:30:38
CONT-D379A0F0,SESS-96BDAD0D,search,/orders,IVR,Financial Services,7,74.9,0,2026-03-21T19:50:52
CONT-F371D2A0,SESS-19CE14BF,form_submit,/account,Partner API,Financial Services,12,59.8,0,2026-03-11T18:30:18
CONT-5CF309F5,SESS-2011354D,search,/settings,Partner API,Healthcare,10,34.1,0,2026-03-09T16:10:07
CONT-E7B491D1,SESS-1878A899,form_submit,/account,Partner API,Retail,89,2.3,0,2026-03-12T01:54:58
CONT-B368D1F6,SESS-3EAFC218,chat_close,/orders,IVR,Travel,16,9.3,0,2026-03-09T20:35:33
CONT-0E0F5E0C,SESS-CAE975B5,chat_close,/contact,Mobile App,Financial Services,37,66.4,0,2026-03-13T12:07:06
CONT-D5001487,SESS-4CDF96B7,chat_close,/account,IVR,Travel,22,14.1,0,2026-03-31T10:34:15
CONT-8347BAA8,SESS-8B721F5C,button_click,/account,IVR,Healthcare,9,92.8,0,2026-03-26T12:29:25
CONT-A72DEA9D,SESS-D0364FAB,chat_close,/orders,Partner API,Travel,27,77.9,0,2026-03-14T02:06:52
CONT-98742EB8,SESS-4758E0E2,chat_open,/support,Kiosk,Technology,60,57.3,0,2026-03-11T04:36:19
CONT-8CE5BADC,SESS-16DDCF8D,page_view,/home,Kiosk,Travel,9,23.0,0,2026-03-24T01:45:15
CONT-A5017B90,SESS-888877D4,button_click,/billing,Partner API,Technology,74,4.9,0,2026-03-16T18:27:28
CONT-C814CDA6,SESS-77E4D984,button_click,/home,Web,Technology,14,91.3,0,2026-03-19T23:27:49
CONT-3EB1EBBC,SESS-A124AE08,form_submit,/settings,IVR,Financial Services,20,25.4,0,2026-03-16T06:58:03
CONT-B7DAD708,SESS-AAEABDEE,search,/account,Mobile App,Travel,56,35.0,0,2026-03-21T07:58:52
CONT-F4A63367,SESS-5E080A6D,button_click,/home,Kiosk,Travel,17,88.5,0,2026-03-08T02:52:34
CONT-754F61C1,SESS-5E80CA39,button_click,/contact,IVR,Retail,34,80.6,0,2026-03-09T03:10:04
CONT-FD2201CE,SESS-1D0FFD08,chat_open,/home,Mobile App,Financial Services,24,26.2,0,2026-03-27T07:35:54
CONT-593CF676,SESS-1DE6575D,form_submit,/products,IVR,Healthcare,37,45.1,0,2026-03-26T09:01:51
CONT-497318FB,SESS-0FD2F1C2,chat_open,/checkout,Web,Travel,3,2.3,0,2026-03-11T01:12:17
CONT-971B3C92,SESS-8D907167,chat_open,/settings,Partner API,Healthcare,5,43.6,0,2026-03-19T14:26:19
CONT-D203A6BA,SESS-0AD1EA1B,page_view,/account,IVR,Healthcare,61,62.7,0,2026-03-24T04:55:41
CONT-C994F774,SESS-96A135E5,button_click,/support,Partner API,Travel,93,49.2,0,2026-03-31T16:37:50
CONT-3A2871E9,SESS-BE9BEF4A,search,/orders,Kiosk,Technology,13,69.7,0,2026-04-05T18:35:44
CONT-D5B23D08,SESS-B1F66FB9,button_click,/account,Mobile App,Technology,25,65.9,0,2026-03-09T13:07:41
CONT-E7B491D1,SESS-F80F0006,chat_close,/billing,Mobile App,Travel,44,2.3,0,2026-03-11T06:44:31
CONT-0FEE0B1C,SESS-FDB09A01,chat_close,/support,Partner API,Technology,66,0.9,0,2026-03-20T13:34:25
CONT-9C041CC5,SESS-58100FE7,chat_open,/products,IVR,Retail,4,75.4,0,2026-04-05T20:59:29
CONT-9B083394,SESS-F18CA55C,button_click,/contact,Web,Financial Services,13,32.9,0,2026-03-19T10:40:13
CONT-EB05423A,SESS-D572342B,chat_open,/settings,Kiosk,Financial Services,23,56.0,0,2026-04-03T15:33:34
CONT-78707BEF,SESS-7F633154,form_submit,/account,Partner API,Retail,66,26.0,0,2026-04-03T08:21:33
CONT-631FFB92,SESS-85C719F1,page_view,/checkout,Mobile App,Healthcare,402,44.0,0,2026-04-03T05:22:21
CONT-4AA4EEF8,SESS-C56A3773,chat_open,/checkout,Web,Technology,26,47.4,0,2026-03-09T17:35:20
CONT-8804F383,SESS-41B982FE,chat_open,/checkout,Mobile App,Financial Services,8,65.8,0,2026-03-26T02:51:38
CONT-554E9FDC,SESS-F3AA520F,page_view,/contact,Kiosk,Travel,49,75.9,0,2026-03-26T14:42:29
CONT-79812B6F,SESS-9AAAF922,chat_close,/contact,IVR,Healthcare,124,38.0,0,2026-03-14T05:53:18
CONT-7BE930DA,SESS-DEF48D33,button_click,/checkout,Partner API,Financial Services,36,87.3,0,2026-03-14T17:04:26
CONT-CBBEBA86,SESS-2169D240,button_click,/contact,Web,Retail,13,52.7,0,2026-03-14T11:43:43
CONT-989ED7B6,SESS-CEE1DB2F,form_submit,/support,Web,Technology,86,89.8,0,2026-03-31T23:07:55
CONT-20BF38B1,SESS-BBEBDB3E,search,/contact,Kiosk,Technology,64,48.5,0,2026-03-26T21:06:25
CONT-53E40F69,SESS-5C083ADF,search,/contact,Web,Travel,11,94.9,0,2026-03-20T12:31:29
CONT-65BAB8FB,SESS-2301052C,chat_open,/support,IVR,Healthcare,48,73.4,0,2026-04-03T21:22:42
CONT-F371D2A0,SESS-B58E436F,chat_open,/faq,Kiosk,Financial Services,89,7.9,0,2026-03-24T08:25:03
CONT-BB7528BA,SESS-366AF9C7,button_click,/account,IVR,Healthcare,107,89.7,0,2026-03-23T00:11:24
CONT-4454CB0E,SESS-DEF97ED8,chat_close,/billing,Partner API,Travel,30,48.9,0,2026-04-02T02:10:24
CONT-BA9EC941,SESS-A720FDBD,search,/products,Web,Retail,23,70.6,0,2026-03-21T03:11:38
CONT-3CA51706,SESS-619C07E2,search,/billing,IVR,Technology,112,32.3,0,2026-03-12T20:09:36
CONT-87AF99A7,SESS-E687ADD5,chat_close,/account,Partner API,Travel,9,49.3,0,2026-03-19T11:37:37
CONT-F4A63367,SESS-E8C8D3E8,button_click,/products,Partner API,Technology,51,35.6,0,2026-03-22T10:50:19
CONT-278A31ED,SESS-9F26DF45,form_submit,/orders,Kiosk,Retail,8,61.1,0,2026-03-28T09:20:09
CONT-73E7C9A4,SESS-0D7F1DC1,chat_open,/orders,Mobile App,Retail,96,91.4,0,2026-03-09T10:02:41
CONT-58D0CB1E,SESS-5EC40499,button_click,/checkout,Partner API,Financial Services,25,6.1,0,2026-03-12T08:27:32
CONT-065147AC,SESS-CDF93D30,button_click,/home,Web,Healthcare,117,57.6,0,2026-03-14T12:51:37
CONT-A4D2CF5C,SESS-CF8B41B1,form_submit,/billing,Mobile App,Travel,54,28.1,0,2026-04-02T06:50:06
CONT-FB710219,SESS-F8063584,chat_close,/support,Kiosk,Travel,9,16.7,0,2026-03-25T12:33:42
CONT-82AF839B,SESS-4C3404D0,chat_open,/home,Partner API,Travel,137,76.6,0,2026-03-28T03:51:11
CONT-E6A47DE9,SESS-A18E5C1D,chat_close,/home,Web,Travel,156,97.1,0,2026-03-20T07:55:31
CONT-D422F86A,SESS-96A8B295,button_click,/support,Kiosk,Travel,80,0.5,0,2026-03-23T04:43:23
CONT-4D9A6369,SESS-9C2C7F82,button_click,/faq,Mobile App,Healthcare,15,79.5,0,2026-04-01T13:58:49
CONT-6BD4E21D,SESS-0D57D311,search,/faq,Web,Healthcare,24,32.6,0,2026-03-20T05:33:43
CONT-E7B491D1,SESS-32B537E9,page_view,/checkout,Mobile App,Travel,38,15.4,0,2026-03-26T01:49:15
CONT-9494C3A4,SESS-53766FCE,chat_open,/orders,IVR,Healthcare,16,93.1,0,2026-03-26T13:24:47
CONT-7A1A82A1,SESS-E36669A2,chat_close,/billing,IVR,Financial Services,179,4.8,0,2026-03-23T03:41:27
CONT-9835F24D,SESS-2DABAF57,button_click,/orders,Kiosk,Travel,38,57.3,0,2026-03-12T04:45:49
CONT-38146DCC,SESS-4E198580,chat_close,/billing,Partner API,Healthcare,2,40.9,0,2026-03-14T10:54:53
CONT-8310C5F2,SESS-0BF9AC74,chat_open,/checkout,Web,Financial Services,46,98.1,0,2026-03-24T08:25:14
CONT-223BABC6,SESS-4591A8FA,chat_close,/support,Partner API,Financial Services,23,86.1,0,2026-03-31T03:11:43
CONT-CD505C7F,SESS-5644708E,form_submit,/checkout,Partner API,Financial Services,30,8.9,0,2026-03-14T16:54:58
CONT-C099702C,SESS-258804A1,button_click,/orders,Kiosk,Financial Services,22,94.2,0,2026-03-24T23:59:26
CONT-0D716890,SESS-84DBE580,search,/contact,Kiosk,Healthcare,74,74.8,0,2026-03-07T02:56:41
CONT-F2E421A1,SESS-CCD0432C,chat_open,/settings,Web,Technology,101,83.0,0,2026-03-10T23:45:13
CONT-319E9833,SESS-F6793243,chat_open,/settings,Web,Travel,43,50.5,0,2026-03-29T03:22:38
CONT-4013060C,SESS-0E47F13A,form_submit,/checkout,Web,Financial Services,23,57.3,0,2026-03-20T11:07:14
CONT-5E2B6D8E,SESS-11A520D5,page_view,/products,Partner API,Financial Services,31,33.9,0,2026-03-11T20:52:11
CONT-EE656F37,SESS-AC1F6BB4,form_submit,/settings,Partner API,Financial Services,33,52.0,0,2026-03-18T20:54:23
CONT-DF983AF5,SESS-46E4D731,chat_close,/checkout,Partner API,Technology,14,27.2,0,2026-03-28T14:23:39
CONT-F23E54AC,SESS-C2A56066,form_submit,/orders,Kiosk,Travel,59,89.8,0,2026-03-30T08:52:54
CONT-E283D43E,SESS-C8710C61,form_submit,/checkout,Kiosk,Travel,52,26.3,0,2026-03-17T04:57:19
CONT-DB9420CF,SESS-86C95E24,form_submit,/support,IVR,Travel,154,47.1,0,2026-03-30T21:57:16
CONT-73C00490,SESS-B0225327,form_submit,/orders,Partner API,Financial Services,116,95.1,0,2026-03-07T03:06:50
CONT-CC161B00,SESS-80084376,chat_open,/products,Partner API,Retail,16,48.7,0,2026-03-18T16:46:29
CONT-B779D1FC,SESS-B53E4606,page_view,/checkout,Mobile App,Healthcare,75,59.4,0,2026-03-29T15:39:11
CONT-AC6E2C62,SESS-2EB3E8D7,page_view,/home,Web,Retail,12,95.0,0,2026-03-19T05:54:19
CONT-EE9F6789,SESS-5F7AEBC8,search,/support,Kiosk,Travel,66,96.1,0,2026-03-18T16:04:36
CONT-C634179E,SESS-E0D22639,page_view,/products,Partner API,Technology,19,13.3,0,2026-03-24T02:34:22
CONT-9698EB16,SESS-467320DD,search,/contact,Kiosk,Technology,11,25.5,0,2026-03-17T20:06:21
CONT-8C1FF59B,SESS-7487B23B,form_submit,/faq,Kiosk,Retail,43,39.4,0,2026-03-22T23:04:42
CONT-61000F42,SESS-C2AB7F4B,chat_close,/checkout,IVR,Financial Services,2,62.0,0,2026-03-22T05:55:21
CONT-23449A27,SESS-28C741A1,button_click,/billing,Partner API,Healthcare,5,96.7,0,2026-03-23T23:13:05
CONT-8B7D5EC6,SESS-8C3F8723,page_view,/settings,Kiosk,Technology,27,74.7,0,2026-03-21T15:10:13
CONT-66871CBA,SESS-B4C44961,search,/checkout,Partner API,Retail,35,65.4,0,2026-03-26T12:53:25
CONT-DD78E714,SESS-125F75DA,button_click,/contact,Kiosk,Retail,22,77.7,0,2026-03-26T22:19:08
CONT-B0072B07,SESS-A861D005,button_click,/support,Kiosk,Technology,6,0.2,0,2026-03-07T21:15:16
CONT-E37426F8,SESS-28AEE623,page_view,/products,IVR,Travel,14,99.7,0,2026-03-28T13:58:58
CONT-B6AB9F65,SESS-872E096E,chat_close,/account,Kiosk,Technology,48,66.9,0,2026-03-30T17:53:20
CONT-BB154D75,SESS-BBDD7B99,chat_close,/support,Kiosk,Retail,59,55.6,0,2026-03-22T12:03:36
CONT-84F41F46,SESS-BCDC1604,form_submit,/home,Partner API,Financial Services,32,49.9,0,2026-03-20T18:11:10
CONT-E749E83A,SESS-4470A7BE,chat_close,/orders,Web,Retail,105,46.1,0,2026-03-16T06:29:18
CONT-DAFC5051,SESS-B54D9768,search,/account,Web,Retail,49,46.0,0,2026-04-05T21:25:46
CONT-2273C932,SESS-138D0FEE,page_view,/home,Web,Technology,15,75.0,0,2026-03-25T14:28:51
CONT-C8A58A12,SESS-E00519EC,chat_open,/products,Partner API,Retail,25,48.9,0,2026-03-27T23:52:16
CONT-8F2962F7,SESS-76E3139C,chat_open,/billing,Partner API,Healthcare,8,31.4,0,2026-03-11T18:01:23
CONT-0D716890,SESS-17526630,chat_close,/billing,Web,Healthcare,29,57.8,0,2026-03-18T11:22:06
CONT-8C095D58,SESS-C858A3C9,chat_open,/settings,IVR,Technology,100,40.2,0,2026-03-19T03:15:20
CONT-EB1A1565,SESS-248D5927,button_click,/orders,IVR,Financial Services,65,36.8,0,2026-03-24T06:49:24
CONT-6B508567,SESS-9051B20E,chat_open,/settings,IVR,Retail,134,48.9,0,2026-03-29T01:28:40
CONT-FA7BC49D,SESS-C00CF546,button_click,/contact,Partner API,Financial Services,24,27.0,0,2026-03-11T03:28:07
CONT-6BCFE21D,SESS-E5475E29,button_click,/checkout,Web,Financial Services,127,61.2,0,2026-03-10T14:41:40
CONT-D099DC89,SESS-3C258B88,button_click,/home,Partner API,Technology,27,91.1,0,2026-03-22T01:02:42
CONT-F4FF61B4,SESS-7C0C0BEB,search,/products,Partner API,Financial Services,144,43.2,0,2026-03-17T22:09:45
CONT-8F2DD05C,SESS-CB232805,search,/settings,IVR,Technology,32,76.9,0,2026-03-10T00:52:57
CONT-B368D1F6,SESS-1A2A8715,form_submit,/contact,Web,Financial Services,67,70.4,0,2026-03-07T12:49:13
CONT-A4BBDF34,SESS-2ED5DA51,page_view,/faq,Mobile App,Healthcare,144,77.4,0,2026-03-28T05:05:13
CONT-CDEA3958,SESS-C839F00E,form_submit,/contact,Mobile App,Technology,27,82.4,0,2026-03-31T22:27:52
CONT-C88505FD,SESS-1014BD83,form_submit,/billing,IVR,Financial Services,41,89.7,0,2026-03-29T20:36:35
CONT-6002BE35,SESS-91FCABEB,chat_open,/products,Web,Financial Services,120,88.6,0,2026-04-01T09:26:38
CONT-665DE30F,SESS-437CB54B,search,/settings,Web,Retail,28,81.0,0,2026-03-13T05:37:23
CONT-E2DB8DDF,SESS-0BE1DAF6,button_click,/account,Kiosk,Financial Services,8,32.2,0,2026-03-14T17:19:34
CONT-8E149ABE,SESS-A597D94E,search,/account,Web,Travel,282,48.9,0,2026-04-02T12:46:54
CONT-8EBE9299,SESS-25498B9A,button_click,/checkout,Partner API,Healthcare,20,39.4,0,2026-03-22T11:02:53
CONT-22A8C560,SESS-BF3E8D5F,form_submit,/products,IVR,Healthcare,38,70.0,0,2026-03-15T18:43:16
CONT-5FF5F462,SESS-D2125018,chat_close,/checkout,Kiosk,Healthcare,105,92.5,0,2026-03-12T07:25:53
CONT-F7E67B00,SESS-96409316,page_view,/contact,Kiosk,Retail,18,21.4,0,2026-03-28T20:27:26
CONT-9539F6EC,SESS-5838A854,chat_open,/home,Kiosk,Financial Services,12,5.8,0,2026-04-02T19:50:43
CONT-122BB387,SESS-B7A120F6,chat_close,/contact,Web,Travel,42,21.6,0,2026-03-27T19:38:03
CONT-25A979B5,SESS-B9FF9403,form_submit,/account,Partner API,Healthcare,5,86.2,0,2026-03-10T21:31:21
CONT-4B4913F4,SESS-3021036F,search,/billing,Mobile App,Retail,24,94.6,0,2026-03-19T16:07:42
CONT-3D65154A,SESS-8F2097DF,chat_open,/support,Mobile App,Financial Services,42,32.4,0,2026-03-09T21:30:53
CONT-9A48D687,SESS-5D55FB20,page_view,/billing,IVR,Financial Services,25,54.2,0,2026-03-25T21:24:46
CONT-45FB6A8F,SESS-5138DAB3,button_click,/home,Partner API,Technology,7,87.8,0,2026-03-26T04:04:59
CONT-1E73A75E,SESS-9F98A8C5,search,/faq,Web,Travel,163,1.1,0,2026-03-27T11:25:06
CONT-1AD5DDAC,SESS-1263CD43,chat_close,/faq,IVR,Retail,36,97.1,0,2026-03-18T12:24:09
CONT-9BC55583,SESS-51856873,search,/orders,Mobile App,Travel,138,37.3,0,2026-03-30T10:56:55
CONT-4689F57D,SESS-A3B008CB,chat_close,/faq,Web,Technology,25,18.6,0,2026-03-11T13:17:44
CONT-8B0573A0,SESS-8C3FE97B,button_click,/home,Kiosk,Travel,13,52.4,0,2026-04-01T01:21:11
CONT-BD6F807C,SESS-0F43BE28,chat_open,/home,Kiosk,Retail,43,50.1,0,2026-04-03T21:06:40
CONT-02FDE145,SESS-905B236D,page_view,/support,Mobile App,Technology,26,84.5,0,2026-03-22T22:44:16
CONT-0F3E54CE,SESS-3DD02BF5,search,/products,Partner API,Technology,10,46.7,0,2026-03-12T07:12:48
CONT-BA7BA703,SESS-2C6AD5D3,chat_open,/account,IVR,Retail,143,32.3,0,2026-03-18T04:46:28
CONT-D560A923,SESS-580481A4,chat_close,/home,IVR,Healthcare,17,79.6,0,2026-04-03T15:04:55
CONT-2102D627,SESS-D1223520,chat_open,/faq,Web,Financial Services,5,29.8,0,2026-03-23T07:48:35
CONT-97ACF3A5,SESS-210B8065,chat_close,/account,Partner API,Technology,124,68.3,0,2026-03-12T23:45:05
CONT-8B7D5EC6,SESS-7FD92AA2,page_view,/checkout,Partner API,Travel,19,10.0,0,2026-03-26T06:39:43
CONT-BB89F78B,SESS-EFB1C89F,button_click,/settings,IVR,Technology,18,95.4,0,2026-03-29T10:42:06
CONT-47951263,SESS-14730D4B,button_click,/account,Kiosk,Financial Services,5,6.7,0,2026-03-19T02:04:08
CONT-2F3D2CA2,SESS-349B3CAD,search,/billing,Kiosk,Financial Services,188,40.2,0,2026-03-07T04:00:58
CONT-9B245002,SESS-DED006E9,button_click,/account,IVR,Travel,9,73.5,0,2026-03-08T05:13:29
CONT-1C944CDC,SESS-98715E6B,chat_close,/contact,IVR,Healthcare,35,79.3,0,2026-03-31T23:19:06
CONT-F4D37CD8,SESS-7AD97B5A,button_click,/settings,Mobile App,Financial Services,82,77.3,0,2026-03-24T20:49:03
CONT-8BD2F211,SESS-4477D731,button_click,/contact,Kiosk,Financial Services,50,68.2,0,2026-03-11T00:19:57
CONT-32180164,SESS-88EDF3AA,search,/checkout,IVR,Financial Services,31,88.5,0,2026-03-22T20:08:01
CONT-09882179,SESS-C92278C4,page_view,/faq,Kiosk,Healthcare,6,91.8,0,2026-03-25T07:40:53
CONT-9359D941,SESS-2BBCDA78,button_click,/checkout,Web,Retail,14,87.6,0,2026-03-10T22:56:23
CONT-99C39ABE,SESS-7F93B27C,page_view,/account,Mobile App,Travel,39,24.5,0,2026-03-11T05:06:24
CONT-049CDD4E,SESS-B6C66A5D,form_submit,/checkout,Partner API,Travel,15,70.7,0,2026-04-03T11:44:32
CONT-30A70445,SESS-0A4100B0,page_view,/support,Kiosk,Travel,40,45.4,0,2026-03-30T22:07:57
CONT-70FE4424,SESS-9CA37D73,page_view,/faq,Web,Financial Services,65,3.3,0,2026-03-26T22:37:23
CONT-0C128D34,SESS-F6514914,search,/home,Partner API,Healthcare,86,7.4,0,2026-03-19T07:31:21
CONT-772F57C6,SESS-0523D64C,search,/home,Kiosk,Retail,9,96.3,0,2026-03-19T07:11:50
CONT-9DBD5A00,SESS-1E85C335,button_click,/contact,Partner API,Healthcare,297,20.9,0,2026-03-28T18:12:42
CONT-E6FF5900,SESS-3CA6F165,chat_open,/products,Web,Travel,71,45.4,0,2026-03-26T14:21:30
CONT-2ACC6B30,SESS-A3243096,search,/orders,Web,Retail,33,38.8,0,2026-03-17T21:29:32
CONT-6F49618A,SESS-ECE9F9AE,form_submit,/settings,IVR,Financial Services,98,84.3,0,2026-03-29T22:24:29
CONT-647CFB17,SESS-E8E49EBD,button_click,/home,Mobile App,Financial Services,352,17.7,0,2026-04-04T03:55:00
CONT-778CEBFE,SESS-2E0C8088,search,/faq,Kiosk,Technology,7,89.6,0,2026-03-19T19:36:50
CONT-20F00A8D,SESS-958FF4A1,form_submit,/account,Web,Healthcare,26,54.3,0,2026-04-01T21:22:25
CONT-CD0BC956,SESS-51B0C38F,page_view,/settings,Kiosk,Technology,3,72.5,1,2026-03-17T13:04:32
CONT-CDEA3958,SESS-645503E7,page_view,/contact,Web,Healthcare,40,38.7,0,2026-03-23T13:10:59
CONT-D5B41AB6,SESS-A6DA513A,form_submit,/billing,IVR,Retail,47,45.5,0,2026-04-04T08:01:55
CONT-FB23D0CA,SESS-6AE590D4,chat_open,/products,IVR,Technology,31,83.2,0,2026-03-12T02:33:02
CONT-5F89BB3E,SESS-7AB11FA6,page_view,/faq,Partner API,Technology,17,39.2,0,2026-03-28T19:47:34
CONT-8D30B623,SESS-31F119BC,form_submit,/checkout,IVR,Healthcare,4,46.1,0,2026-03-31T20:12:56
CONT-C3CE03A5,SESS-487AE3F9,search,/billing,Mobile App,Technology,48,68.3,0,2026-03-17T04:46:14
CONT-B07ECD96,SESS-A3343FEE,chat_open,/checkout,Kiosk,Retail,141,75.8,0,2026-04-04T03:42:50
CONT-F4D37CD8,SESS-2A73245A,chat_open,/contact,Kiosk,Technology,18,52.8,0,2026-03-23T22:28:06
CONT-F8112A37,SESS-72232755,search,/home,IVR,Technology,51,72.4,0,2026-04-05T00:05:25
CONT-14CC7B5C,SESS-FC6AE686,chat_close,/orders,Web,Financial Services,6,51.9,0,2026-03-26T21:24:47
CONT-C5283F95,SESS-0B9B1710,chat_open,/faq,Web,Travel,52,76.8,0,2026-03-28T11:58:06
CONT-E43906E6,SESS-91613C9C,search,/faq,Partner API,Healthcare,22,46.8,0,2026-03-16T22:58:58
CONT-3175EF7F,SESS-F07F07D1,chat_open,/orders,Mobile App,Technology,15,22.3,0,2026-03-29T17:46:02
CONT-F7EAB5A1,SESS-73819523,button_click,/faq,Web,Retail,15,5.5,0,2026-03-28T06:04:46
CONT-40B10F18,SESS-6AE533D0,button_click,/checkout,Web,Financial Services,22,55.4,0,2026-03-27T08:41:11
CONT-A4D2CF5C,SESS-E379EA46,button_click,/home,IVR,Travel,48,96.7,0,2026-03-15T03:38:49
CONT-72A34511,SESS-F9358E00,button_click,/billing,Mobile App,Financial Services,8,68.4,0,2026-03-18T17:46:59
CONT-F928AFA2,SESS-735428E4,button_click,/support,Partner API,Travel,22,92.9,0,2026-03-19T05:52:14
CONT-C791B7D9,SESS-6B801720,search,/home,IVR,Retail,31,83.5,0,2026-03-25T08:13:20
CONT-538D06D2,SESS-8465BD9C,form_submit,/support,Web,Technology,11,61.2,0,2026-03-13T08:03:38
CONT-508F4D89,SESS-E0187354,form_submit,/faq,Partner API,Technology,199,32.3,0,2026-03-13T19:46:53
CONT-D77A335A,SESS-F7DC3303,form_submit,/account,Mobile App,Travel,14,34.4,0,2026-03-30T10:01:47
CONT-6985F8C0,SESS-800B92C6,page_view,/home,IVR,Healthcare,16,25.4,0,2026-04-02T23:25:18
CONT-03422663,SESS-BE85C42F,form_submit,/contact,IVR,Healthcare,12,24.5,0,2026-03-12T15:40:17
CONT-8A1BAD63,SESS-3F8B5B36,chat_close,/contact,Web,Healthcare,200,16.7,0,2026-03-23T23:51:11
CONT-819E25BB,SESS-A923FA6B,button_click,/contact,Web,Healthcare,57,24.8,0,2026-03-28T13:22:29
CONT-82AF839B,SESS-CE836DD3,form_submit,/billing,Kiosk,Healthcare,12,80.1,0,2026-03-30T06:51:27
CONT-93614170,SESS-40375E14,search,/contact,Partner API,Technology,100,54.4,0,2026-03-08T07:56:18
CONT-7DC4E7E8,SESS-F4AA9D29,button_click,/home,Mobile App,Travel,40,95.1,0,2026-03-15T04:38:50
CONT-4FB99958,SESS-97D38E90,button_click,/account,IVR,Retail,42,90.2,0,2026-03-11T12:23:16
CONT-8E5EC9CF,SESS-714B480E,chat_close,/checkout,Partner API,Technology,23,96.4,0,2026-03-17T03:19:29
CONT-66BC9EE9,SESS-C1A07BA8,chat_open,/billing,Partner API,Technology,15,56.6,0,2026-03-30T11:56:34
CONT-63A986A8,SESS-B3932963,chat_open,/faq,Mobile App,Retail,46,25.2,0,2026-03-14T15:30:25
CONT-48B0FA09,SESS-A146F4D0,form_submit,/settings,Kiosk,Technology,19,17.4,0,2026-03-12T11:46:16
CONT-FDA4A257,SESS-79EE0774,chat_close,/settings,IVR,Healthcare,203,30.0,0,2026-03-27T17:37:10
CONT-10B90972,SESS-2C37A34A,button_click,/support,Mobile App,Travel,9,55.7,0,2026-03-07T07:43:25
CONT-278A8535,SESS-543B1B0A,page_view,/home,Kiosk,Retail,153,70.2,0,2026-03-15T16:18:50
CONT-52A9CF20,SESS-65CBBC9A,search,/products,Kiosk,Retail,29,15.0,0,2026-03-08T00:42:08
CONT-62A47F11,SESS-CA3857CF,chat_close,/billing,Web,Retail,44,72.3,0,2026-03-30T17:50:27
CONT-AFA70D65,SESS-78153DCC,form_submit,/checkout,Kiosk,Retail,76,39.8,0,2026-04-01T17:17:36
CONT-3DCA4228,SESS-5A466FA2,chat_open,/billing,Web,Retail,17,86.8,0,2026-03-20T01:28:40
CONT-2AB1C2B1,SESS-B6BD80C7,search,/billing,IVR,Healthcare,78,65.0,0,2026-03-07T20:51:45
CONT-D57DE04F,SESS-115087F8,page_view,/checkout,Mobile App,Technology,2,68.1,1,2026-04-03T17:26:26
CONT-C4CEA818,SESS-328F530C,form_submit,/products,Mobile App,Retail,16,23.0,0,2026-03-26T07:59:12
CONT-5978A9A9,SESS-F9609F01,search,/contact,Kiosk,Healthcare,13,73.5,0,2026-03-16T03:46:50
CONT-7701F57E,SESS-71FEF4B7,page_view,/settings,Kiosk,Travel,9,95.2,0,2026-03-13T21:09:39
CONT-3396EC43,SESS-4169FA5A,chat_close,/contact,Mobile App,Technology,26,53.5,0,2026-03-07T12:11:36
CONT-1F1A0677,SESS-9F0E09C5,page_view,/account,Kiosk,Healthcare,48,44.5,0,2026-04-04T20:32:52
CONT-B1A444B9,SESS-3BE620ED,button_click,/billing,IVR,Technology,66,7.5,0,2026-04-01T19:16:17
CONT-196571BE,SESS-D09CE779,chat_open,/account,Partner API,Technology,42,0.7,0,2026-03-24T17:14:07
CONT-DD78E714,SESS-AAF46509,chat_close,/account,Partner API,Technology,17,49.6,0,2026-03-30T11:11:13
CONT-5F3714A1,SESS-08A35C43,button_click,/home,Partner API,Financial Services,47,35.0,0,2026-04-03T17:47:45
CONT-A835021B,SESS-9772052D,page_view,/account,Partner API,Financial Services,37,55.0,0,2026-03-24T03:04:43
CONT-9FCD3C63,SESS-F0620C15,button_click,/support,Mobile App,Travel,84,45.0,0,2026-03-07T04:22:12
CONT-2A4846F9,SESS-8B6043A6,form_submit,/settings,Mobile App,Technology,72,58.5,0,2026-03-31T12:58:28
CONT-2BDA8EF3,SESS-E87254B9,chat_open,/account,Kiosk,Travel,34,96.5,0,2026-03-25T01:21:28
CONT-3F9236EF,SESS-FED36610,page_view,/account,IVR,Financial Services,13,80.2,0,2026-03-28T12:52:06
CONT-0E0C573F,SESS-2A27FFA3,form_submit,/settings,Mobile App,Retail,17,90.4,0,2026-03-29T15:40:53
CONT-F2FFF453,SESS-A85471E8,search,/products,Web,Healthcare,19,91.5,0,2026-03-21T12:23:28
CONT-48BB26E5,SESS-CBB304B1,search,/support,Partner API,Technology,24,15.8,0,2026-03-13T07:47:39
CONT-04136EBB,SESS-52F1936D,chat_open,/account,Partner API,Travel,43,23.8,0,2026-03-10T09:39:38
CONT-A33C73B8,SESS-D62F63B4,form_submit,/settings,IVR,Technology,67,23.6,0,2026-03-28T01:55:48
CONT-E9465AE1,SESS-6C711C46,search,/faq,Mobile App,Healthcare,31,29.7,0,2026-03-21T20:11:08
CONT-F30A6679,SESS-CEADBC6A,chat_close,/checkout,Kiosk,Travel,33,89.7,0,2026-04-01T04:33:10
CONT-14CCD884,SESS-AD9F3A8E,button_click,/settings,IVR,Healthcare,38,47.7,0,2026-03-23T09:17:02
CONT-2AB1C2B1,SESS-7FBCB0CE,chat_close,/products,Mobile App,Travel,19,86.7,0,2026-03-09T02:06:39
CONT-B3D4D005,SESS-801E66FA,button_click,/settings,Partner API,Retail,13,76.3,0,2026-03-17T23:46:07
CONT-1BE96E87,SESS-4B56A29B,chat_open,/home,Kiosk,Financial Services,5,29.3,0,2026-04-04T05:07:35
CONT-2407F46A,SESS-D3BC2D31,search,/home,Web,Retail,16,56.8,0,2026-03-07T11:02:57
CONT-3494CE78,SESS-D2DD1274,page_view,/orders,Kiosk,Technology,53,22.8,0,2026-03-27T03:44:33
CONT-16DBA9B5,SESS-1AFAE3AD,form_submit,/billing,IVR,Technology,16,69.5,0,2026-03-13T17:16:19
CONT-8347BAA8,SESS-F9DCADC8,form_submit,/products,Partner API,Financial Services,26,92.3,0,2026-03-17T17:16:42
CONT-C9A7F2DA,SESS-64021644,chat_open,/support,Web,Travel,52,76.0,0,2026-03-20T00:44:37
CONT-9B6D2E67,SESS-DDD81903,chat_close,/home,Web,Healthcare,55,14.8,0,2026-03-18T17:37:55
CONT-89E1E5B0,SESS-C2349D3D,chat_close,/account,IVR,Financial Services,11,82.0,0,2026-03-26T05:22:32
CONT-819E25BB,SESS-0AFCCC16,page_view,/products,IVR,Healthcare,89,42.1,0,2026-03-07T14:51:09
CONT-1AE591B4,SESS-7C82D1F4,page_view,/account,Partner API,Healthcare,102,12.6,0,2026-04-05T15:08:24
CONT-706BC317,SESS-2F73AF41,button_click,/support,Kiosk,Travel,10,52.7,0,2026-03-20T05:56:54
CONT-12B7C9B2,SESS-A2B23C25,form_submit,/billing,Mobile App,Travel,14,53.9,0,2026-03-18T18:21:59
CONT-D0A6223C,SESS-65B45E22,chat_close,/checkout,Partner API,Technology,108,68.4,0,2026-03-30T08:45:16
CONT-4EB59871,SESS-AD592C1E,search,/account,Kiosk,Financial Services,28,86.3,0,2026-03-07T23:09:38
CONT-5E3E70E6,SESS-93F43372,button_click,/billing,IVR,Financial Services,3,74.2,0,2026-03-29T13:43:59
CONT-93D5ACD9,SESS-490A3FB6,button_click,/orders,Kiosk,Retail,8,4.3,0,2026-03-16T20:16:12
CONT-58FA09BB,SESS-6351ACE5,chat_open,/settings,Web,Travel,25,3.8,0,2026-03-09T16:46:52
CONT-F12211E6,SESS-CEC223F0,form_submit,/faq,IVR,Retail,10,86.5,0,2026-03-22T03:13:53
CONT-53AEBDF4,SESS-3F73D41C,button_click,/faq,Partner API,Technology,21,24.9,0,2026-03-22T18:31:10
CONT-AFFFB1F9,SESS-75C52D93,form_submit,/home,Kiosk,Financial Services,34,64.1,0,2026-03-13T01:34:00
CONT-D882D7CC,SESS-A4EAEACF,chat_open,/faq,Partner API,Financial Services,142,72.4,0,2026-03-09T23:15:45
CONT-B193383F,SESS-BE11CEFC,search,/faq,Kiosk,Healthcare,24,94.6,0,2026-03-17T21:43:02
CONT-9EA271CE,SESS-3D126D20,button_click,/products,Mobile App,Travel,96,40.0,0,2026-03-07T22:23:54
CONT-47951263,SESS-5A06AF63,form_submit,/support,Partner API,Financial Services,138,79.1,0,2026-03-23T20:00:15
CONT-7E8553C7,SESS-D6136A07,chat_open,/faq,Partner API,Financial Services,138,33.4,0,2026-03-16T14:50:09
CONT-ECB13D95,SESS-4607F4D8,chat_open,/account,Mobile App,Financial Services,44,2.0,0,2026-03-30T08:52:25
CONT-5AD42462,SESS-98F5C6EE,form_submit,/checkout,Mobile App,Financial Services,4,5.0,0,2026-03-18T03:58:21
CONT-62991E9E,SESS-7DBDAD29,form_submit,/account,Mobile App,Financial Services,52,29.3,0,2026-03-30T02:10:33
CONT-A25E2E31,SESS-5109094E,page_view,/settings,Partner API,Healthcare,94,19.1,0,2026-03-29T06:20:59
CONT-517FA6EE,SESS-C60B74B9,page_view,/support,Mobile App,Healthcare,30,4.5,0,2026-03-10T12:36:42
CONT-4AC27ACA,SESS-CB970517,page_view,/billing,Mobile App,Financial Services,189,32.7,0,2026-03-08T09:00:55
CONT-3F6A3B9C,SESS-BD91004E,chat_close,/account,Kiosk,Healthcare,78,32.4,0,2026-03-31T04:58:36
CONT-E4E13113,SESS-9A3C3D81,chat_open,/products,Web,Healthcare,58,15.2,0,2026-03-21T12:32:21
CONT-C4E9AB1F,SESS-8B1B06E2,search,/products,Web,Retail,98,59.4,0,2026-03-14T14:04:01
CONT-834B0D71,SESS-E2DA2D08,form_submit,/account,Mobile App,Healthcare,46,23.3,0,2026-03-08T17:28:09
CONT-B20435E6,SESS-D49B98B8,chat_open,/account,Partner API,Retail,2,84.4,0,2026-03-23T18:15:22
CONT-CF87D351,SESS-2ABC3E1E,form_submit,/support,Kiosk,Travel,20,96.1,0,2026-03-10T07:40:13
CONT-DA4E67F3,SESS-A9AE9494,chat_close,/faq,Web,Healthcare,109,69.2,0,2026-03-22T05:54:18
CONT-03C53221,SESS-B3384687,search,/account,IVR,Technology,14,79.8,0,2026-03-15T10:20:56
CONT-EEDDB97E,SESS-573CC259,chat_close,/billing,Kiosk,Technology,26,24.6,0,2026-03-27T21:39:57
CONT-A9EA41E2,SESS-3D4257D0,chat_close,/orders,Mobile App,Retail,11,67.1,0,2026-04-02T01:00:20
CONT-9A7EA3D4,SESS-6FB60FD4,form_submit,/orders,Mobile App,Healthcare,197,13.1,0,2026-03-07T00:54:14
CONT-E38E57C3,SESS-9CED7E5E,search,/account,Kiosk,Retail,177,28.9,0,2026-03-09T15:46:15
CONT-DC656871,SESS-AA3BB335,chat_open,/contact,IVR,Travel,13,80.9,0,2026-03-27T09:22:00
CONT-E8C2470E,SESS-741FA6D1,search,/faq,Web,Healthcare,38,19.0,0,2026-03-17T11:23:32
CONT-497318FB,SESS-23F26349,search,/home,Partner API,Retail,16,74.5,0,2026-04-04T18:43:57
CONT-6DD64E83,SESS-F4577C7F,page_view,/home,Web,Healthcare,61,76.5,0,2026-03-27T06:32:12
CONT-003D6797,SESS-C974F0D6,page_view,/home,Mobile App,Travel,55,14.9,0,2026-03-31T22:12:21
CONT-6F44D9E7,SESS-81E6DE1F,chat_open,/contact,Web,Travel,74,59.4,0,2026-03-08T20:34:54
CONT-D281BF70,SESS-F0D938C3,search,/account,IVR,Financial Services,46,55.5,0,2026-03-12T12:40:54
CONT-16573E15,SESS-9F67D475,chat_open,/faq,Partner API,Healthcare,623,8.9,0,2026-03-24T03:31:56
CONT-3FA93B9B,SESS-82B08470,chat_open,/home,Kiosk,Retail,11,66.1,0,2026-03-25T12:50:24
CONT-F2FFF453,SESS-5B9CD235,search,/contact,Partner API,Financial Services,5,38.0,0,2026-03-15T13:10:05
CONT-3BDFDB0C,SESS-223BC2DD,page_view,/home,IVR,Financial Services,22,71.5,0,2026-03-14T14:26:38
CONT-1556B457,SESS-7D4F8AE8,page_view,/contact,Web,Healthcare,6,44.7,0,2026-03-16T09:02:32
CONT-E38E57C3,SESS-62AD02E2,button_click,/checkout,IVR,Healthcare,7,1.8,0,2026-04-01T00:54:35
CONT-3EB62EC1,SESS-7C0DA2DD,chat_close,/home,Partner API,Financial Services,12,5.0,0,2026-03-26T10:25:57
CONT-D93F9CB4,SESS-DDD58EF4,search,/contact,Partner API,Travel,13,62.9,0,2026-04-03T15:44:25
CONT-834B0D71,SESS-CCBD4010,page_view,/products,Kiosk,Healthcare,12,60.8,0,2026-03-16T22:09:57
CONT-15063F9F,SESS-08D8BABD,search,/account,Kiosk,Technology,55,48.1,0,2026-04-03T09:27:20
CONT-8F24DD1C,SESS-E238C2B1,search,/orders,Partner API,Travel,19,72.3,0,2026-03-28T19:38:09
CONT-E749E83A,SESS-B021E907,page_view,/contact,Kiosk,Technology,27,89.3,0,2026-03-11T01:52:06
CONT-54B9620B,SESS-07D033B3,form_submit,/checkout,IVR,Retail,80,35.1,0,2026-04-05T11:55:43
CONT-0F3E54CE,SESS-69AC573A,form_submit,/orders,Mobile App,Healthcare,15,24.9,0,2026-03-11T08:09:51
CONT-5AEE0328,SESS-9F35ECFF,page_view,/faq,Mobile App,Travel,25,93.2,0,2026-03-07T18:56:28
CONT-29E79C5A,SESS-F9B518C1,page_view,/billing,Kiosk,Travel,47,83.5,0,2026-03-23T19:14:13
CONT-E60A79C7,SESS-521A1C5A,form_submit,/support,Mobile App,Technology,4,70.4,0,2026-03-30T09:41:59
CONT-AC0A1E16,SESS-769C9FA3,button_click,/home,Mobile App,Retail,3,37.9,0,2026-04-03T01:11:46
CONT-E1C0B266,SESS-7B5EE4D7,page_view,/settings,Mobile App,Technology,46,10.8,0,2026-03-20T17:55:06
CONT-83D87BA6,SESS-2726B681,search,/billing,Web,Retail,54,14.4,0,2026-03-09T19:04:55
CONT-A6858059,SESS-8EB7D08B,form_submit,/products,Kiosk,Healthcare,260,2.4,0,2026-03-09T19:20:45
CONT-196571BE,SESS-E504CB23,form_submit,/settings,Web,Travel,38,99.4,0,2026-03-08T18:29:59
CONT-7FE84237,SESS-409E283A,chat_open,/settings,Partner API,Financial Services,75,56.8,0,2026-03-31T01:51:11
CONT-83308FB2,SESS-2154DE2F,chat_close,/faq,Mobile App,Travel,27,51.0,0,2026-03-13T13:24:29
CONT-4C435B74,SESS-C1487706,search,/account,IVR,Financial Services,44,1.3,0,2026-03-20T16:40:06
CONT-66259494,SESS-92630067,chat_open,/support,Web,Retail,175,3.0,0,2026-03-10T20:35:12
CONT-1E73A75E,SESS-F044A58B,button_click,/checkout,Mobile App,Travel,3,30.7,0,2026-03-17T23:20:19
CONT-56EF5DC0,SESS-9DF75970,search,/products,Web,Technology,50,99.2,0,2026-04-03T11:53:46
CONT-6EEF9E4A,SESS-1B5949B8,search,/checkout,Kiosk,Technology,280,75.5,0,2026-03-14T09:47:47
CONT-FE6B157D,SESS-EE221183,chat_open,/faq,Mobile App,Healthcare,43,10.0,0,2026-04-05T09:36:59
CONT-9F9AFA06,SESS-B218C662,search,/billing,Mobile App,Healthcare,172,15.5,0,2026-03-22T21:20:22
CONT-9D77FF72,SESS-E32068E8,search,/home,Web,Financial Services,17,12.7,0,2026-03-08T19:31:18
CONT-BD7844FC,SESS-C2BE0D8C,button_click,/products,Web,Healthcare,32,38.2,0,2026-03-29T17:22:24
CONT-22A8C560,SESS-6847AD29,page_view,/billing,Kiosk,Retail,34,65.9,0,2026-04-01T04:16:45
CONT-31F23454,SESS-87896367,chat_close,/home,Kiosk,Retail,3,92.3,0,2026-03-15T01:24:21
CONT-29F43F95,SESS-BC4AD80E,chat_open,/home,Kiosk,Retail,10,41.3,0,2026-03-27T22:34:00
CONT-E423B36F,SESS-C5BC0A1A,chat_close,/contact,Web,Financial Services,11,21.8,0,2026-03-13T04:04:12
CONT-B2134DB0,SESS-949DD1C6,chat_open,/contact,Kiosk,Healthcare,75,48.6,0,2026-04-05T19:36:29
CONT-D13B80D2,SESS-23780B74,chat_open,/contact,IVR,Financial Services,79,41.6,0,2026-03-22T20:15:58
CONT-9B245002,SESS-911DA769,search,/orders,Partner API,Healthcare,45,82.9,0,2026-03-20T16:22:37
CONT-B0FB3B70,SESS-241E8521,form_submit,/billing,Web,Financial Services,75,16.0,0,2026-03-19T14:21:52
CONT-7DEA3409,SESS-58C092B3,chat_open,/billing,Kiosk,Travel,28,54.4,0,2026-03-26T01:44:44
CONT-5EE2F199,SESS-E47E8AAD,chat_close,/account,Mobile App,Technology,110,23.5,0,2026-03-10T17:29:22
CONT-F96EB733,SESS-FAC646B8,form_submit,/home,Mobile App,Retail,33,83.8,0,2026-03-12T08:00:56
CONT-B3095BA1,SESS-AB718CF2,page_view,/billing,IVR,Technology,35,63.1,0,2026-03-12T21:53:17
CONT-35E1F6AA,SESS-2C179D7C,page_view,/settings,Mobile App,Travel,25,40.9,0,2026-03-25T14:30:03
CONT-240FBB65,SESS-B50F1312,page_view,/products,IVR,Retail,65,87.3,0,2026-04-03T13:36:21
CONT-9294A840,SESS-3381E6B4,chat_close,/account,Web,Travel,21,80.4,0,2026-04-05T21:16:15
CONT-DFEE0F80,SESS-A7914581,chat_close,/checkout,IVR,Travel,87,14.3,0,2026-03-21T17:55:19
CONT-928C9AB2,SESS-B6107CD4,search,/orders,Partner API,Travel,10,66.9,0,2026-03-17T06:19:12
CONT-6A3DB3C7,SESS-52481598,page_view,/home,Mobile App,Healthcare,11,7.8,0,2026-03-11T12:37:41
CONT-13B2AA0C,SESS-A5AE2E8F,page_view,/contact,Web,Retail,65,94.4,0,2026-04-03T07:12:01
CONT-B6AB9F65,SESS-85CBB11C,page_view,/products,Web,Healthcare,30,92.2,0,2026-03-18T05:39:56
CONT-4A615CBF,SESS-E3482950,form_submit,/account,IVR,Travel,21,66.9,0,2026-03-22T00:50:50
CONT-9DA05D20,SESS-5DD59BFD,search,/home,Partner API,Healthcare,80,41.4,0,2026-04-03T19:02:22
CONT-910445EA,SESS-D66F5EAF,form_submit,/home,IVR,Technology,18,10.0,0,2026-03-31T10:25:13
CONT-080519AF,SESS-EB4223AD,chat_open,/support,Web,Retail,27,19.8,0,2026-03-19T18:02:23
CONT-1BBDD520,SESS-86BA53CB,form_submit,/orders,Kiosk,Healthcare,134,47.4,0,2026-03-14T09:38:09
CONT-F53A3B0C,SESS-C2D02A39,form_submit,/faq,Partner API,Healthcare,154,79.1,0,2026-03-29T02:06:22
CONT-D671C0F7,SESS-4BA7E6E7,form_submit,/home,Mobile App,Financial Services,159,85.8,0,2026-03-28T19:58:39
CONT-B6A5B671,SESS-D3D22E25,form_submit,/settings,Partner API,Travel,24,92.1,0,2026-04-01T11:58:31
CONT-8A8E5119,SESS-F91B1959,page_view,/settings,Mobile App,Financial Services,113,60.8,0,2026-03-18T02:31:26
CONT-350E9774,SESS-B5FF4B8B,chat_close,/settings,Kiosk,Retail,12,18.6,0,2026-03-26T15:18:01
CONT-F8BD3AC4,SESS-262B0442,page_view,/home,IVR,Retail,13,22.4,0,2026-03-27T17:03:24
CONT-606E0745,SESS-049E828A,search,/checkout,Mobile App,Retail,3,70.3,0,2026-04-03T00:23:39
CONT-8F2F06B2,SESS-66863774,form_submit,/faq,IVR,Financial Services,176,8.8,0,2026-03-08T18:10:57
CONT-D39FAF79,SESS-BCA0CCD8,page_view,/contact,Partner API,Technology,13,64.4,0,2026-03-21T08:04:33
CONT-73FBD023,SESS-C3EAFB36,page_view,/billing,Kiosk,Financial Services,29,39.6,0,2026-03-25T20:37:56
CONT-784F7696,SESS-4A7E45DA,page_view,/home,Kiosk,Technology,13,29.1,0,2026-04-01T07:04:17
CONT-F20E549F,SESS-F44029C3,search,/settings,Kiosk,Travel,66,37.9,0,2026-04-04T08:16:02
CONT-75DB3D8C,SESS-F367A008,chat_open,/settings,Kiosk,Travel,22,25.2,0,2026-03-10T08:46:57
CONT-91F24084,SESS-251DF340,page_view,/support,IVR,Retail,8,2.5,0,2026-03-09T14:23:55
CONT-935549D7,SESS-FCBF9798,search,/home,Web,Technology,51,48.6,0,2026-03-17T18:33:34
CONT-8499AEDD,SESS-53E31B58,search,/checkout,Partner API,Healthcare,7,59.6,0,2026-03-16T19:20:02
CONT-11C5D661,SESS-D40ED063,page_view,/faq,Partner API,Retail,14,11.1,0,2026-03-10T14:04:53
CONT-602056C5,SESS-5D88EEC9,page_view,/settings,IVR,Retail,4,99.3,1,2026-03-20T11:55:50
CONT-F03574F5,SESS-7F4E7587,page_view,/billing,Web,Healthcare,7,28.7,0,2026-03-11T04:20:59
CONT-4AD583A9,SESS-90BF9A2C,form_submit,/checkout,Partner API,Technology,39,44.8,0,2026-03-18T00:59:52
CONT-BEEDBF5C,SESS-E36FDBB0,button_click,/contact,Kiosk,Travel,4,73.0,0,2026-03-23T14:58:30
CONT-96FB8DBB,SESS-14177831,button_click,/support,Partner API,Retail,7,48.0,0,2026-03-08T06:53:26
CONT-410A607D,SESS-89CA9B11,button_click,/support,Kiosk,Financial Services,33,90.7,0,2026-03-09T16:32:49
CONT-C828653D,SESS-9E00179B,chat_open,/settings,Partner API,Financial Services,19,38.5,0,2026-03-26T14:56:55
CONT-FDDB1B57,SESS-942561D1,button_click,/orders,Web,Travel,242,47.8,0,2026-03-29T03:42:01
CONT-9899E088,SESS-F6024E0C,page_view,/faq,Mobile App,Travel,207,86.9,0,2026-03-27T18:09:26
CONT-B368D1F6,SESS-04D75C78,button_click,/products,Partner API,Technology,13,71.8,0,2026-03-14T09:22:06
CONT-E2DB8DDF,SESS-06A31772,chat_close,/contact,Kiosk,Travel,57,37.6,0,2026-03-22T23:58:34
CONT-1AD5DDAC,SESS-7F5661C1,button_click,/settings,Mobile App,Technology,70,65.9,0,2026-03-25T20:04:35
CONT-C575199D,SESS-6560F0F1,search,/account,Kiosk,Retail,18,99.1,0,2026-03-18T17:16:54
CONT-73F4067D,SESS-A32E7D54,chat_open,/support,Web,Technology,7,91.7,0,2026-03-25T22:59:06
CONT-7AE11742,SESS-20F2657D,page_view,/orders,Web,Healthcare,32,36.4,0,2026-03-11T21:59:09
CONT-FDE4A093,SESS-43E103B9,button_click,/checkout,IVR,Travel,27,12.5,0,2026-03-12T21:28:55
CONT-B5C8578E,SESS-1B7A5151,button_click,/checkout,Web,Technology,21,69.7,0,2026-04-04T12:25:35
CONT-93614170,SESS-27170703,chat_open,/support,Kiosk,Healthcare,51,39.3,0,2026-03-26T10:47:03
CONT-5DFBB9DE,SESS-DBF9C39E,chat_open,/contact,Partner API,Technology,15,1.6,0,2026-03-21T08:49:50
CONT-147D0E06,SESS-9D27CB0A,chat_close,/checkout,Kiosk,Technology,10,0.5,0,2026-03-18T04:52:26
CONT-38146DCC,SESS-1D8FB23E,chat_close,/support,Kiosk,Financial Services,36,47.5,0,2026-03-11T19:24:32
CONT-CB9E6681,SESS-33FE4BD8,chat_open,/orders,IVR,Travel,48,96.5,0,2026-03-24T13:53:44
CONT-181EBE73,SESS-DB05E119,button_click,/settings,Web,Healthcare,10,2.4,0,2026-03-15T10:17:56
CONT-CB2EC90E,SESS-C3928D07,page_view,/home,Web,Retail,83,78.4,0,2026-03-12T09:25:28
CONT-66C9AEE3,SESS-32C912F7,chat_close,/home,Web,Healthcare,5,42.4,0,2026-03-27T03:50:02
CONT-6C1BCE5E,SESS-4713758D,chat_open,/faq,Mobile App,Travel,18,25.8,0,2026-03-19T06:02:32
CONT-9C018372,SESS-7CD2E66B,chat_close,/settings,Partner API,Retail,25,13.9,0,2026-03-11T06:12:04
CONT-08453059,SESS-67F3C708,button_click,/home,Web,Travel,17,51.2,0,2026-03-16T09:06:52
CONT-C1C7C50B,SESS-F424C42A,form_submit,/orders,Partner API,Travel,18,5.1,0,2026-04-03T05:14:31
CONT-E9BFC889,SESS-D5B86EA5,search,/faq,Mobile App,Financial Services,215,67.4,0,2026-03-17T14:02:53
CONT-EB4895BF,SESS-67918789,page_view,/products,Kiosk,Travel,14,12.5,0,2026-03-29T15:10:00
CONT-FBFB3FBC,SESS-A3A453D4,button_click,/orders,Kiosk,Healthcare,380,72.5,0,2026-03-10T09:47:50
CONT-4A5F57C6,SESS-6C317075,button_click,/billing,Web,Travel,51,54.7,0,2026-03-13T18:46:22
CONT-7B229647,SESS-C2B9A34E,search,/support,Web,Travel,36,72.7,0,2026-03-26T07:16:43
CONT-7E34666D,SESS-72417558,form_submit,/account,IVR,Technology,53,6.3,0,2026-03-17T20:12:53
CONT-2EF97BB9,SESS-587F5768,page_view,/billing,Mobile App,Technology,415,26.2,0,2026-03-12T15:34:44
CONT-889AAA21,SESS-4296AE05,chat_close,/orders,Partner API,Financial Services,12,42.4,0,2026-03-16T04:31:13
CONT-A70E14EE,SESS-45AFAD14,chat_close,/settings,Partner API,Retail,10,41.4,0,2026-03-29T10:46:59
CONT-F23E54AC,SESS-75396395,form_submit,/home,Mobile App,Financial Services,15,22.5,0,2026-04-04T00:43:32
CONT-319E9833,SESS-AB0BAB61,page_view,/settings,Mobile App,Financial Services,34,97.8,0,2026-03-13T19:00:33
CONT-D11E127D,SESS-091868B9,chat_open,/billing,IVR,Technology,5,91.2,0,2026-03-15T11:39:44
CONT-5B7FB4C7,SESS-C2B1D87A,chat_open,/support,IVR,Travel,33,26.0,0,2026-04-03T13:23:02
CONT-223BABC6,SESS-E84F519C,button_click,/billing,Kiosk,Financial Services,180,90.7,0,2026-03-27T02:53:51
CONT-1BE5F2AE,SESS-58F04D0A,form_submit,/products,Kiosk,Travel,38,27.8,0,2026-03-19T01:18:18
CONT-951F8BD2,SESS-14AAC84F,chat_close,/orders,Partner API,Technology,24,50.7,0,2026-03-12T15:19:14
CONT-B660CA2B,SESS-7DE3FF4F,form_submit,/support,Mobile App,Retail,17,42.6,0,2026-03-08T04:19:15
CONT-68B9127E,SESS-8C8F3DEF,chat_close,/contact,Web,Healthcare,81,56.2,0,2026-03-30T05:57:43
CONT-240FBB65,SESS-130713E5,form_submit,/checkout,Kiosk,Travel,14,67.5,0,2026-03-09T16:59:44
CONT-2B914CBE,SESS-BCF30750,chat_close,/orders,Mobile App,Technology,209,53.1,0,2026-04-05T14:24:36
CONT-F928AFA2,SESS-C1251C71,button_click,/checkout,Partner API,Retail,228,68.8,0,2026-03-07T18:25:17
CONT-D5643F24,SESS-6F9507EC,chat_close,/products,IVR,Financial Services,42,46.8,0,2026-03-12T15:25:03
CONT-C9A7F2DA,SESS-1AD95DD2,button_click,/orders,IVR,Retail,32,21.6,0,2026-03-16T05:40:15
CONT-65BAB8FB,SESS-B287C54C,chat_open,/products,Web,Travel,92,79.6,0,2026-03-15T12:08:00
CONT-343E0EA3,SESS-15D1D3AE,form_submit,/checkout,Partner API,Travel,98,56.8,0,2026-03-30T18:32:55
CONT-51AED89D,SESS-0E0DB719,button_click,/faq,Partner API,Financial Services,14,60.2,0,2026-03-24T10:16:07
CONT-10E58658,SESS-C82EC0FB,chat_open,/checkout,Kiosk,Retail,19,56.4,0,2026-03-14T02:09:32
CONT-685E76B6,SESS-F957407F,chat_close,/faq,Kiosk,Retail,8,7.3,0,2026-03-30T06:38:22
CONT-9D4FE4F6,SESS-B7159EAB,button_click,/orders,IVR,Retail,49,21.8,0,2026-04-01T14:49:19
CONT-64996B93,SESS-82CCFAB0,button_click,/checkout,IVR,Technology,64,86.3,0,2026-03-12T01:15:13
CONT-AB0AFBAE,SESS-E52CD9EA,button_click,/checkout,Partner API,Healthcare,8,73.0,0,2026-03-14T18:50:30
CONT-C1EC0E00,SESS-9104F02E,button_click,/home,Web,Travel,21,4.3,0,2026-03-26T07:36:48
CONT-4AD43FA6,SESS-5BA2B141,page_view,/contact,Mobile App,Travel,8,96.4,0,2026-03-19T06:28:14
CONT-2F3D2CA2,SESS-4F9C85B4,chat_open,/billing,Partner API,Technology,13,22.3,0,2026-03-15T07:33:35
CONT-736FB02A,SESS-C412BACF,page_view,/home,IVR,Travel,57,52.5,0,2026-03-11T00:57:49
CONT-0983CDDF,SESS-85885FFB,chat_close,/faq,Mobile App,Technology,15,98.2,0,2026-03-21T02:34:58
CONT-BB89F78B,SESS-CE6A12F6,form_submit,/billing,Mobile App,Retail,24,47.2,0,2026-03-07T07:40:13
CONT-08C3AC78,SESS-B3519D5A,chat_open,/faq,Web,Travel,6,29.5,0,2026-04-02T10:42:10
CONT-59C9BE78,SESS-6D4C2EAC,form_submit,/account,IVR,Financial Services,39,49.0,0,2026-03-27T20:50:55
CONT-25B8BD68,SESS-DCE15ADA,button_click,/orders,Kiosk,Retail,31,15.7,0,2026-03-22T21:15:34
CONT-C05AE4BB,SESS-DF40595E,form_submit,/account,Web,Retail,15,95.7,0,2026-03-10T22:05:49
CONT-B23DE3BB,SESS-4DBFDCEC,chat_open,/account,Partner API,Healthcare,27,68.9,0,2026-03-19T10:11:00
CONT-2DBD7AD0,SESS-0DF43EB6,button_click,/billing,IVR,Financial Services,39,20.8,0,2026-03-09T07:31:25
CONT-E8B772D0,SESS-CD9DBCBC,button_click,/orders,Web,Technology,14,13.5,0,2026-03-18T16:21:03
CONT-181EBE73,SESS-04275219,page_view,/billing,Partner API,Financial Services,7,0.3,0,2026-03-16T05:49:58
CONT-18069340,SESS-BDC5BD69,form_submit,/billing,Kiosk,Financial Services,201,99.6,0,2026-03-23T01:31:10
CONT-6D83A0FD,SESS-6D35B9A9,button_click,/settings,Web,Technology,17,76.8,0,2026-03-13T20:54:46
CONT-3082934A,SESS-D3FA1F96,chat_open,/home,Partner API,Retail,30,87.1,0,2026-03-26T05:50:02
CONT-369CF6FD,SESS-1BACC78D,page_view,/orders,IVR,Travel,90,38.6,0,2026-04-03T02:17:38
CONT-EEE7D297,SESS-1CB06882,chat_close,/products,Web,Financial Services,1128,20.6,0,2026-03-07T01:40:18
CONT-6486F97A,SESS-A9D5E426,form_submit,/products,Kiosk,Retail,9,94.3,0,2026-03-25T21:50:27
CONT-4B7904A1,SESS-30ACD3EB,search,/orders,Kiosk,Travel,51,46.4,0,2026-03-08T11:41:01
CONT-12C86DBF,SESS-A58B9CA5,chat_open,/products,Kiosk,Healthcare,16,55.2,0,2026-03-11T20:20:11
CONT-3934ABB8,SESS-64046383,chat_close,/account,IVR,Technology,19,29.9,0,2026-04-04T03:52:24
CONT-96677FA1,SESS-7994FDAB,chat_close,/billing,Partner API,Retail,16,58.6,0,2026-03-21T08:32:11
CONT-5ACACB7B,SESS-643A2395,page_view,/checkout,Web,Healthcare,10,81.8,0,2026-04-05T14:30:52
CONT-080BE1FB,SESS-1D481CFD,search,/settings,Partner API,Technology,31,9.9,0,2026-03-16T11:21:24
CONT-4FB99958,SESS-5934E23C,form_submit,/billing,Kiosk,Healthcare,7,16.0,0,2026-03-18T20:54:44
CONT-36925FBC,SESS-F9EC862D,button_click,/billing,Partner API,Retail,85,32.4,0,2026-04-02T14:45:19
CONT-8A2FE319,SESS-BD91BC4C,search,/faq,Kiosk,Financial Services,34,35.0,0,2026-03-20T03:45:12
CONT-A2A79778,SESS-D31CB6EE,page_view,/products,IVR,Technology,50,17.4,0,2026-03-23T11:58:06
CONT-7A7B0C0D,SESS-340049FA,chat_close,/support,Partner API,Healthcare,20,4.7,0,2026-03-12T04:05:22
CONT-A44FA092,SESS-2D11B695,page_view,/checkout,Mobile App,Healthcare,22,31.9,0,2026-03-28T03:16:48
CONT-B3D4D005,SESS-C15CE93F,button_click,/faq,IVR,Travel,44,55.2,0,2026-03-15T14:24:57
CONT-F454502C,SESS-2A43A527,page_view,/support,Web,Technology,10,27.6,0,2026-04-04T12:33:29
CONT-E283D43E,SESS-E4E80563,button_click,/home,Kiosk,Healthcare,23,80.2,0,2026-04-01T21:44:36
CONT-665F2C5B,SESS-05E875DB,chat_open,/home,Partner API,Technology,14,11.8,0,2026-04-02T09:18:11
CONT-415CBAED,SESS-0CA4897D,page_view,/products,Mobile App,Financial Services,13,60.9,0,2026-03-17T16:32:04
CONT-7F8D84A5,SESS-F0D8C562,chat_close,/checkout,Kiosk,Healthcare,4,59.6,0,2026-03-15T18:56:04
CONT-1B43E06E,SESS-D6A12332,form_submit,/checkout,Partner API,Technology,126,44.3,0,2026-03-28T14:21:58
CONT-CBBBA685,SESS-41EF014C,chat_open,/settings,Web,Retail,16,68.1,0,2026-03-28T19:22:15
CONT-1CE5CB90,SESS-16315079,chat_open,/support,Web,Healthcare,105,75.9,0,2026-03-29T16:57:06
CONT-15063F9F,SESS-8FF0334F,button_click,/faq,Kiosk,Healthcare,96,76.7,0,2026-03-12T01:15:42
CONT-5F8DEEC0,SESS-D07DCA84,search,/home,Partner API,Travel,9,97.9,0,2026-03-24T07:31:17
CONT-62A11600,SESS-23E05DBB,chat_open,/faq,Web,Retail,11,87.8,0,2026-03-15T03:36:08
CONT-366D98E1,SESS-87E518F7,page_view,/support,Mobile App,Technology,428,70.9,0,2026-04-04T21:21:23
CONT-32FE60C3,SESS-6305E04A,search,/home,Web,Travel,190,19.6,0,2026-03-29T06:11:55
CONT-F72226C9,SESS-AB0EE8E0,chat_close,/account,Mobile App,Travel,32,63.6,0,2026-04-01T01:26:02
CONT-60C50868,SESS-AB7E3D36,chat_open,/support,Web,Technology,42,28.1,0,2026-03-12T03:17:52
CONT-56653906,SESS-CA950975,page_view,/support,Partner API,Travel,17,75.5,0,2026-03-30T06:16:01
CONT-88910753,SESS-7E44C332,chat_open,/billing,IVR,Retail,51,63.3,0,2026-03-22T22:34:00
CONT-CDEEF082,SESS-8B453A74,search,/home,Mobile App,Financial Services,16,52.1,0,2026-03-30T13:56:23
CONT-226C4835,SESS-81EF6710,chat_open,/contact,Kiosk,Financial Services,4,51.3,0,2026-04-03T05:24:15
CONT-1D79530C,SESS-359F0429,chat_open,/contact,IVR,Travel,8,65.2,0,2026-04-02T12:15:01
CONT-40D7D510,SESS-1AFD9BF4,form_submit,/support,Partner API,Technology,33,39.6,0,2026-03-18T18:46:50
CONT-C624BCFA,SESS-490197FD,chat_close,/settings,Web,Retail,10,47.0,0,2026-03-31T02:23:46
CONT-39D6C32D,SESS-6C057A19,form_submit,/settings,Partner API,Travel,30,85.0,0,2026-03-21T10:15:00
CONT-C5283F95,SESS-76641B9B,form_submit,/checkout,IVR,Healthcare,11,87.0,0,2026-03-22T00:50:04
CONT-47951263,SESS-9F01494F,page_view,/home,IVR,Technology,15,58.2,0,2026-03-15T06:28:46
CONT-1749B008,SESS-2F7DF34E,search,/billing,IVR,Healthcare,77,28.5,0,2026-03-18T06:36:07
CONT-8A5EFD86,SESS-3780EC1A,search,/checkout,Partner API,Retail,42,68.9,0,2026-03-08T12:06:32
CONT-55B394AC,SESS-E4AABC37,chat_close,/products,Mobile App,Healthcare,32,58.0,0,2026-04-01T00:28:33
CONT-2CA36C37,SESS-C2BA848D,chat_open,/contact,Kiosk,Travel,79,74.1,0,2026-03-29T10:20:25
CONT-602308F1,SESS-C89A4577,chat_open,/settings,IVR,Healthcare,53,50.6,0,2026-03-22T06:05:58
CONT-EC6641ED,SESS-951F2D8B,chat_open,/support,IVR,Healthcare,140,41.7,0,2026-04-02T19:19:03
CONT-278A31ED,SESS-66DB6AA2,search,/faq,Partner API,Healthcare,20,99.6,0,2026-03-17T14:04:57
CONT-98BD48F4,SESS-B1C0AA44,chat_close,/home,IVR,Financial Services,21,5.7,0,2026-03-28T11:57:55
CONT-183AC109,SESS-CF3A7AB9,chat_close,/account,IVR,Technology,9,95.7,0,2026-03-11T13:25:26
CONT-F1252D54,SESS-4C4CEE1E,chat_close,/support,Kiosk,Retail,21,64.2,0,2026-03-07T03:02:44
CONT-46ED0FF2,SESS-4E685F7D,chat_open,/contact,Mobile App,Technology,86,58.4,0,2026-03-14T05:08:44
CONT-508F4D89,SESS-A6069ADF,button_click,/contact,Kiosk,Healthcare,121,1.4,0,2026-03-16T04:18:22
CONT-FC09A2F8,SESS-4D5768DC,chat_open,/settings,Partner API,Healthcare,86,13.0,0,2026-04-02T21:50:10
CONT-E7951390,SESS-96876460,chat_close,/home,Mobile App,Financial Services,5,8.7,0,2026-03-13T17:03:59
CONT-0936D6F0,SESS-A2C4D2AA,chat_close,/orders,Kiosk,Financial Services,97,15.9,0,2026-03-18T13:09:55
CONT-8F2DD05C,SESS-6F3AFA09,chat_close,/checkout,Web,Healthcare,5,62.3,0,2026-03-14T13:36:27
CONT-728BBFB3,SESS-ECBE609E,chat_open,/home,Mobile App,Financial Services,81,96.9,0,2026-03-18T22:13:22
CONT-6EE915D5,SESS-30037D3D,search,/faq,Web,Healthcare,22,42.4,0,2026-04-05T17:28:03
CONT-2986C445,SESS-2E52E75F,page_view,/settings,Mobile App,Healthcare,66,31.4,0,2026-03-23T17:34:37
CONT-6653C0DA,SESS-B9038B8A,search,/home,Mobile App,Retail,8,4.1,0,2026-03-12T12:17:27
CONT-F2008436,SESS-7D3761FB,form_submit,/account,Mobile App,Technology,106,97.4,0,2026-03-19T21:17:37
CONT-8C2312C8,SESS-4820E5C9,form_submit,/settings,Kiosk,Technology,7,79.9,0,2026-03-12T09:30:26
CONT-1B921AF9,SESS-75F7E73A,button_click,/account,Partner API,Travel,16,24.9,0,2026-04-04T23:37:53
CONT-7D57B823,SESS-50BCC5B6,chat_close,/billing,IVR,Retail,12,84.3,0,2026-03-22T18:34:05
CONT-99B3774E,SESS-C149BA15,search,/orders,Web,Financial Services,5,16.9,0,2026-03-14T06:05:42
CONT-B017D2F9,SESS-1FA01AA5,chat_close,/support,Web,Healthcare,36,38.6,0,2026-03-20T18:02:56
CONT-63EB78AA,SESS-6643D6F5,chat_open,/checkout,Mobile App,Retail,201,93.7,0,2026-03-25T00:13:16
CONT-F2A8DAC0,SESS-E36379AA,form_submit,/checkout,Partner API,Healthcare,476,5.1,0,2026-03-26T19:13:34
CONT-01AB0A6A,SESS-4E287343,chat_close,/checkout,IVR,Retail,36,50.0,0,2026-03-30T15:43:56
CONT-14C5B00E,SESS-72BE3E78,chat_open,/settings,Kiosk,Financial Services,101,23.2,0,2026-03-13T15:29:53
CONT-B2134DB0,SESS-83E17841,search,/support,Partner API,Travel,41,6.2,0,2026-03-26T22:55:10
CONT-8F24DD1C,SESS-9DA5A123,page_view,/contact,Mobile App,Financial Services,54,40.0,0,2026-03-25T07:16:17
CONT-665B4B00,SESS-6B369004,chat_close,/billing,IVR,Travel,23,1.7,0,2026-03-15T22:05:51
CONT-24F50203,SESS-67656992,page_view,/settings,IVR,Healthcare,40,94.9,0,2026-03-08T03:13:14
CONT-D882D7CC,SESS-92F91A6D,page_view,/faq,Partner API,Retail,56,43.2,0,2026-03-29T10:32:01
CONT-789CC026,SESS-3CCF4AE1,chat_close,/account,Kiosk,Retail,18,17.3,0,2026-03-09T17:01:53
CONT-D4A7F8F0,SESS-D312FEC5,chat_open,/support,Kiosk,Healthcare,30,61.2,0,2026-03-29T04:33:18
CONT-3EC71A6E,SESS-DE2C70B5,chat_open,/faq,Mobile App,Retail,31,38.2,0,2026-03-10T14:04:59
CONT-CCA49BC8,SESS-3BE65DF1,chat_close,/support,Mobile App,Financial Services,75,58.8,0,2026-03-10T12:32:52
CONT-56653906,SESS-B87B41D0,chat_open,/billing,Partner API,Technology,11,78.3,0,2026-04-05T14:00:09
CONT-4A874DA8,SESS-E981CDC0,page_view,/home,Kiosk,Financial Services,31,2.5,0,2026-03-11T03:04:42
CONT-63A986A8,SESS-1A1C6457,button_click,/orders,Web,Retail,224,89.8,0,2026-03-13T02:42:40
CONT-622DA0D9,SESS-AF6597A5,chat_open,/support,IVR,Technology,106,74.9,0,2026-03-15T19:50:54
CONT-CD505C7F,SESS-B37CD7D7,page_view,/checkout,Kiosk,Travel,127,56.0,0,2026-03-30T20:03:04
CONT-8955E460,SESS-56364925,chat_open,/contact,IVR,Financial Services,33,89.1,0,2026-03-14T01:16:44
CONT-2712C571,SESS-AFEEC38D,search,/support,Mobile App,Financial Services,45,69.3,0,2026-04-01T04:09:29
CONT-7F4EB2A1,SESS-0CEF0BD4,chat_close,/home,Web,Financial Services,90,42.1,0,2026-04-04T00:09:44
CONT-C575199D,SESS-CC9B9A8F,page_view,/products,Kiosk,Technology,157,70.4,0,2026-03-24T18:02:31
CONT-9A4C0FEA,SESS-B5994F02,chat_open,/checkout,Mobile App,Healthcare,4,49.1,0,2026-03-07T15:18:37
CONT-8FDCD574,SESS-C07AA5C1,chat_open,/orders,Web,Technology,8,88.6,0,2026-03-19T21:03:40
CONT-7AE11742,SESS-1F6CD58F,button_click,/products,Kiosk,Financial Services,122,36.2,0,2026-03-17T13:25:40
CONT-88676FE3,SESS-4188D86B,chat_open,/faq,Kiosk,Technology,25,49.5,0,2026-04-02T00:53:04
CONT-EE0698E7,SESS-F47D27E8,page_view,/faq,Web,Travel,16,27.3,0,2026-03-22T10:35:25
CONT-30B2FE4F,SESS-B4CD78CB,search,/faq,Web,Technology,9,8.6,0,2026-04-05T20:19:09
CONT-C75E13B3,SESS-C278327A,chat_open,/settings,IVR,Financial Services,19,54.6,0,2026-03-14T12:39:42
CONT-EBC4CB03,SESS-F56CC37D,chat_open,/home,Partner API,Financial Services,8,51.3,0,2026-03-14T02:50:00
CONT-256315E2,SESS-7D073DD9,chat_close,/account,IVR,Healthcare,268,12.0,0,2026-03-08T07:16:39
CONT-7F836F4C,SESS-42997B73,form_submit,/support,IVR,Retail,32,64.5,0,2026-03-27T14:16:53
CONT-D13B80D2,SESS-9CE51BB4,form_submit,/orders,IVR,Travel,31,51.5,0,2026-03-16T18:29:25
CONT-B660CA2B,SESS-6F606DF8,chat_close,/orders,IVR,Healthcare,59,99.9,0,2026-04-04T00:31:11
CONT-278B0611,SESS-297D9B55,form_submit,/account,Mobile App,Technology,86,58.3,0,2026-03-16T06:25:26
CONT-FE4363FA,SESS-96325E7A,button_click,/products,Mobile App,Travel,85,68.5,0,2026-03-18T13:32:57
CONT-DDF1E516,SESS-3EDED420,chat_close,/products,Web,Technology,96,79.2,0,2026-03-11T02:43:48
CONT-1A8EAF06,SESS-455698AE,chat_open,/account,Partner API,Travel,17,68.1,0,2026-04-02T23:58:42
CONT-948EE7A5,SESS-73A7D4D2,chat_open,/faq,Web,Retail,24,47.1,0,2026-03-31T23:21:42
CONT-31169D6C,SESS-CC9E5980,chat_close,/orders,IVR,Retail,71,36.7,0,2026-03-08T21:54:55
CONT-516E7B34,SESS-86E7CA1F,search,/account,Web,Technology,19,82.7,0,2026-03-09T19:49:32
CONT-11706937,SESS-F6837AC0,button_click,/support,IVR,Travel,32,57.9,0,2026-03-28T11:42:23
CONT-F695E502,SESS-34CBB55D,search,/faq,Mobile App,Healthcare,49,41.2,0,2026-03-09T14:34:30
CONT-1102BEA4,SESS-AD5FB07A,page_view,/account,Web,Travel,72,92.5,0,2026-03-09T11:42:03
CONT-8D621CB8,SESS-7D2F66CD,search,/home,Web,Technology,5,55.5,0,2026-03-24T13:54:04
CONT-FAE35679,SESS-E734B3A6,chat_close,/billing,Web,Healthcare,67,4.8,0,2026-03-23T21:28:03
CONT-FDB6F293,SESS-B4B32AAD,form_submit,/settings,IVR,Financial Services,26,68.6,0,2026-03-18T03:33:14
CONT-6B508567,SESS-3B4C9542,chat_close,/settings,Mobile App,Retail,67,8.2,0,2026-03-15T08:34:03
CONT-2B7A3B25,SESS-CEB54185,search,/checkout,Partner API,Travel,72,47.3,0,2026-03-29T08:46:07
CONT-1904C034,SESS-1FCB2E9D,chat_close,/checkout,Mobile App,Travel,165,42.2,0,2026-04-04T21:13:43
CONT-766CDD3A,SESS-45D67F1B,chat_close,/faq,Kiosk,Healthcare,128,83.1,0,2026-03-15T02:34:01
CONT-5D1C8427,SESS-3E44EED8,button_click,/orders,Partner API,Healthcare,127,66.9,0,2026-03-15T01:07:42
CONT-284B832C,SESS-8F7B9B92,form_submit,/account,IVR,Healthcare,140,11.3,0,2026-03-17T06:03:11
CONT-E43906E6,SESS-9CC95EF2,form_submit,/home,Kiosk,Retail,44,90.0,0,2026-03-16T02:37:58
CONT-143C9C73,SESS-4A64EBC5,search,/settings,Mobile App,Technology,34,78.9,0,2026-03-26T04:45:20
CONT-F8112A37,SESS-C58D456B,chat_open,/settings,IVR,Technology,79,53.4,0,2026-03-25T06:54:55
CONT-7CB75A85,SESS-86219D63,page_view,/contact,Kiosk,Healthcare,68,49.6,0,2026-03-11T06:59:51
CONT-D059864D,SESS-0BAF0976,search,/products,Partner API,Retail,24,80.0,0,2026-04-01T06:58:05
CONT-84C414BD,SESS-580AE056,chat_open,/orders,Partner API,Travel,49,7.9,0,2026-03-20T05:55:00
CONT-8724DB88,SESS-749CA993,chat_open,/home,Partner API,Retail,31,21.1,0,2026-03-23T09:06:36
CONT-9A4C0FEA,SESS-E7810633,search,/billing,Kiosk,Retail,14,67.4,0,2026-03-28T13:32:26
CONT-BC5DE3E9,SESS-BA300E91,form_submit,/checkout,Web,Travel,120,61.7,0,2026-04-03T01:55:55
CONT-16FF8CA8,SESS-595041B3,button_click,/billing,Kiosk,Healthcare,34,76.5,0,2026-03-22T09:43:31
CONT-622DA0D9,SESS-5DC576B7,search,/settings,Web,Retail,256,90.1,0,2026-03-11T09:28:26
CONT-022C0901,SESS-46E0AE92,page_view,/contact,Kiosk,Retail,6,96.2,0,2026-03-19T03:36:12
CONT-82AF839B,SESS-9A2B3A27,chat_close,/orders,Partner API,Travel,18,55.4,0,2026-03-22T14:34:58
CONT-CE385FC6,SESS-2B77262A,button_click,/billing,Web,Financial Services,34,35.7,0,2026-04-04T00:06:29
CONT-15063F9F,SESS-D998BD79,page_view,/contact,Mobile App,Retail,103,81.9,0,2026-03-29T00:54:05
CONT-80C619F8,SESS-3E6C4804,chat_close,/support,Kiosk,Travel,49,0.8,0,2026-03-08T22:28:02
CONT-7E977441,SESS-1180916C,button_click,/orders,Kiosk,Financial Services,45,34.6,0,2026-03-31T01:06:46
CONT-147D0E06,SESS-73B4EE8F,button_click,/home,Kiosk,Healthcare,10,29.7,0,2026-03-14T23:02:00
CONT-6686DE8C,SESS-9A937854,chat_open,/contact,IVR,Travel,10,86.4,0,2026-04-05T14:25:08
CONT-A6C5D536,SESS-0281BDD7,page_view,/products,IVR,Healthcare,45,60.9,0,2026-04-02T04:57:01
CONT-C791B7D9,SESS-076B5BF1,search,/products,IVR,Retail,8,29.5,0,2026-04-04T08:15:47
CONT-A18167DA,SESS-7430C87C,search,/account,IVR,Travel,19,91.9,0,2026-03-30T00:45:44
CONT-89F7305A,SESS-568815DE,button_click,/account,Kiosk,Technology,54,7.9,0,2026-03-15T21:23:55
CONT-BC650596,SESS-E0D9996A,form_submit,/contact,Web,Healthcare,12,34.4,0,2026-03-13T23:50:18
CONT-8E5EC9CF,SESS-1254275F,button_click,/orders,IVR,Technology,164,62.0,0,2026-03-31T10:33:29
CONT-A12AA6B8,SESS-AA2F1C22,chat_close,/settings,IVR,Travel,112,99.3,0,2026-04-01T11:21:44
CONT-F053C0C6,SESS-97182FF7,search,/checkout,Kiosk,Healthcare,6,32.9,0,2026-03-19T12:34:16
CONT-A1034A2B,SESS-B1B3D1EB,form_submit,/account,Mobile App,Healthcare,13,0.4,0,2026-04-05T15:08:25
CONT-4043E5E0,SESS-15F557DB,chat_close,/settings,Mobile App,Technology,3,99.5,0,2026-03-07T03:47:57
CONT-6F607AF5,SESS-38E4675F,form_submit,/settings,IVR,Financial Services,15,69.5,0,2026-03-23T03:49:23
CONT-C634179E,SESS-21BABF88,page_view,/settings,Mobile App,Healthcare,71,37.7,0,2026-03-19T02:20:02
CONT-76320956,SESS-1B4C5B6B,chat_open,/home,Web,Financial Services,21,84.0,0,2026-04-01T15:08:53
CONT-7F8B9A1E,SESS-D4FEF761,form_submit,/faq,Partner API,Financial Services,52,42.2,0,2026-03-23T23:09:54
CONT-73FBD023,SESS-E3D24328,page_view,/account,Kiosk,Technology,7,55.4,0,2026-03-26T12:26:14
CONT-4043E5E0,SESS-0914E787,chat_close,/billing,Mobile App,Retail,73,96.6,0,2026-03-29T14:09:12
CONT-FAE35679,SESS-49E8C12E,chat_close,/orders,Kiosk,Travel,19,25.2,0,2026-03-08T11:15:02
CONT-9EB26A1D,SESS-249387D5,form_submit,/support,Web,Technology,33,3.5,0,2026-03-13T08:05:09
CONT-F8BB2931,SESS-EADB87DB,chat_close,/products,Mobile App,Financial Services,30,5.3,0,2026-03-28T08:37:42
CONT-736074C9,SESS-8D81A6D2,button_click,/faq,Web,Travel,9,41.4,0,2026-03-14T20:41:12
CONT-FEF5AA9E,SESS-5DE93B22,form_submit,/faq,Kiosk,Technology,10,18.8,0,2026-03-10T00:57:56
CONT-736FB02A,SESS-0D63CB80,page_view,/billing,Web,Financial Services,87,54.4,0,2026-03-07T16:42:10
CONT-81BBAB97,SESS-A29B9044,chat_open,/billing,Partner API,Technology,49,54.0,0,2026-03-09T07:19:31
CONT-F7387CDA,SESS-C0B2E340,search,/account,Kiosk,Healthcare,94,34.7,0,2026-03-31T18:57:30
CONT-2B598F92,SESS-1DE85D07,chat_open,/orders,IVR,Financial Services,45,35.4,0,2026-03-22T19:56:17
CONT-BA9EC941,SESS-79C4E4CD,form_submit,/account,Partner API,Retail,38,16.5,0,2026-04-02T17:55:58
CONT-537B8775,SESS-21EE7E81,chat_open,/billing,Kiosk,Financial Services,5,7.6,0,2026-03-15T07:38:38
CONT-147D0E06,SESS-7D515551,chat_open,/contact,IVR,Technology,25,58.4,0,2026-03-22T08:16:54
CONT-D0A6223C,SESS-C9AFFB19,chat_open,/products,IVR,Travel,32,92.2,0,2026-04-05T09:42:56
CONT-573408E8,SESS-53DD7F7A,form_submit,/billing,Partner API,Travel,233,89.1,0,2026-04-01T20:32:31
CONT-7F8B9A1E,SESS-60CA21D1,search,/home,Kiosk,Financial Services,65,4.4,0,2026-03-10T20:19:26
CONT-18069340,SESS-7DFA1D5A,button_click,/billing,Partner API,Travel,153,55.5,0,2026-03-29T08:15:18
CONT-EE40A756,SESS-61A487FD,chat_close,/billing,Mobile App,Financial Services,60,91.8,0,2026-03-17T02:19:12
CONT-A6691A45,SESS-CEEC800E,search,/orders,Partner API,Technology,16,98.0,0,2026-03-13T03:42:17
CONT-A93DED69,SESS-BAF03D80,search,/faq,Partner API,Technology,37,13.6,0,2026-04-02T06:59:05
CONT-AF124F1F,SESS-2C75138A,chat_close,/checkout,Mobile App,Technology,41,14.4,0,2026-03-29T11:09:51
CONT-3D416402,SESS-FC8FCA61,search,/home,Mobile App,Financial Services,12,0.6,0,2026-03-30T10:52:20
CONT-A895A85A,SESS-8A5F22EE,chat_open,/support,Kiosk,Technology,22,97.0,0,2026-03-07T08:27:01
CONT-A5F604BF,SESS-CEBC98E7,button_click,/contact,Mobile App,Financial Services,26,26.6,0,2026-03-23T20:14:10
CONT-FD5B7F3F,SESS-8D8BCA91,chat_close,/checkout,IVR,Financial Services,164,34.2,0,2026-03-27T15:29:25
CONT-7DD56E05,SESS-0B1620D4,button_click,/billing,IVR,Technology,4,64.4,0,2026-03-08T18:35:04
CONT-6000AA54,SESS-00CAFBB0,form_submit,/checkout,Mobile App,Healthcare,110,53.1,0,2026-04-04T08:25:20
CONT-59C9BE78,SESS-833A3ABB,button_click,/home,Mobile App,Technology,12,22.1,0,2026-03-13T03:27:27
CONT-D0DBD1BB,SESS-BA8ED6BF,chat_open,/checkout,IVR,Retail,8,31.2,0,2026-03-14T22:09:41
CONT-04306393,SESS-8B6C725E,form_submit,/home,Mobile App,Healthcare,107,34.2,0,2026-03-21T02:17:11
CONT-82AF839B,SESS-A1BFAF1D,chat_open,/settings,Mobile App,Travel,68,79.6,0,2026-03-29T05:47:14
CONT-CA459B3F,SESS-5609AC7B,page_view,/products,Web,Retail,116,41.6,0,2026-04-03T02:01:15
CONT-39EF4633,SESS-CCD17F3F,page_view,/checkout,Partner API,Technology,73,63.8,0,2026-03-20T20:37:08
CONT-4AC27ACA,SESS-EC01E5EF,chat_close,/faq,Mobile App,Travel,259,39.1,0,2026-03-23T15:56:17
CONT-B93FEBB8,SESS-57C0736E,chat_open,/home,Kiosk,Healthcare,57,51.5,0,2026-03-19T20:13:51
CONT-7A7B0C0D,SESS-736289C4,chat_close,/orders,IVR,Financial Services,28,20.7,0,2026-03-15T15:45:10
CONT-457F79CA,SESS-59023103,page_view,/billing,Kiosk,Travel,46,60.2,0,2026-03-24T02:24:00
CONT-EEAD5EDB,SESS-B01C34D2,search,/faq,Web,Retail,114,65.9,0,2026-03-27T13:06:39
CONT-7797177D,SESS-346B2067,button_click,/settings,Kiosk,Healthcare,15,58.3,0,2026-04-04T18:41:26
CONT-7ABD2E1C,SESS-93107DDB,form_submit,/billing,IVR,Healthcare,17,3.2,0,2026-03-27T00:41:27
CONT-847C9395,SESS-73CFA561,chat_close,/contact,Partner API,Healthcare,24,20.6,0,2026-03-11T03:11:56
CONT-7D9DCD41,SESS-9BE4E69E,chat_close,/home,Mobile App,Financial Services,4,57.6,0,2026-03-08T09:42:45
CONT-66B9692E,SESS-D79C585E,page_view,/support,Partner API,Technology,38,9.1,0,2026-03-25T05:58:47
CONT-6E1293C4,SESS-52A7D22A,chat_open,/support,Mobile App,Healthcare,5,42.4,0,2026-03-09T14:08:48
CONT-B00817CD,SESS-CE6FFC38,chat_open,/account,Web,Travel,34,67.4,0,2026-03-12T16:16:39
CONT-FC7D29A9,SESS-AEE0F5FE,button_click,/support,IVR,Healthcare,78,83.8,0,2026-03-16T14:22:07
CONT-8BE18ECC,SESS-8BFB1192,search,/faq,Web,Financial Services,20,63.6,0,2026-03-28T20:06:55
CONT-F0D81814,SESS-2B9CCE54,button_click,/contact,IVR,Retail,177,99.8,0,2026-03-25T11:51:50
CONT-FC7D29A9,SESS-8F2F07BA,chat_open,/orders,Partner API,Healthcare,7,46.3,0,2026-04-04T05:20:25
CONT-D9D03317,SESS-D6D26808,form_submit,/checkout,IVR,Healthcare,108,56.8,0,2026-04-05T16:34:19
CONT-805EE297,SESS-ADCDE1B1,form_submit,/checkout,Web,Healthcare,65,32.4,0,2026-03-18T15:36:33
CONT-BA048F67,SESS-B9B15598,chat_close,/orders,Mobile App,Travel,5,71.0,0,2026-03-11T00:40:38
CONT-0C0677F1,SESS-5684912F,page_view,/products,Partner API,Healthcare,498,87.5,0,2026-03-20T21:28:34
CONT-B660CA2B,SESS-2323744E,chat_open,/support,Partner API,Healthcare,31,94.2,0,2026-03-22T04:36:16
CONT-F4218F1E,SESS-5B632484,chat_close,/checkout,Mobile App,Retail,13,94.2,0,2026-04-01T17:01:16
CONT-5C81EFA9,SESS-B70077F6,chat_open,/billing,Web,Technology,8,65.0,0,2026-03-11T16:10:30
CONT-48AC8B47,SESS-34D9CB62,page_view,/settings,Mobile App,Retail,26,29.9,0,2026-03-25T04:02:43
CONT-81BBAB97,SESS-35F9FFAC,form_submit,/products,Kiosk,Financial Services,29,6.0,0,2026-03-16T22:16:14
CONT-A2E4D364,SESS-C793419B,chat_close,/billing,IVR,Technology,36,76.5,0,2026-03-19T17:20:30
CONT-44DA9AAC,SESS-F1104D6C,button_click,/home,Partner API,Travel,24,14.1,0,2026-03-09T18:02:27
CONT-4B096666,SESS-D42A1785,chat_close,/checkout,Mobile App,Financial Services,62,72.3,0,2026-03-11T10:40:38
CONT-B414F983,SESS-7CEBD46F,button_click,/products,Kiosk,Retail,22,73.7,0,2026-03-15T09:24:39
CONT-B2BA6231,SESS-DDA1180C,button_click,/orders,Mobile App,Healthcare,4,64.4,0,2026-03-08T01:41:32
CONT-9C84AB83,SESS-863C05AB,form_submit,/account,Mobile App,Retail,28,82.3,0,2026-03-08T21:11:16
CONT-2089C7FB,SESS-D4C26A3D,chat_close,/billing,Kiosk,Technology,3,57.2,0,2026-04-04T07:14:16
CONT-69E472B0,SESS-C08B6DD1,page_view,/home,Kiosk,Technology,47,60.8,0,2026-03-19T06:37:38
CONT-C582D24D,SESS-9F409A15,button_click,/support,Mobile App,Healthcare,12,30.2,0,2026-03-07T09:30:30
CONT-21D47505,SESS-3856EACA,chat_open,/settings,Web,Retail,38,20.4,0,2026-03-21T16:33:35
CONT-39432F52,SESS-78C49F7C,chat_close,/support,Kiosk,Travel,123,71.0,0,2026-03-29T23:04:30
CONT-3D1E2C8F,SESS-801CABFE,button_click,/support,Partner API,Travel,12,43.2,0,2026-03-15T12:56:20
CONT-26C2FE1A,SESS-E5C8E07A,search,/contact,IVR,Retail,95,18.6,0,2026-03-18T14:42:27
CONT-47A69FEA,SESS-100C356E,button_click,/account,Web,Financial Services,21,2.6,0,2026-03-15T00:43:59
CONT-84C7CDDA,SESS-BE0A6206,page_view,/support,Partner API,Retail,191,99.4,0,2026-03-08T21:56:36
CONT-F5A2A3ED,SESS-EDD6217D,form_submit,/settings,Kiosk,Travel,22,3.4,0,2026-04-01T12:25:04
CONT-0771D8A6,SESS-5582A320,page_view,/contact,Partner API,Travel,14,71.1,0,2026-04-04T01:52:47
CONT-32D47C07,SESS-E5807AF2,chat_close,/orders,Kiosk,Healthcare,65,15.8,0,2026-03-12T16:20:05
CONT-72EBDF6F,SESS-26CB82F3,chat_open,/account,Partner API,Travel,21,3.6,0,2026-03-14T11:30:57
CONT-C7F7BC27,SESS-C19ABB73,chat_close,/support,Mobile App,Healthcare,14,39.3,0,2026-04-03T06:17:50
CONT-F2694B9C,SESS-4FD56C26,chat_close,/support,Web,Technology,20,95.9,0,2026-03-18T08:03:09
CONT-647CFB17,SESS-3CB3B17A,search,/orders,IVR,Retail,31,99.2,0,2026-03-10T08:37:45
CONT-C066B9FD,SESS-643C41A9,page_view,/home,Mobile App,Travel,126,90.2,0,2026-03-11T11:28:09
CONT-D5A6DEA7,SESS-9BC67DE6,page_view,/contact,IVR,Healthcare,4,3.6,1,2026-03-08T11:09:12
CONT-D9E700C4,SESS-971172A3,button_click,/support,Mobile App,Retail,33,76.3,0,2026-03-19T02:07:26
CONT-D099DC89,SESS-F64E180A,form_submit,/settings,Kiosk,Technology,61,2.8,0,2026-03-30T22:29:40
CONT-86C3387E,SESS-9A602DCD,form_submit,/contact,IVR,Technology,40,34.5,0,2026-03-31T01:48:07
CONT-CD505C7F,SESS-BE5746A5,form_submit,/billing,Kiosk,Technology,122,15.2,0,2026-03-10T15:39:46
CONT-122BB387,SESS-91770521,search,/support,Web,Technology,30,2.6,0,2026-03-16T12:10:38
CONT-9802A641,SESS-E6179C32,search,/contact,Web,Retail,27,65.2,0,2026-03-09T15:55:42
CONT-CC9FBF83,SESS-CF9C9DE9,chat_close,/faq,Web,Financial Services,59,76.0,0,2026-04-03T19:58:44
CONT-1F029345,SESS-E2ABE11B,search,/support,Web,Technology,36,39.9,0,2026-03-29T09:52:08
CONT-666A84A9,SESS-B02F07BE,page_view,/checkout,Partner API,Travel,22,28.1,0,2026-04-04T23:47:01
CONT-02FF92DC,SESS-A7C3335E,search,/orders,Partner API,Financial Services,55,86.1,0,2026-03-13T15:31:44
CONT-1B921AF9,SESS-69B0F7B4,button_click,/support,IVR,Retail,17,2.9,0,2026-03-12T05:56:23
CONT-1EBA1C22,SESS-EE3CC358,chat_close,/checkout,Partner API,Retail,17,78.1,0,2026-04-04T03:44:46
CONT-14CCD884,SESS-7C44B22B,page_view,/products,Web,Travel,19,42.1,0,2026-03-19T02:51:36
CONT-DCDC67E3,SESS-2FB1178C,button_click,/products,Mobile App,Retail,128,79.9,0,2026-03-26T17:16:53
CONT-9EE2F955,SESS-C989B2D1,chat_open,/faq,Kiosk,Healthcare,1,88.2,0,2026-04-02T07:08:22
CONT-66B9692E,SESS-FCCAAFBC,chat_open,/contact,Mobile App,Travel,49,87.5,0,2026-03-15T07:20:43
CONT-7159BED8,SESS-7E80FB54,search,/checkout,Partner API,Retail,34,84.1,0,2026-03-30T22:15:20
CONT-501012B2,SESS-87D393AD,button_click,/contact,Kiosk,Travel,6,83.8,0,2026-03-13T20:42:42
CONT-12C86DBF,SESS-2E34CB8F,form_submit,/contact,Kiosk,Healthcare,45,35.6,0,2026-03-12T11:09:11
CONT-DF3EF03A,SESS-1FD0BC4C,chat_open,/account,Partner API,Technology,53,78.2,0,2026-03-17T10:13:35
CONT-819E25BB,SESS-B37A803D,chat_open,/billing,Mobile App,Technology,59,49.6,0,2026-04-03T05:22:19
CONT-E92A5D7E,SESS-49522601,chat_open,/faq,Mobile App,Technology,2,87.8,0,2026-03-16T08:17:19
CONT-622DA0D9,SESS-48468828,button_click,/contact,Web,Retail,129,25.8,0,2026-03-18T10:14:39
CONT-3D70F8EA,SESS-8201331B,form_submit,/faq,Kiosk,Travel,15,31.1,0,2026-03-27T10:36:26
CONT-736FB02A,SESS-FFD0D905,form_submit,/contact,IVR,Technology,65,94.4,0,2026-03-19T21:37:11
CONT-285CA050,SESS-8C3E1CEF,search,/support,IVR,Retail,69,13.0,0,2026-03-26T10:24:43
CONT-E598D166,SESS-3D36C359,page_view,/faq,Kiosk,Healthcare,13,89.0,0,2026-04-03T22:01:31
CONT-602056C5,SESS-E38ECCA4,search,/orders,Web,Retail,64,26.0,0,2026-03-31T22:08:15
CONT-810F1F71,SESS-405ADA26,page_view,/contact,Web,Retail,22,74.9,0,2026-03-20T01:49:15
CONT-DBD78AA0,SESS-1D4073DF,page_view,/checkout,IVR,Financial Services,4,54.4,1,2026-03-22T03:02:49
CONT-A0E0F962,SESS-C3A02E41,button_click,/orders,Web,Retail,106,41.4,0,2026-03-25T12:08:27
CONT-1CB82B7F,SESS-05338749,page_view,/products,IVR,Retail,15,86.0,0,2026-03-25T04:58:02
CONT-C4D23E2B,SESS-8B793CF1,page_view,/contact,Partner API,Financial Services,14,40.0,0,2026-03-08T01:47:22
CONT-CBEDBFCD,SESS-F8F88699,form_submit,/checkout,Kiosk,Healthcare,22,37.9,0,2026-03-24T00:31:06
CONT-2DB4BB1A,SESS-D60DA631,button_click,/orders,Partner API,Financial Services,43,38.0,0,2026-03-19T09:39:54
CONT-3082934A,SESS-2B10DAC0,button_click,/faq,IVR,Retail,31,98.9,0,2026-03-08T07:48:35
CONT-2AF5C2BA,SESS-6B00BE50,form_submit,/products,Kiosk,Healthcare,57,99.2,0,2026-04-03T12:08:23
CONT-80E9F51D,SESS-6DAD5015,chat_close,/orders,IVR,Retail,8,0.9,0,2026-03-07T08:05:30
CONT-09882179,SESS-863EB0C3,page_view,/account,Partner API,Technology,15,64.4,0,2026-03-13T16:23:36
CONT-D8438490,SESS-FB8BD455,search,/billing,Mobile App,Travel,29,37.6,0,2026-04-04T11:57:24
CONT-EEE7D297,SESS-D527CED6,form_submit,/billing,Web,Technology,220,74.4,0,2026-03-17T01:56:26
CONT-665DE30F,SESS-6C3498C9,chat_open,/support,Partner API,Healthcare,29,65.8,0,2026-03-09T16:29:34
CONT-918E706C,SESS-F2D58A22,form_submit,/faq,Web,Travel,98,19.4,0,2026-03-08T10:13:34
CONT-4D839842,SESS-03D4DC42,chat_close,/settings,Partner API,Retail,34,40.6,0,2026-03-24T12:15:33
CONT-2102D627,SESS-3751E1DE,chat_open,/account,Web,Financial Services,20,41.2,0,2026-03-19T14:28:52
CONT-384EE088,SESS-0ADA472A,page_view,/support,Kiosk,Travel,25,62.8,0,2026-04-03T06:44:45
CONT-D099DC89,SESS-2319807A,button_click,/faq,IVR,Retail,27,1.6,0,2026-03-27T09:18:12
CONT-A4D2CF5C,SESS-9641176D,search,/settings,Kiosk,Travel,60,33.5,0,2026-03-13T00:36:10
CONT-4C75F569,SESS-1DC19A4A,button_click,/settings,Kiosk,Healthcare,130,28.5,0,2026-03-25T19:07:05
CONT-8F0A65D1,SESS-B5C5AE5B,chat_open,/checkout,Kiosk,Financial Services,47,83.5,0,2026-03-30T02:33:21
CONT-CBFDBA51,SESS-02C34749,chat_close,/checkout,IVR,Financial Services,108,47.5,0,2026-03-15T04:22:55
CONT-2DB53E36,SESS-D872A040,page_view,/home,Web,Technology,12,96.7,0,2026-03-10T05:52:14
CONT-6D0C4610,SESS-E43F9115,search,/support,Kiosk,Healthcare,21,46.1,0,2026-03-20T19:32:37
CONT-6A8042B4,SESS-18AEEE6C,form_submit,/settings,Mobile App,Financial Services,16,31.3,0,2026-03-12T16:56:51
CONT-75DB3D8C,SESS-FE348725,search,/support,Partner API,Financial Services,45,82.3,0,2026-03-27T12:19:16
CONT-4D5AF4AF,SESS-40041D95,chat_close,/contact,Partner API,Technology,23,71.8,0,2026-03-09T05:48:25
CONT-A1EF07FB,SESS-09B8E801,page_view,/faq,Web,Technology,68,55.6,0,2026-03-12T00:30:58
CONT-DFEE0F80,SESS-9FB633CB,chat_close,/settings,Kiosk,Healthcare,13,44.8,0,2026-03-10T15:15:20
CONT-795D53D2,SESS-34F78F0E,chat_close,/support,Web,Healthcare,34,87.4,0,2026-04-03T11:45:44
CONT-38329484,SESS-AFF908B8,chat_open,/products,Web,Healthcare,65,17.4,0,2026-03-18T21:42:21
CONT-17BBA9B7,SESS-CDC52236,chat_close,/checkout,Mobile App,Travel,4,20.2,0,2026-03-17T08:28:28
CONT-4013060C,SESS-B84801D6,button_click,/contact,IVR,Healthcare,276,85.9,0,2026-03-30T21:09:17
CONT-9359D941,SESS-2B043EC8,chat_open,/account,Mobile App,Retail,24,91.8,0,2026-03-27T02:59:33
CONT-8BE18ECC,SESS-7263D695,search,/products,IVR,Technology,4,9.6,0,2026-03-11T00:27:16
CONT-C25D0DD5,SESS-F07EC447,chat_open,/contact,Mobile App,Retail,38,83.6,0,2026-03-29T18:07:34
CONT-A6274E80,SESS-69C27B97,chat_close,/contact,Partner API,Healthcare,34,7.3,0,2026-03-07T02:21:50
CONT-3F6A3B9C,SESS-43FB77A6,chat_close,/settings,Web,Retail,30,98.9,0,2026-03-12T18:56:53
CONT-C4D23E2B,SESS-6CA6CFA3,form_submit,/orders,Kiosk,Healthcare,89,38.2,0,2026-03-10T23:13:03
CONT-AB0AFBAE,SESS-00BF090D,chat_open,/contact,Mobile App,Retail,69,75.8,0,2026-03-29T04:59:55
CONT-7FFBDA58,SESS-72214EB4,form_submit,/billing,Kiosk,Technology,44,21.3,0,2026-04-01T01:23:37
CONT-EC8CC18F,SESS-A7EF95B2,chat_close,/checkout,Mobile App,Financial Services,51,49.7,0,2026-03-30T10:33:51
CONT-64EB64D0,SESS-4E3ECB6D,chat_open,/faq,IVR,Retail,29,5.7,0,2026-04-03T04:49:01
CONT-DA09AC79,SESS-CC0570F1,page_view,/billing,Kiosk,Financial Services,195,17.3,0,2026-03-11T14:27:28
CONT-9C23D7FE,SESS-3310F08B,page_view,/contact,Web,Travel,7,96.9,0,2026-03-15T01:24:02
CONT-2AB1C2B1,SESS-79113E48,search,/settings,Partner API,Retail,38,61.5,0,2026-03-26T16:52:06
CONT-15063F9F,SESS-32A0B14B,chat_close,/home,Mobile App,Travel,35,43.0,0,2026-03-16T20:49:29
CONT-99F24CF1,SESS-2BE705F5,button_click,/settings,Kiosk,Technology,74,6.3,0,2026-03-21T22:11:32
CONT-84AB1E09,SESS-D8FC3341,chat_close,/contact,Mobile App,Retail,14,76.9,0,2026-03-07T01:21:21
CONT-6086ADE1,SESS-BE017ABA,page_view,/support,IVR,Retail,5,83.2,0,2026-04-04T19:44:33
CONT-8BA07529,SESS-9E5D36AC,page_view,/faq,Web,Financial Services,38,48.7,0,2026-03-09T22:48:10
CONT-F1FB42B5,SESS-D617D072,chat_close,/contact,IVR,Technology,43,75.1,0,2026-04-04T03:47:46
CONT-AB92E3EB,SESS-4EAF6FAC,button_click,/home,IVR,Retail,146,57.1,0,2026-03-31T23:50:35
CONT-22F49DD0,SESS-84A6AF6F,form_submit,/contact,Kiosk,Travel,9,15.5,0,2026-03-28T03:02:16
CONT-46ED0FF2,SESS-D25949F1,chat_close,/products,Partner API,Technology,105,86.5,0,2026-03-15T13:03:27
CONT-19D84F8B,SESS-BE4F047A,search,/checkout,Web,Technology,353,79.8,0,2026-03-20T01:25:57
CONT-602308F1,SESS-CAD7F0BE,form_submit,/orders,Kiosk,Technology,22,13.3,0,2026-03-29T20:37:40
CONT-F7387CDA,SESS-9C288AE7,form_submit,/products,Web,Travel,9,51.0,0,2026-03-31T09:02:29
CONT-22FA5A5B,SESS-48D2F38D,search,/settings,Kiosk,Technology,22,47.7,0,2026-03-23T23:48:31
CONT-9730C494,SESS-FB4ACC40,page_view,/support,Kiosk,Healthcare,33,76.5,0,2026-03-14T05:47:25
CONT-ACEB5B2E,SESS-63432623,button_click,/orders,Mobile App,Technology,58,61.1,0,2026-03-17T23:02:20
CONT-BE00DD17,SESS-772827A3,button_click,/billing,IVR,Healthcare,18,34.5,0,2026-03-25T00:29:56
CONT-0C0677F1,SESS-F423B378,button_click,/support,Web,Travel,156,91.1,0,2026-03-08T14:27:23
CONT-26C2FE1A,SESS-686E51AF,form_submit,/home,IVR,Financial Services,10,33.5,0,2026-03-28T00:06:33
CONT-EEDDB97E,SESS-ABA03D96,form_submit,/billing,Mobile App,Healthcare,5,46.5,0,2026-03-30T05:39:03
CONT-7F8D84A5,SESS-0ECA86AC,page_view,/billing,Kiosk,Travel,100,20.0,0,2026-04-03T21:38:20
CONT-BED6E152,SESS-1DF95F12,page_view,/home,Kiosk,Financial Services,3,39.9,1,2026-03-26T19:34:52
CONT-D0780970,SESS-037A9F7C,button_click,/support,Mobile App,Technology,27,43.4,0,2026-03-17T12:56:20
CONT-2DB4BB1A,SESS-6EA49D2D,button_click,/billing,Partner API,Healthcare,748,69.7,0,2026-03-14T17:38:44
CONT-40D7D510,SESS-27001A11,chat_open,/support,IVR,Financial Services,32,89.5,0,2026-03-17T15:17:19
CONT-6EB81032,SESS-53FA08E9,chat_close,/billing,Mobile App,Healthcare,10,75.1,0,2026-03-17T02:13:05
CONT-73C00490,SESS-C74A527D,page_view,/support,Mobile App,Technology,31,82.5,0,2026-03-09T13:59:24
CONT-0DB64F18,SESS-37B3CA44,chat_open,/settings,Kiosk,Financial Services,31,65.5,0,2026-03-19T04:25:00
CONT-2D191E5A,SESS-493E2FB9,button_click,/faq,Web,Healthcare,38,19.8,0,2026-03-18T07:43:22
CONT-1BE5F2AE,SESS-8A2447CD,button_click,/account,Partner API,Travel,64,21.1,0,2026-03-20T15:18:29
CONT-796A678E,SESS-BC8FFC29,search,/account,Mobile App,Healthcare,11,64.6,0,2026-04-02T13:47:47
CONT-1B97FED8,SESS-68D18E78,page_view,/products,IVR,Financial Services,179,44.0,0,2026-04-04T18:14:41
CONT-43AE61CE,SESS-807E7771,chat_close,/checkout,Web,Technology,42,94.9,0,2026-04-03T17:41:26
CONT-9322EC17,SESS-7DE49382,search,/contact,Web,Technology,68,29.6,0,2026-03-24T07:24:06
CONT-90D2F319,SESS-C61DD65D,form_submit,/billing,Web,Healthcare,17,48.9,0,2026-04-02T04:25:21
CONT-FB710219,SESS-F8C6CEE5,button_click,/faq,Partner API,Financial Services,119,43.5,0,2026-03-08T11:05:21
CONT-1117F0A4,SESS-4A2F365A,button_click,/billing,IVR,Financial Services,25,64.8,0,2026-04-05T06:00:14
CONT-E60A79C7,SESS-927F41CE,chat_open,/contact,Kiosk,Travel,43,20.4,0,2026-03-13T10:42:26
CONT-573408E8,SESS-BF43667E,chat_open,/support,Partner API,Retail,13,22.1,0,2026-03-29T04:13:37
CONT-826A6048,SESS-47CADF5F,chat_open,/faq,Partner API,Financial Services,12,67.8,0,2026-03-10T21:33:33
CONT-66B9692E,SESS-C7FB135B,form_submit,/home,Mobile App,Financial Services,65,9.5,0,2026-03-31T17:58:14
CONT-96FB8DBB,SESS-EE5EEE6C,chat_open,/orders,Kiosk,Healthcare,21,77.9,0,2026-03-08T10:46:54
CONT-16DBA9B5,SESS-C43D1A29,form_submit,/home,IVR,Technology,14,43.4,0,2026-04-01T10:30:49
CONT-D2AF8338,SESS-39126696,chat_close,/home,IVR,Technology,17,22.3,0,2026-03-21T10:48:14
CONT-86820FA2,SESS-A3F7CB26,search,/faq,Web,Healthcare,66,82.9,0,2026-04-04T00:15:38
CONT-69896665,SESS-63BB45CE,chat_open,/orders,Mobile App,Financial Services,17,56.0,0,2026-03-24T09:32:13
CONT-CB9E6681,SESS-2BEE5F8C,chat_open,/account,Web,Financial Services,29,52.8,0,2026-03-15T23:46:18
CONT-6F49618A,SESS-F298C2EE,button_click,/faq,IVR,Financial Services,33,15.3,0,2026-03-22T18:56:55
CONT-BDDE148B,SESS-3E03E5B9,chat_open,/orders,Mobile App,Technology,4,29.5,0,2026-04-03T19:18:53
CONT-8D621CB8,SESS-5B211FE8,search,/support,Partner API,Travel,7,25.7,0,2026-03-23T08:25:12
CONT-CE385FC6,SESS-EEC14D61,form_submit,/home,Mobile App,Travel,46,56.3,0,2026-03-22T13:16:32
CONT-A93DED69,SESS-72DB4B1D,chat_close,/products,IVR,Healthcare,15,43.5,0,2026-03-24T20:45:08
CONT-2AF5C2BA,SESS-E025B6CD,page_view,/faq,Web,Travel,95,49.1,0,2026-03-08T12:28:49
CONT-87A85C8A,SESS-430FA5A1,button_click,/account,Web,Financial Services,87,73.6,0,2026-03-29T16:57:35
CONT-06AC28ED,SESS-C2F5C54F,search,/orders,Mobile App,Financial Services,67,35.1,0,2026-03-25T22:59:26
CONT-9A7EA3D4,SESS-CC67E665,search,/support,Mobile App,Financial Services,204,94.7,0,2026-03-16T22:15:56
CONT-11706937,SESS-169D5E39,chat_open,/faq,Kiosk,Travel,30,21.4,0,2026-03-10T04:05:37
CONT-1F1A0677,SESS-7DB6C5B5,chat_close,/orders,Web,Retail,63,58.0,0,2026-03-08T14:53:47
CONT-E6393BBB,SESS-BBD02304,page_view,/products,Partner API,Travel,18,43.1,0,2026-03-08T02:41:12
CONT-579DF1A4,SESS-EF5263E4,search,/support,Mobile App,Technology,384,31.0,0,2026-03-28T17:06:43
CONT-7BD823DA,SESS-EE2F87E8,chat_open,/settings,Mobile App,Technology,240,51.4,0,2026-04-05T19:24:20
CONT-7FFBDA58,SESS-35D24B7C,chat_close,/products,Web,Technology,33,99.2,0,2026-03-09T19:54:02
CONT-F42A1470,SESS-EB82CCDE,chat_open,/home,Partner API,Financial Services,48,49.6,0,2026-03-27T03:18:58
CONT-C5CE4A93,SESS-C4223B3A,chat_close,/checkout,Partner API,Retail,128,1.4,0,2026-03-23T23:51:37
CONT-24B3BD58,SESS-E46D2D8B,search,/support,Kiosk,Technology,28,43.5,0,2026-04-03T21:30:50
CONT-002CB4CC,SESS-B94000D4,form_submit,/products,IVR,Financial Services,17,68.9,0,2026-03-18T08:24:27
CONT-3FD04654,SESS-C2A02985,search,/contact,Web,Healthcare,79,13.1,0,2026-04-03T19:07:38
CONT-90A74461,SESS-EA63C1C9,chat_close,/checkout,IVR,Technology,35,34.5,0,2026-03-11T06:22:57
CONT-19031451,SESS-9C1FFDC2,button_click,/faq,Partner API,Healthcare,39,74.0,0,2026-03-28T11:35:58
CONT-CC19C212,SESS-07E749D8,chat_open,/contact,Partner API,Travel,14,23.6,0,2026-03-28T14:31:59
CONT-73F4067D,SESS-38BF4964,button_click,/products,Kiosk,Retail,5,60.6,0,2026-03-26T13:51:05
CONT-C56A12D8,SESS-881BF0AA,form_submit,/settings,Mobile App,Travel,41,4.1,0,2026-03-14T15:47:00
CONT-3499C8FE,SESS-C7DADA84,form_submit,/home,Mobile App,Financial Services,81,4.5,0,2026-04-03T16:51:12
CONT-C11574AB,SESS-F45192FA,chat_open,/orders,Kiosk,Technology,26,80.2,0,2026-03-15T00:42:16
CONT-B6A5B671,SESS-44069B1A,button_click,/products,Mobile App,Healthcare,139,25.1,0,2026-03-26T16:40:30
CONT-7143E9B6,SESS-0170A120,form_submit,/billing,Web,Financial Services,16,82.0,0,2026-03-24T06:23:05
CONT-891E8C3B,SESS-D803B238,page_view,/support,Partner API,Technology,11,6.3,0,2026-04-01T07:08:26
CONT-97A052C7,SESS-8E5F2B27,page_view,/support,Kiosk,Healthcare,30,42.0,0,2026-03-21T02:44:01
CONT-9945776A,SESS-49F95FF5,search,/home,Kiosk,Travel,30,80.2,0,2026-03-17T06:55:30
CONT-5960E683,SESS-1D4CEC4A,search,/products,IVR,Healthcare,71,46.0,0,2026-04-04T07:03:23
CONT-4FB99958,SESS-136B628E,chat_close,/account,IVR,Retail,15,18.6,0,2026-03-12T14:54:28
CONT-602308F1,SESS-7DF0BB94,form_submit,/home,Mobile App,Travel,130,81.6,0,2026-03-26T15:55:46
CONT-1FD4F1FC,SESS-A051CA40,form_submit,/checkout,Partner API,Technology,236,71.0,0,2026-03-10T09:42:26
CONT-DB9420CF,SESS-F7BA9698,chat_open,/home,Web,Healthcare,31,12.3,0,2026-04-01T07:09:53
CONT-0771D8A6,SESS-C256C8B8,button_click,/support,Mobile App,Healthcare,115,13.1,0,2026-04-02T09:34:56
CONT-194BEE5A,SESS-E4F65C4A,chat_close,/orders,Web,Retail,11,81.5,0,2026-04-01T00:44:47
CONT-8F2DD05C,SESS-C97D149B,form_submit,/home,Web,Financial Services,97,58.6,0,2026-03-30T09:28:40
CONT-8A2FE319,SESS-6B4A1BB0,chat_open,/home,Web,Retail,94,6.9,0,2026-03-21T06:53:17
CONT-A1E60FE1,SESS-F0BB4A9B,form_submit,/faq,Web,Travel,78,9.3,0,2026-03-25T04:39:11
CONT-3EB1EBBC,SESS-011DA285,page_view,/orders,Web,Travel,32,29.5,0,2026-04-03T14:00:21
CONT-2B914CBE,SESS-DAC2B95B,chat_open,/account,Mobile App,Technology,1,62.5,0,2026-03-25T03:21:55
CONT-A7EE01DB,SESS-9F07DAEA,form_submit,/checkout,Web,Travel,17,9.5,0,2026-04-04T19:01:47
CONT-02FDE145,SESS-C01BA6BC,chat_open,/orders,Partner API,Technology,17,8.1,0,2026-03-28T00:35:50
CONT-80DF7521,SESS-0167C0A9,chat_close,/faq,Web,Technology,12,0.8,0,2026-03-07T13:21:40
CONT-23E80AEB,SESS-E4750CA4,form_submit,/settings,Mobile App,Travel,37,85.1,0,2026-03-14T21:50:03
CONT-24B3BD58,SESS-F2DBDD68,chat_open,/checkout,Web,Technology,21,91.8,0,2026-03-11T22:09:17
CONT-D0780970,SESS-FDB7E04D,search,/account,Mobile App,Travel,14,22.0,0,2026-03-13T19:41:27
CONT-B660CA2B,SESS-6AA17CC9,button_click,/products,Partner API,Healthcare,11,16.3,0,2026-03-13T13:01:02
CONT-D451228D,SESS-665D11F5,chat_open,/products,Web,Retail,16,94.4,0,2026-03-17T08:23:34
CONT-FDE4A093,SESS-804C9845,chat_close,/account,IVR,Technology,101,36.3,0,2026-04-02T23:24:14
CONT-8FA7E38A,SESS-9FF2731C,search,/billing,IVR,Healthcare,17,54.1,0,2026-03-25T20:49:17
CONT-4AC27ACA,SESS-A5FA6F10,page_view,/account,Mobile App,Technology,19,78.9,0,2026-03-13T08:59:06
CONT-665B4B00,SESS-818C273E,page_view,/support,Web,Technology,20,59.2,0,2026-03-24T23:46:41
CONT-EB4895BF,SESS-B1C7CAED,search,/checkout,IVR,Retail,46,16.8,0,2026-03-12T17:20:23
CONT-F0D33C5E,SESS-BF697EFC,search,/home,Web,Travel,52,8.2,0,2026-03-12T21:29:11
CONT-66C9AEE3,SESS-724F0C03,chat_close,/billing,Mobile App,Travel,1,84.4,0,2026-03-17T18:14:35
CONT-48496111,SESS-83167854,page_view,/billing,Kiosk,Healthcare,91,58.4,0,2026-03-31T15:49:34
CONT-61CD9AAE,SESS-0FAE7EF8,search,/settings,Mobile App,Retail,139,42.9,0,2026-03-14T07:30:44
CONT-369CF6FD,SESS-020118C7,page_view,/products,Kiosk,Travel,11,43.0,0,2026-03-31T12:14:44
CONT-8F2962F7,SESS-95D53F80,chat_open,/account,Web,Travel,12,70.4,0,2026-03-12T05:31:23
CONT-BF2AE7B2,SESS-507FBF5D,search,/contact,Web,Healthcare,21,35.9,0,2026-03-23T16:31:57
CONT-4AC8C193,SESS-B5E4F766,page_view,/account,Mobile App,Retail,15,84.3,0,2026-03-27T11:53:23
CONT-7A62DE92,SESS-2B7CE87D,chat_open,/account,IVR,Healthcare,41,77.6,0,2026-04-03T00:42:57
CONT-61CD9AAE,SESS-6764A4F3,page_view,/products,Kiosk,Technology,4,84.0,1,2026-04-02T06:26:42
CONT-F88F4B73,SESS-C93E93DF,page_view,/settings,IVR,Retail,10,25.7,0,2026-04-02T18:54:22
CONT-F2B1A7A3,SESS-5711BABB,button_click,/products,IVR,Travel,154,32.6,0,2026-03-20T14:47:38
CONT-538D06D2,SESS-50F25AB3,form_submit,/home,IVR,Retail,13,59.1,0,2026-03-23T03:17:38
CONT-08CBA726,SESS-D2F18C68,chat_open,/home,IVR,Financial Services,114,69.2,0,2026-03-29T04:07:59
CONT-728BBFB3,SESS-E789B211,form_submit,/orders,IVR,Travel,47,55.8,0,2026-04-02T12:34:52
CONT-9294A840,SESS-CE5D535B,form_submit,/settings,Web,Technology,5,25.8,0,2026-04-05T12:49:26
CONT-9DDFE3A1,SESS-DC29597A,page_view,/products,Mobile App,Travel,62,65.8,0,2026-03-21T02:17:20
CONT-BD9E1DBC,SESS-D22C5E00,form_submit,/faq,IVR,Technology,29,17.9,0,2026-03-16T05:59:19
CONT-1904C034,SESS-822F69F8,chat_close,/contact,Kiosk,Technology,21,40.6,0,2026-03-25T23:00:20
CONT-AAC180BE,SESS-934E5430,page_view,/settings,Kiosk,Financial Services,42,4.5,0,2026-03-25T23:15:07
CONT-EB05423A,SESS-DCA287EF,form_submit,/faq,Mobile App,Travel,53,98.0,0,2026-03-26T11:01:44
CONT-FE4363FA,SESS-923B35E1,search,/products,IVR,Travel,67,32.0,0,2026-03-07T16:41:19
CONT-5A08836D,SESS-099A10D2,chat_close,/orders,Mobile App,Travel,107,80.7,0,2026-03-25T20:09:04
CONT-218EC7E1,SESS-AD2C3B2A,page_view,/orders,IVR,Financial Services,49,76.9,0,2026-04-02T05:18:45
CONT-6BD4E21D,SESS-15777AB2,search,/home,Mobile App,Healthcare,8,59.7,0,2026-03-13T04:31:07
CONT-1BE96E87,SESS-6F57C8D9,search,/contact,Partner API,Technology,20,48.3,0,2026-03-09T05:33:43
CONT-AC6E2C62,SESS-7DB4161F,search,/checkout,IVR,Financial Services,628,83.9,0,2026-03-30T20:08:22
CONT-0936D6F0,SESS-631F193F,chat_close,/products,Web,Financial Services,68,6.3,0,2026-03-24T16:00:03
CONT-7E34666D,SESS-C164B187,search,/billing,Mobile App,Retail,353,71.7,0,2026-03-14T03:52:13
CONT-3F9236EF,SESS-D01BE3E2,button_click,/products,Mobile App,Financial Services,133,34.0,0,2026-03-23T13:57:32
CONT-908CC256,SESS-07B1D8A2,chat_close,/orders,Web,Retail,42,52.1,0,2026-04-01T08:44:02
CONT-18E61FC8,SESS-7D5193FB,chat_open,/products,Partner API,Technology,44,87.9,0,2026-03-28T23:20:09
CONT-2AB81456,SESS-F34D3658,page_view,/checkout,Web,Healthcare,31,77.3,0,2026-03-07T09:37:02
CONT-1B97FED8,SESS-44DCA2CF,form_submit,/support,Kiosk,Financial Services,5,76.8,0,2026-03-16T03:31:21
CONT-E8B3FCF6,SESS-AA09121E,page_view,/contact,Kiosk,Healthcare,33,91.9,0,2026-03-07T19:24:29
CONT-3934ABB8,SESS-4ACC4CD4,chat_open,/settings,Mobile App,Healthcare,111,66.4,0,2026-03-18T18:11:02
CONT-24F50203,SESS-DD529B36,button_click,/account,Web,Travel,18,8.5,0,2026-03-14T03:07:56
CONT-D1491165,SESS-D2782469,chat_open,/products,Kiosk,Financial Services,49,72.6,0,2026-03-20T10:55:08
CONT-772F57C6,SESS-3FAC7C21,chat_close,/account,Kiosk,Retail,77,80.7,0,2026-04-02T03:06:17
CONT-5E3E70E6,SESS-8FCDD498,search,/contact,Mobile App,Healthcare,13,69.5,0,2026-03-16T13:19:43
CONT-D0EF20A0,SESS-7CA55E73,chat_close,/faq,IVR,Travel,21,76.2,0,2026-03-14T08:04:46
CONT-AB86ED14,SESS-21E78F51,form_submit,/home,Mobile App,Retail,11,92.8,0,2026-03-27T17:35:20
CONT-C1C7C50B,SESS-FF48343A,button_click,/support,Web,Financial Services,14,49.2,0,2026-04-03T11:15:44
CONT-1D08D422,SESS-BFB01718,chat_close,/contact,Web,Travel,9,10.9,0,2026-03-07T18:03:00
CONT-7DBE5E64,SESS-05BFEF39,chat_close,/settings,IVR,Financial Services,13,86.2,0,2026-03-14T21:28:18
CONT-50AA78F1,SESS-B1983C41,form_submit,/faq,Partner API,Travel,136,75.5,0,2026-03-28T03:04:01
CONT-A1E60FE1,SESS-B113EF34,button_click,/checkout,Kiosk,Travel,13,47.3,0,2026-03-20T16:50:03
CONT-D32A51F4,SESS-62C6E638,form_submit,/billing,IVR,Financial Services,37,76.7,0,2026-03-21T14:07:00
CONT-54BEC99E,SESS-5E17D534,chat_open,/contact,Mobile App,Financial Services,20,74.9,0,2026-03-30T23:32:25
CONT-1556B457,SESS-61DD804F,chat_close,/billing,Kiosk,Healthcare,107,29.5,0,2026-03-16T00:19:55
CONT-FA7BC49D,SESS-E05BD34C,chat_close,/checkout,Mobile App,Healthcare,122,11.7,0,2026-03-29T14:51:38
CONT-3CA51706,SESS-495F9BD8,chat_close,/contact,Mobile App,Travel,78,2.5,0,2026-03-09T05:39:59
CONT-0049CD55,SESS-E52C237F,form_submit,/checkout,Kiosk,Financial Services,44,55.4,0,2026-04-01T14:18:39
CONT-17957E10,SESS-03AC2297,chat_open,/faq,Mobile App,Retail,26,98.7,0,2026-03-28T10:14:45
CONT-4C614E71,SESS-013F986D,search,/orders,IVR,Technology,10,70.9,0,2026-04-01T20:08:51
CONT-7D9DCD41,SESS-78F9F6E3,chat_open,/contact,IVR,Healthcare,231,32.1,0,2026-03-31T07:11:15
CONT-360F1BC6,SESS-807CE5B6,page_view,/billing,Web,Technology,15,31.3,0,2026-03-10T12:11:00
CONT-555DCC18,SESS-0F039523,button_click,/orders,Partner API,Healthcare,64,60.4,0,2026-03-11T23:40:51
CONT-834B0D71,SESS-73FAF433,chat_close,/billing,IVR,Financial Services,95,9.5,0,2026-03-08T16:09:23
CONT-4B33E9F7,SESS-7ECDA446,form_submit,/account,Kiosk,Healthcare,19,22.0,0,2026-03-12T21:53:07
CONT-9B083394,SESS-FFD489B0,search,/account,Kiosk,Healthcare,93,35.5,0,2026-04-04T16:25:34
CONT-D11E127D,SESS-66025882,chat_open,/orders,Kiosk,Healthcare,71,70.8,0,2026-03-22T03:22:35
CONT-DD54A8FE,SESS-0DAAA17F,button_click,/support,Web,Travel,186,79.6,0,2026-03-30T05:52:17
CONT-51A2707E,SESS-FAFD2379,page_view,/checkout,Mobile App,Financial Services,20,81.9,0,2026-03-20T10:17:39
CONT-25333582,SESS-322725D4,chat_open,/faq,Mobile App,Travel,9,43.2,0,2026-04-05T20:50:04
CONT-91F24084,SESS-C00EBA21,page_view,/account,Web,Retail,19,74.6,0,2026-03-21T16:29:23
CONT-18FBD5EE,SESS-5DDF3848,form_submit,/products,Partner API,Travel,40,49.6,0,2026-04-02T08:20:07
CONT-8F2962F7,SESS-76599EA6,form_submit,/contact,IVR,Retail,35,73.4,0,2026-04-01T09:54:48
CONT-5129B72E,SESS-BC9F7A61,page_view,/faq,Partner API,Technology,22,5.4,0,2026-03-13T08:25:56
CONT-0F1AF68D,SESS-4491FBF3,form_submit,/settings,Partner API,Financial Services,4,49.9,0,2026-03-19T09:14:40
CONT-5187F92F,SESS-6153D4EA,search,/orders,Mobile App,Travel,53,12.8,0,2026-03-21T00:05:14
CONT-97271946,SESS-228CF28A,page_view,/support,Mobile App,Retail,238,16.0,0,2026-03-16T00:57:29
CONT-9FEF63CA,SESS-2852E4D0,chat_open,/checkout,Kiosk,Travel,52,4.1,0,2026-03-28T07:26:21
CONT-94A15F1C,SESS-2F0C243F,form_submit,/faq,Mobile App,Retail,60,98.1,0,2026-04-01T12:05:21
CONT-E1685AF2,SESS-A760D51D,search,/contact,IVR,Healthcare,58,46.0,0,2026-03-31T02:18:44
CONT-BC5DE3E9,SESS-4D7A6341,page_view,/faq,Web,Financial Services,49,40.3,0,2026-03-26T23:00:04
CONT-E28A51F5,SESS-E2C0C928,form_submit,/orders,Web,Retail,84,67.2,0,2026-03-28T19:27:00
CONT-376EBA00,SESS-19DBF106,chat_close,/billing,Mobile App,Travel,49,85.2,0,2026-03-12T19:58:49
CONT-1D08D422,SESS-AB8978D2,button_click,/contact,Mobile App,Retail,24,58.1,0,2026-03-17T07:36:41
CONT-CD0BC956,SESS-FB642137,chat_open,/orders,Partner API,Financial Services,14,48.1,0,2026-03-19T16:46:24
CONT-D38BF37F,SESS-CDB77A6B,search,/billing,IVR,Healthcare,25,70.8,0,2026-03-17T11:04:06
CONT-D77A335A,SESS-605325CD,button_click,/support,Web,Healthcare,45,72.2,0,2026-03-24T11:36:31
CONT-6EEF9E4A,SESS-9737B0FB,chat_open,/orders,Partner API,Financial Services,24,66.2,0,2026-03-08T18:44:23
CONT-F454502C,SESS-41B410BA,search,/orders,Web,Healthcare,45,54.3,0,2026-03-18T05:50:55
CONT-185B5175,SESS-85D82D50,button_click,/support,Kiosk,Healthcare,51,20.6,0,2026-03-23T12:11:20
CONT-15B354A7,SESS-02F9A4AE,chat_close,/products,Partner API,Travel,76,9.2,0,2026-04-01T06:50:23
CONT-068B6BC0,SESS-64179DED,form_submit,/orders,Kiosk,Retail,119,15.4,0,2026-03-19T16:32:21
CONT-366D98E1,SESS-2F36B8AA,page_view,/home,IVR,Financial Services,35,46.8,0,2026-03-11T06:55:59
CONT-FDA4A257,SESS-1AEDBDEA,chat_close,/home,Kiosk,Travel,8,71.0,0,2026-03-17T22:45:19
CONT-A898903B,SESS-0A1073E7,search,/products,Partner API,Retail,23,8.3,0,2026-03-26T22:34:53
CONT-C8F9A39F,SESS-81118370,form_submit,/settings,Kiosk,Healthcare,34,73.8,0,2026-04-02T19:41:29
CONT-DB4A7617,SESS-82A22475,chat_close,/checkout,Partner API,Healthcare,5,16.7,0,2026-03-18T23:28:39
CONT-8C373ED1,SESS-27C2567B,chat_open,/support,Web,Financial Services,132,76.3,0,2026-03-26T21:48:59
CONT-6030A65E,SESS-5492E3C0,chat_close,/orders,Kiosk,Travel,38,49.7,0,2026-03-30T17:33:52
CONT-4AC27ACA,SESS-2CA0CFD6,search,/orders,Partner API,Technology,48,47.6,0,2026-03-24T18:32:45
CONT-69E472B0,SESS-7AD9EE62,button_click,/checkout,Partner API,Technology,129,7.2,0,2026-03-21T23:32:35
CONT-4C61B980,SESS-E8B031A4,search,/products,Partner API,Retail,17,58.5,0,2026-03-17T16:23:13
CONT-20D01F8B,SESS-CAB7DB3C,chat_open,/home,Partner API,Travel,58,79.9,0,2026-03-15T16:43:55
CONT-F12211E6,SESS-4D23072C,search,/billing,Mobile App,Financial Services,29,60.8,0,2026-03-07T15:07:47
CONT-2B67C626,SESS-4E6788D0,search,/orders,Web,Healthcare,27,86.6,0,2026-03-08T14:37:54
CONT-3C5083D3,SESS-1FE478DF,page_view,/account,Mobile App,Travel,15,10.6,0,2026-03-21T22:47:08
CONT-CBBEBA86,SESS-73A90A0D,page_view,/products,Kiosk,Financial Services,175,74.9,0,2026-03-27T00:49:41
CONT-EE33237C,SESS-3F307B65,search,/settings,Mobile App,Retail,22,26.2,0,2026-04-04T09:36:17
CONT-D93F9CB4,SESS-DBF212E3,page_view,/account,Web,Travel,66,95.1,0,2026-03-11T17:18:11
CONT-D5001487,SESS-AB2B3F00,search,/products,IVR,Travel,5,1.9,0,2026-04-05T06:17:50
CONT-BF2AE7B2,SESS-4992F8E8,page_view,/checkout,IVR,Financial Services,107,53.0,0,2026-03-08T07:10:44
CONT-9945776A,SESS-D4B479A8,search,/settings,Partner API,Technology,94,46.2,0,2026-03-18T05:19:42
CONT-031F3205,SESS-A1D3BA66,search,/billing,Web,Travel,36,67.6,0,2026-03-12T17:40:47
CONT-1B43E06E,SESS-DAE1B2AB,button_click,/support,IVR,Financial Services,26,43.2,0,2026-03-17T20:39:13
CONT-1904C034,SESS-93EC2C98,button_click,/home,Kiosk,Travel,49,79.8,0,2026-04-03T13:19:04
CONT-58D0CB1E,SESS-FF488E77,search,/billing,Kiosk,Healthcare,326,62.0,0,2026-03-29T18:23:33
CONT-BC3AB157,SESS-D622348B,chat_close,/checkout,Kiosk,Technology,5,61.8,0,2026-03-14T14:52:00
CONT-14C5B00E,SESS-E17FFE4B,search,/faq,Web,Retail,72,11.6,0,2026-03-23T07:03:08
CONT-2414CFA3,SESS-9085ABCA,chat_close,/settings,Web,Technology,13,67.6,0,2026-03-16T23:32:37
CONT-CF072787,SESS-314A9EF8,button_click,/orders,Web,Travel,32,42.4,0,2026-03-23T12:30:54
CONT-A5F604BF,SESS-6FEEB220,chat_open,/contact,Partner API,Travel,25,42.0,0,2026-03-10T01:12:35
CONT-35F50638,SESS-CFC2E5C0,chat_open,/checkout,Partner API,Technology,21,20.0,0,2026-03-23T20:00:54
CONT-2DB53E36,SESS-79944630,search,/faq,Partner API,Healthcare,32,82.9,0,2026-03-16T10:39:50
CONT-08453059,SESS-3C1F4539,search,/products,Kiosk,Technology,10,5.1,0,2026-03-25T13:51:11
CONT-3B8B5B4A,SESS-CF71F2D1,button_click,/faq,IVR,Technology,92,65.8,0,2026-03-24T00:32:13
CONT-2B41D2FA,SESS-8606DB64,search,/products,Kiosk,Travel,5,44.4,0,2026-03-25T19:10:27
CONT-E6FF5900,SESS-59670E30,chat_open,/products,Partner API,Healthcare,56,97.2,0,2026-03-10T19:14:02
CONT-8FA7E38A,SESS-F77A2E00,form_submit,/support,Kiosk,Technology,23,90.7,0,2026-03-22T12:29:47
CONT-A92917C8,SESS-0CE45666,page_view,/billing,Kiosk,Retail,10,77.5,0,2026-03-18T17:10:42
CONT-1040AA48,SESS-040A9A79,search,/billing,Partner API,Retail,40,55.9,0,2026-03-20T05:56:38
CONT-2B67C626,SESS-DB86DA1D,chat_close,/contact,Partner API,Technology,6,31.5,0,2026-03-18T00:27:47
CONT-23E80AEB,SESS-5E68B20B,chat_open,/products,Kiosk,Retail,34,23.7,0,2026-03-23T23:04:39
CONT-B6238665,SESS-02301890,chat_open,/home,IVR,Travel,7,0.7,0,2026-03-18T03:28:15
CONT-AA9D7FE2,SESS-934144B6,button_click,/support,Partner API,Healthcare,52,92.5,0,2026-04-04T04:09:07
CONT-4B096666,SESS-BDD8E368,button_click,/settings,Web,Financial Services,13,40.7,0,2026-03-25T10:28:11
CONT-B0FB3B70,SESS-63A2D65D,chat_close,/contact,Web,Healthcare,21,81.1,0,2026-03-08T09:59:31
CONT-C1936B8A,SESS-2E0A76F7,button_click,/faq,Mobile App,Retail,44,96.8,0,2026-03-20T08:12:27
CONT-A44FA092,SESS-DEDD6129,form_submit,/home,IVR,Financial Services,15,17.7,0,2026-03-19T12:05:17
CONT-E4D6D4F7,SESS-3DF2E24C,page_view,/checkout,Web,Retail,31,80.2,0,2026-03-13T20:27:15
CONT-16573E15,SESS-3B0770B0,form_submit,/contact,Mobile App,Travel,7,45.2,0,2026-04-04T05:24:36
CONT-415CBAED,SESS-B39D4E79,button_click,/support,Kiosk,Technology,62,46.7,0,2026-03-27T17:32:20
CONT-97D82E62,SESS-6901C6B7,chat_close,/orders,IVR,Retail,193,24.8,0,2026-03-13T15:01:22
CONT-B1EDDD3B,SESS-BB649474,button_click,/settings,Partner API,Technology,540,26.4,0,2026-03-23T07:05:20
CONT-2B41D2FA,SESS-9A210129,button_click,/home,Partner API,Healthcare,36,81.8,0,2026-03-10T09:20:28
CONT-87A85C8A,SESS-DB0C3F19,page_view,/home,Mobile App,Technology,72,43.6,0,2026-03-30T10:39:51
CONT-67EF7131,SESS-99D3AD1A,chat_open,/account,Partner API,Healthcare,5,11.5,0,2026-03-21T12:23:41
CONT-1C8C3EF2,SESS-F80E18E6,form_submit,/settings,IVR,Technology,148,56.6,0,2026-03-29T18:48:43
CONT-CCDFFD52,SESS-9DBE11D1,chat_open,/support,Mobile App,Retail,71,42.7,0,2026-03-19T19:05:58
CONT-46BC6C71,SESS-414CACD0,button_click,/checkout,IVR,Healthcare,20,27.0,0,2026-03-29T23:09:10
CONT-2C3CD0FB,SESS-7E04E0B6,chat_open,/support,Kiosk,Retail,114,94.6,0,2026-03-23T16:43:01
CONT-8131E412,SESS-7E3346B0,chat_close,/billing,IVR,Retail,25,18.6,0,2026-03-29T16:29:35
CONT-4091852A,SESS-DFD559C4,chat_close,/orders,Partner API,Technology,20,33.4,0,2026-03-29T20:06:30
CONT-2DA0412E,SESS-F2C4A22C,search,/account,Partner API,Retail,53,94.1,0,2026-04-05T02:43:03
CONT-DCDC67E3,SESS-378267C1,button_click,/orders,Web,Financial Services,11,57.0,0,2026-03-13T04:24:13
CONT-9539F6EC,SESS-62C3CC82,search,/faq,Kiosk,Healthcare,91,59.8,0,2026-04-04T13:21:38
CONT-F7E67B00,SESS-8C6D2771,form_submit,/account,Mobile App,Financial Services,11,49.8,0,2026-03-31T07:10:53
CONT-F2E421A1,SESS-73495E9C,page_view,/checkout,Partner API,Retail,11,48.9,0,2026-03-10T05:03:23
CONT-5EA9EF5F,SESS-992A2E95,page_view,/orders,Kiosk,Retail,13,88.6,0,2026-03-27T17:51:32
CONT-89EFBA6C,SESS-95241FDE,page_view,/faq,Web,Technology,70,52.8,0,2026-04-02T02:37:52
CONT-D0EF20A0,SESS-E125F0CE,chat_close,/products,IVR,Travel,17,73.1,0,2026-03-31T20:51:41
CONT-E2DB8DDF,SESS-EDABCA11,page_view,/support,Kiosk,Travel,8,84.1,0,2026-03-24T01:15:29
CONT-8D62D59C,SESS-FBCB5DDE,button_click,/orders,Kiosk,Healthcare,18,69.0,0,2026-03-07T08:26:02
CONT-FF45ED55,SESS-F6483A9E,form_submit,/products,Partner API,Financial Services,32,47.9,0,2026-03-31T22:56:17
CONT-A95E7203,SESS-0A3C0A06,chat_open,/home,Mobile App,Retail,10,86.7,0,2026-04-02T21:33:04
CONT-8368CBEF,SESS-1F2BC093,chat_open,/support,IVR,Healthcare,10,24.6,0,2026-03-11T00:21:38
CONT-8F0A65D1,SESS-0B3E1D43,search,/contact,Kiosk,Travel,273,50.3,0,2026-03-19T23:03:15
CONT-EE0698E7,SESS-9CDF094F,form_submit,/home,Partner API,Travel,14,65.9,0,2026-03-22T07:31:36
CONT-1EBA1C22,SESS-86249CB0,chat_open,/support,Web,Financial Services,23,99.6,0,2026-03-08T15:14:00
CONT-F053C0C6,SESS-F1B5AD4F,chat_close,/checkout,IVR,Retail,22,84.5,0,2026-03-23T14:46:57
CONT-8D2720DE,SESS-DEF72598,search,/settings,Partner API,Retail,21,12.4,0,2026-03-24T13:17:53
CONT-0CA7CEB1,SESS-AAEF1636,button_click,/home,Mobile App,Travel,61,94.8,0,2026-03-26T12:36:11
CONT-96A71475,SESS-B9C936B1,button_click,/support,Web,Travel,85,82.3,0,2026-03-15T00:23:35
CONT-5F5BF040,SESS-4BFDD102,form_submit,/orders,Kiosk,Healthcare,24,96.9,0,2026-03-18T21:14:31
CONT-99B3774E,SESS-B55DAB86,search,/settings,Partner API,Retail,9,80.3,0,2026-03-20T08:36:22
CONT-8E149ABE,SESS-D0761C52,page_view,/billing,IVR,Financial Services,118,92.4,0,2026-03-08T06:00:28
CONT-1E4A025B,SESS-6BD4D1D6,button_click,/settings,Kiosk,Financial Services,30,9.3,0,2026-03-22T20:14:04
CONT-32180164,SESS-AF2FEB1F,page_view,/products,Mobile App,Financial Services,186,7.8,0,2026-04-01T19:28:31
CONT-241D77CF,SESS-86714FFB,chat_close,/home,IVR,Travel,3,12.6,0,2026-03-09T16:37:23
CONT-53AEBDF4,SESS-BA2FC5C7,chat_open,/account,Web,Travel,40,23.8,0,2026-03-09T17:08:47
CONT-5D1C8427,SESS-052F817B,form_submit,/contact,Kiosk,Technology,225,21.8,0,2026-04-01T01:25:21
CONT-3E68C4F3,SESS-382CEC5E,search,/faq,Partner API,Technology,23,88.5,0,2026-04-04T11:48:10
CONT-6F602111,SESS-B99BE792,chat_open,/billing,Kiosk,Healthcare,26,63.8,0,2026-03-22T21:28:07
CONT-79A527D3,SESS-50FE447D,chat_open,/account,Kiosk,Retail,44,53.6,0,2026-03-30T14:15:13
CONT-622DA0D9,SESS-3BB8C0C9,chat_close,/support,Partner API,Financial Services,18,43.7,0,2026-03-20T07:48:05
CONT-4028A215,SESS-FFC52656,button_click,/settings,Kiosk,Retail,24,50.4,0,2026-03-15T23:09:04
CONT-B2F53CEB,SESS-30F39FC1,form_submit,/checkout,IVR,Technology,23,77.4,0,2026-04-01T12:46:28
CONT-1AD5DDAC,SESS-AC596B18,chat_close,/account,Kiosk,Healthcare,17,59.2,0,2026-03-18T19:54:21
CONT-87A85C8A,SESS-7CDA4507,chat_open,/account,Partner API,Technology,113,72.8,0,2026-03-22T22:32:57
CONT-D5B41AB6,SESS-BBA283E8,form_submit,/products,Partner API,Technology,52,38.8,0,2026-03-23T10:28:44
CONT-565C63AA,SESS-2AA5B555,chat_close,/products,Partner API,Travel,42,28.2,0,2026-03-12T14:08:04
CONT-D5643F24,SESS-A71FE3E9,form_submit,/home,Partner API,Travel,74,13.6,0,2026-03-19T09:27:17
CONT-B1BC54AE,SESS-7C5FDD7C,search,/products,Web,Financial Services,25,91.7,0,2026-03-08T07:10:48
CONT-F8FE3E37,SESS-92D335EF,search,/settings,Kiosk,Healthcare,15,78.4,0,2026-04-05T04:36:19
CONT-D5DE4707,SESS-E4998D83,button_click,/checkout,Kiosk,Travel,18,51.1,0,2026-03-10T00:14:19
CONT-828B9900,SESS-0B8CE029,chat_close,/billing,Mobile App,Technology,33,43.9,0,2026-03-23T00:10:10
CONT-F96EB733,SESS-EC1B3366,search,/faq,IVR,Technology,11,27.2,0,2026-04-03T21:15:08
CONT-48AC8B47,SESS-880DF1FF,button_click,/checkout,Kiosk,Retail,20,12.6,0,2026-03-31T23:13:10
CONT-C4CEA818,SESS-F991EC9F,button_click,/products,Partner API,Financial Services,19,48.3,0,2026-03-29T19:30:59
CONT-19D84F8B,SESS-4BFC019A,page_view,/home,IVR,Retail,277,71.1,0,2026-03-23T01:33:57
CONT-DD1BA0A7,SESS-34D5B4A2,chat_open,/products,Partner API,Healthcare,2,56.9,0,2026-03-27T04:44:19
CONT-26C2FE1A,SESS-8F25734B,form_submit,/account,IVR,Technology,27,13.3,0,2026-04-03T08:41:16
CONT-C4E9AB1F,SESS-75FFA13C,search,/faq,Web,Financial Services,185,33.0,0,2026-04-04T10:52:59
CONT-369CF6FD,SESS-05840B8C,form_submit,/home,Mobile App,Technology,37,43.1,0,2026-03-19T19:00:30
CONT-F61C8A49,SESS-001A6B96,chat_close,/home,IVR,Healthcare,70,12.4,0,2026-03-14T12:25:49
CONT-9BC55583,SESS-2C340918,button_click,/faq,Mobile App,Technology,36,39.7,0,2026-03-16T13:55:22
CONT-48B0FA09,SESS-D085E0A7,page_view,/products,Kiosk,Retail,16,69.3,0,2026-03-16T19:17:54
CONT-FD62163C,SESS-ED0E26B2,page_view,/faq,Web,Retail,3,33.9,1,2026-03-24T16:42:59
CONT-03422663,SESS-8701E5AD,chat_open,/support,Kiosk,Healthcare,40,35.6,0,2026-03-23T07:42:54
CONT-7F4EB2A1,SESS-96814115,form_submit,/orders,Mobile App,Retail,15,42.4,0,2026-04-03T02:24:03
CONT-C634179E,SESS-611DF05A,button_click,/support,Kiosk,Technology,14,69.9,0,2026-03-27T03:03:30
CONT-0BD3E52E,SESS-DCABA57A,chat_open,/home,Partner API,Travel,20,35.6,0,2026-03-07T09:03:45
CONT-38329484,SESS-556B21C2,chat_close,/settings,Web,Retail,189,50.3,0,2026-03-09T11:12:14
CONT-585F81EF,SESS-D85FCE63,button_click,/account,IVR,Retail,366,37.1,0,2026-03-23T00:02:44
CONT-537B8775,SESS-B08FD855,search,/contact,Kiosk,Financial Services,41,9.3,0,2026-04-04T02:40:59
CONT-0474C5BC,SESS-6E118007,chat_open,/support,Mobile App,Technology,20,55.6,0,2026-03-09T05:51:25
CONT-182EAA99,SESS-148D54B0,chat_open,/support,Web,Technology,10,3.6,0,2026-04-03T22:48:06
CONT-1C8C3EF2,SESS-E3251C33,chat_open,/contact,Kiosk,Retail,52,98.0,0,2026-03-08T14:55:39
CONT-A047B82F,SESS-512F282F,form_submit,/contact,Mobile App,Travel,196,7.8,0,2026-03-12T05:51:37
CONT-660C1D58,SESS-7887C44A,button_click,/billing,Web,Financial Services,25,40.6,0,2026-03-09T08:29:31
CONT-2102D627,SESS-B5A10FD0,chat_open,/support,Mobile App,Financial Services,3,94.0,0,2026-03-28T00:58:53
CONT-B91B0E79,SESS-08273F72,search,/settings,Web,Financial Services,64,91.0,0,2026-03-18T11:11:51
CONT-94898F91,SESS-718CC5ED,chat_open,/faq,Partner API,Financial Services,88,94.4,0,2026-03-10T01:08:54
CONT-677C9846,SESS-CF875076,chat_open,/settings,Mobile App,Travel,6,29.7,0,2026-03-28T20:02:55
CONT-AF96AF85,SESS-B002A622,page_view,/orders,IVR,Technology,39,40.4,0,2026-03-20T06:01:55
CONT-CDEA3958,SESS-91566113,button_click,/home,Partner API,Financial Services,51,29.9,0,2026-03-11T12:00:33
CONT-1E48127F,SESS-0FB605BE,form_submit,/billing,IVR,Technology,30,29.2,0,2026-03-20T12:00:11
CONT-3B74DF21,SESS-42B3AFA7,chat_close,/orders,Kiosk,Healthcare,15,84.8,0,2026-03-19T12:11:32
CONT-44DA9AAC,SESS-C11CDD4D,chat_close,/contact,Mobile App,Financial Services,91,76.2,0,2026-04-05T02:12:04
CONT-7C8F053F,SESS-0FFA6961,search,/orders,Mobile App,Technology,22,59.4,0,2026-03-22T21:17:15
CONT-A12AA6B8,SESS-AEE51AB2,page_view,/contact,IVR,Technology,7,82.5,0,2026-03-21T16:15:59
CONT-B2D0F776,SESS-E639820E,chat_open,/settings,Mobile App,Healthcare,4,38.8,0,2026-03-28T15:28:09
CONT-BB2D6E20,SESS-B369BB8C,page_view,/products,Kiosk,Technology,116,81.5,0,2026-03-17T13:05:14
CONT-087C1338,SESS-EF430E83,chat_open,/settings,Kiosk,Financial Services,61,9.2,0,2026-03-22T21:01:30
CONT-C35955FD,SESS-55D10FAF,search,/orders,Kiosk,Financial Services,36,19.6,0,2026-03-20T13:13:54
CONT-63D0B273,SESS-A1ACF9C0,button_click,/orders,Partner API,Retail,21,84.7,0,2026-04-03T10:40:34
CONT-48B0FA09,SESS-D88BADB6,search,/products,Partner API,Technology,19,39.0,0,2026-04-01T05:05:56
CONT-7ED17641,SESS-676DDB15,page_view,/contact,Mobile App,Financial Services,11,57.7,0,2026-03-14T01:58:44
CONT-B91B0E79,SESS-9C9771D7,chat_close,/billing,Kiosk,Technology,21,56.0,0,2026-03-13T16:02:55
CONT-1E48127F,SESS-95C30B41,page_view,/support,IVR,Financial Services,3,23.0,1,2026-04-03T02:06:49
CONT-7BD823DA,SESS-17120147,form_submit,/home,IVR,Retail,15,20.4,0,2026-03-27T01:57:53
CONT-46ED0FF2,SESS-D1A6C6A6,form_submit,/contact,Kiosk,Technology,24,50.1,0,2026-03-09T11:57:09
CONT-B6A5B671,SESS-5F749CBB,form_submit,/checkout,Partner API,Technology,60,68.6,0,2026-03-22T19:17:43
CONT-9D4FE4F6,SESS-756154E9,search,/orders,Kiosk,Technology,31,50.2,0,2026-04-03T06:20:15
CONT-ECA6FD72,SESS-D2A6F6CE,page_view,/home,Kiosk,Healthcare,73,6.7,0,2026-03-13T09:31:01
CONT-D7F4AA2A,SESS-6EEDD08C,chat_close,/faq,IVR,Healthcare,127,63.9,0,2026-04-05T04:58:41
CONT-73D81A47,SESS-191B934D,button_click,/orders,Mobile App,Financial Services,95,46.7,0,2026-03-24T20:20:15
CONT-A0DAC9F6,SESS-BEE46254,page_view,/products,IVR,Healthcare,53,19.3,0,2026-03-19T04:47:52
CONT-736FB02A,SESS-123F5A94,form_submit,/billing,Web,Retail,33,29.2,0,2026-03-11T06:16:16
CONT-6EA53AFA,SESS-04AB91BA,chat_open,/orders,IVR,Healthcare,12,45.6,0,2026-03-11T20:13:10
CONT-1D08D422,SESS-335F541A,form_submit,/billing,Web,Financial Services,69,32.6,0,2026-04-03T21:16:11
CONT-5E83A9CC,SESS-BA6FCCE5,chat_open,/contact,Kiosk,Retail,177,80.4,0,2026-03-26T20:20:32
CONT-96FB8DBB,SESS-2DF71D95,chat_close,/account,Mobile App,Financial Services,46,31.7,0,2026-04-02T13:41:09
CONT-D379A0F0,SESS-D134F5DF,page_view,/contact,Web,Healthcare,225,98.9,0,2026-03-16T00:16:27
CONT-66871CBA,SESS-70B660C0,button_click,/settings,Partner API,Technology,7,89.9,0,2026-03-26T22:33:58
CONT-2DBD7AD0,SESS-8FACC4E2,button_click,/billing,IVR,Travel,10,69.2,0,2026-03-09T07:28:54
CONT-31169D6C,SESS-9A0FB314,form_submit,/billing,Mobile App,Financial Services,77,54.8,0,2026-03-07T01:49:19
CONT-F454502C,SESS-DF2DFDAC,page_view,/contact,Partner API,Retail,43,73.7,0,2026-03-30T20:07:58
CONT-E423B36F,SESS-E3583641,page_view,/checkout,Mobile App,Financial Services,123,60.3,0,2026-04-01T16:01:56
CONT-89EFBA6C,SESS-A39F3AFD,form_submit,/faq,Kiosk,Travel,32,83.2,0,2026-03-26T17:31:27
CONT-8D30B623,SESS-AF2D6C66,chat_open,/settings,Web,Healthcare,13,84.7,0,2026-03-29T23:10:47
CONT-E283D43E,SESS-554AD62D,chat_close,/billing,Kiosk,Travel,26,62.0,0,2026-03-11T15:28:41
CONT-41CC1425,SESS-0A6CCBD1,form_submit,/support,Kiosk,Travel,7,82.2,0,2026-03-09T04:08:03
CONT-0053BA16,SESS-0395F59D,page_view,/faq,IVR,Healthcare,10,12.4,0,2026-03-08T22:46:34
CONT-8F0A65D1,SESS-B9448B3E,page_view,/home,Partner API,Financial Services,87,89.7,0,2026-03-13T19:02:04
CONT-89E1E5B0,SESS-68A8E5E9,search,/contact,Partner API,Technology,79,28.8,0,2026-03-16T18:22:32
CONT-097B11F2,SESS-DA5D22C1,search,/account,Kiosk,Technology,47,23.9,0,2026-03-14T12:35:06
CONT-02B5DABA,SESS-CE10C287,form_submit,/support,Web,Travel,5,12.6,0,2026-03-20T16:33:29
CONT-66259494,SESS-D96C26AD,page_view,/billing,IVR,Technology,23,41.1,0,2026-03-26T07:52:14
CONT-B3C142E4,SESS-BF762D66,page_view,/billing,Mobile App,Financial Services,9,40.2,0,2026-03-27T02:08:15
CONT-4768E22D,SESS-AEC39BE6,form_submit,/contact,Web,Technology,107,76.3,0,2026-03-19T03:54:29
CONT-CD505C7F,SESS-90D0F542,form_submit,/checkout,Kiosk,Financial Services,18,42.1,0,2026-03-13T17:46:01
CONT-E4E13113,SESS-5C2007C6,chat_close,/support,IVR,Technology,11,74.7,0,2026-03-13T23:44:28
CONT-CA34F343,SESS-84F333D1,chat_close,/checkout,Web,Retail,34,0.8,0,2026-03-24T07:03:26
CONT-226C4835,SESS-E16C9097,chat_close,/orders,Partner API,Technology,17,4.2,0,2026-04-04T02:38:20
CONT-660C5DEC,SESS-7C2CC3EB,form_submit,/faq,Web,Retail,146,97.1,0,2026-03-11T00:58:08
CONT-D5DE4707,SESS-693D1263,chat_open,/account,IVR,Technology,15,87.0,0,2026-04-05T01:41:07
CONT-CCDFFD52,SESS-FB8256F2,button_click,/support,Kiosk,Financial Services,8,57.4,0,2026-03-18T03:32:44
CONT-ADBB79C4,SESS-56E3B552,chat_close,/support,Web,Healthcare,3,27.3,0,2026-03-20T16:24:34
CONT-DB00495E,SESS-4D9CDA2F,chat_open,/checkout,Web,Technology,32,33.1,0,2026-03-09T17:19:13
CONT-602056C5,SESS-D075C7B3,chat_open,/products,Mobile App,Financial Services,18,86.1,0,2026-04-01T15:10:47
CONT-839679A3,SESS-EE077BF7,page_view,/billing,Kiosk,Financial Services,7,39.6,0,2026-03-19T20:49:30
CONT-C9A7F2DA,SESS-6FBBF0FF,chat_close,/contact,Kiosk,Healthcare,108,73.9,0,2026-04-03T20:13:08
CONT-70FEDD86,SESS-E4B14DE3,button_click,/home,Kiosk,Retail,64,85.6,0,2026-03-10T03:29:22
CONT-1117F0A4,SESS-454589E5,chat_close,/products,Partner API,Travel,32,3.3,0,2026-03-22T08:14:23
CONT-285CA050,SESS-BC19D80A,page_view,/settings,Mobile App,Financial Services,129,28.4,0,2026-03-24T17:17:04
CONT-80C619F8,SESS-702D2E81,button_click,/support,IVR,Financial Services,64,76.4,0,2026-03-07T07:35:18
CONT-CC9FBF83,SESS-5E930A39,search,/checkout,Kiosk,Financial Services,14,46.5,0,2026-03-09T13:40:26
CONT-660C5DEC,SESS-6159B176,chat_open,/contact,Kiosk,Retail,11,40.6,0,2026-03-19T19:03:15
CONT-CC4FC211,SESS-4D2D1048,search,/faq,Web,Financial Services,75,9.6,0,2026-03-29T10:45:38
CONT-F4D37CD8,SESS-C06BFF4A,chat_close,/products,IVR,Retail,49,11.1,0,2026-03-15T22:18:04
CONT-C4E9AB1F,SESS-517103C6,chat_close,/settings,Mobile App,Travel,39,89.9,0,2026-03-17T20:56:58
CONT-02FF92DC,SESS-C83AEDB0,button_click,/settings,IVR,Retail,14,44.9,0,2026-04-02T04:04:12
CONT-96FB8DBB,SESS-EABCB3B2,search,/contact,Web,Technology,60,37.9,0,2026-03-28T13:49:17
CONT-5FF5F462,SESS-674223BF,page_view,/checkout,Partner API,Retail,15,49.4,0,2026-03-18T11:50:21
CONT-AB86ED14,SESS-6E2484C6,chat_open,/support,Web,Retail,29,98.1,0,2026-03-23T20:28:19
CONT-665B4B00,SESS-C69E4B44,form_submit,/settings,Web,Technology,140,60.7,0,2026-04-02T14:41:41
CONT-75400705,SESS-42DEF25D,button_click,/account,IVR,Travel,17,21.2,0,2026-03-25T05:49:49
CONT-72A34511,SESS-CF23926C,chat_close,/faq,Web,Travel,6,60.2,0,2026-03-19T12:14:32
CONT-70B01D60,SESS-D1155F76,form_submit,/home,IVR,Healthcare,11,70.4,0,2026-03-21T08:52:58
CONT-DAD7DF87,SESS-C0686F21,form_submit,/billing,Kiosk,Travel,89,20.3,0,2026-03-24T21:27:35
CONT-714B777A,SESS-CE8A8910,page_view,/faq,IVR,Healthcare,42,0.7,0,2026-03-19T16:02:24
CONT-A6AA56DF,SESS-1C33D67D,button_click,/home,IVR,Travel,29,88.1,0,2026-03-22T13:13:14
CONT-64996B93,SESS-896DF77C,button_click,/billing,IVR,Retail,19,58.1,0,2026-03-14T18:32:51
CONT-A0DAC9F6,SESS-1F299A47,page_view,/billing,IVR,Retail,53,12.1,0,2026-03-28T04:06:17
CONT-4FD90624,SESS-DBA51F7C,page_view,/account,Web,Travel,14,88.6,0,2026-03-17T16:38:40
CONT-3EF8247E,SESS-6F9A1CDA,page_view,/settings,Web,Travel,44,27.8,0,2026-04-03T18:09:42
CONT-9730C494,SESS-1761D921,chat_open,/account,IVR,Retail,15,4.9,0,2026-03-16T12:42:41
CONT-4043E5E0,SESS-A4D023DA,search,/orders,Mobile App,Travel,13,2.4,0,2026-04-01T10:22:03
CONT-26C2FE1A,SESS-75B89A65,search,/faq,IVR,Retail,17,8.5,0,2026-04-04T13:50:59
CONT-BE18D0AB,SESS-062F2081,button_click,/orders,Partner API,Financial Services,22,88.1,0,2026-03-11T21:09:25
CONT-20E3F2A9,SESS-F5C2981F,chat_open,/checkout,IVR,Travel,31,90.9,0,2026-03-21T20:24:34
CONT-04E64420,SESS-19EFE355,page_view,/faq,IVR,Financial Services,41,63.6,0,2026-04-04T20:47:22
CONT-8D30B623,SESS-157CA499,search,/settings,Web,Travel,0,81.7,0,2026-03-14T05:56:34
CONT-F0C839D5,SESS-FCB851E9,form_submit,/account,Mobile App,Healthcare,14,40.1,0,2026-04-03T14:51:20
CONT-3F431542,SESS-83C563D1,chat_close,/faq,Kiosk,Travel,22,78.2,0,2026-04-05T14:28:54
CONT-7E8553C7,SESS-DED459D3,form_submit,/home,Web,Technology,149,35.7,0,2026-03-27T14:28:48
CONT-714B777A,SESS-1A837380,chat_close,/products,Partner API,Technology,11,63.9,0,2026-03-16T04:21:36
CONT-7FFBDA58,SESS-3BD4D464,chat_open,/account,Partner API,Financial Services,38,73.1,0,2026-03-30T18:57:58
CONT-C8F9A39F,SESS-E799B7DA,search,/products,Partner API,Technology,147,94.4,0,2026-03-20T16:43:55
CONT-BC650596,SESS-25524B4F,search,/settings,Mobile App,Healthcare,8,86.3,0,2026-04-05T19:37:00
CONT-986A0A5D,SESS-C48FB946,chat_close,/checkout,Partner API,Healthcare,49,21.6,0,2026-03-18T10:01:25
CONT-E749E83A,SESS-2AC5BD57,search,/settings,Partner API,Travel,14,47.0,0,2026-03-13T00:41:54
CONT-F4928876,SESS-17A65962,form_submit,/billing,Web,Retail,19,61.2,0,2026-03-09T23:44:53
CONT-6A8042B4,SESS-1B9BAB52,search,/products,IVR,Travel,14,12.3,0,2026-03-25T12:30:26
CONT-6002BE35,SESS-0EB764B8,search,/account,Partner API,Retail,15,56.9,0,2026-04-04T09:53:12
CONT-F3A21467,SESS-0519C2AA,button_click,/support,Kiosk,Financial Services,503,67.8,0,2026-03-17T08:01:54
CONT-F0469CBE,SESS-62CE5A1A,page_view,/support,Partner API,Technology,77,55.7,0,2026-03-08T22:08:37
CONT-223BABC6,SESS-C0EA552E,chat_close,/orders,Partner API,Financial Services,99,51.6,0,2026-03-30T04:15:33
CONT-3D9B8BA5,SESS-B9C86045,button_click,/support,Kiosk,Healthcare,54,17.8,0,2026-03-15T08:00:13
CONT-87A85C8A,SESS-96607091,button_click,/settings,Kiosk,Travel,6,95.6,0,2026-03-19T07:26:36
CONT-FF6A346C,SESS-88A0289C,chat_open,/account,Web,Financial Services,49,55.9,0,2026-03-26T13:47:53
CONT-35F0D645,SESS-E508C6C5,chat_close,/settings,Mobile App,Healthcare,96,74.6,0,2026-03-12T22:23:49
CONT-A1034A2B,SESS-B8484D13,button_click,/settings,Mobile App,Financial Services,14,13.7,0,2026-03-17T17:30:59
CONT-F1A616CA,SESS-FF27B668,search,/faq,Partner API,Technology,86,33.6,0,2026-03-07T09:24:28
CONT-087C1338,SESS-ED3B3BD1,button_click,/settings,Kiosk,Technology,66,37.4,0,2026-03-09T16:38:23
CONT-2797DCA9,SESS-644255F1,form_submit,/faq,IVR,Technology,211,78.1,0,2026-04-03T07:24:40
CONT-36BFA3F4,SESS-16587F77,search,/products,Mobile App,Retail,21,91.5,0,2026-03-21T15:00:10
CONT-DF3EF03A,SESS-942DD6AD,form_submit,/checkout,Mobile App,Healthcare,11,24.8,0,2026-03-10T17:07:08
CONT-3D1E2C8F,SESS-64825134,chat_close,/checkout,IVR,Healthcare,23,3.2,0,2026-04-04T12:36:57
CONT-A6C5D536,SESS-BE8E1C9E,search,/billing,Web,Travel,139,27.2,0,2026-03-08T16:21:28
CONT-06567D1C,SESS-1D306F3A,button_click,/orders,Partner API,Healthcare,5,45.1,0,2026-03-24T02:30:15
CONT-1703774D,SESS-41F2D1B2,button_click,/settings,Kiosk,Financial Services,4,19.9,0,2026-03-11T20:59:51
CONT-73FBD023,SESS-0318008F,chat_open,/orders,IVR,Retail,36,80.7,0,2026-04-02T01:46:30
CONT-7CBC5696,SESS-DCF3E3E5,form_submit,/home,IVR,Travel,21,75.9,0,2026-03-18T01:26:25
CONT-769FEF69,SESS-8BB9CA9C,chat_open,/products,Kiosk,Retail,33,6.0,0,2026-03-10T06:35:43
CONT-E94CBFA3,SESS-BA4CC811,form_submit,/billing,IVR,Travel,85,47.4,0,2026-03-16T08:48:16
CONT-8FA7E38A,SESS-545DCF66,form_submit,/settings,Mobile App,Retail,19,92.1,0,2026-03-07T01:37:38
CONT-B3E699C8,SESS-03BCBBE7,chat_open,/account,Partner API,Travel,5,87.7,0,2026-04-05T20:28:18
CONT-194BEE5A,SESS-DCE6EED1,chat_open,/settings,Web,Financial Services,255,95.9,0,2026-04-04T11:00:00
CONT-989ED7B6,SESS-C4609056,form_submit,/faq,Kiosk,Financial Services,12,52.9,0,2026-03-31T09:48:04
CONT-54EB4EBA,SESS-97A05BB2,page_view,/account,Web,Healthcare,11,71.7,0,2026-03-08T19:47:17
CONT-08453059,SESS-DC3BBE2F,button_click,/products,IVR,Healthcare,99,39.6,0,2026-03-11T11:46:49
CONT-B2F53CEB,SESS-EE1F078C,search,/products,Mobile App,Technology,22,18.7,0,2026-03-23T05:30:52
CONT-8300BFE5,SESS-86B42722,form_submit,/orders,Mobile App,Retail,31,91.2,0,2026-03-12T23:49:07
CONT-9B6D2E67,SESS-E5F6A097,button_click,/checkout,Kiosk,Technology,53,62.3,0,2026-03-15T05:37:05
CONT-57F0D0FC,SESS-4C6F4C30,chat_close,/support,Partner API,Healthcare,97,0.4,0,2026-03-11T01:07:17
CONT-4E15CB24,SESS-211422F9,search,/support,Kiosk,Financial Services,23,27.6,0,2026-03-25T14:15:22
CONT-2712C571,SESS-37D22E27,chat_open,/checkout,Kiosk,Technology,151,68.5,0,2026-03-09T10:59:44
CONT-F14410EE,SESS-A8E63E8A,page_view,/support,Partner API,Travel,3,85.3,1,2026-03-10T17:42:06
CONT-A4B829D4,SESS-9AC88FDE,search,/settings,Kiosk,Retail,70,39.1,0,2026-03-23T08:58:46
CONT-9D85579A,SESS-56137D10,page_view,/products,Web,Financial Services,14,0.0,0,2026-03-15T06:35:48
CONT-5E065A12,SESS-331D96DA,form_submit,/account,IVR,Healthcare,130,39.9,0,2026-03-25T14:11:31
CONT-A26BD14D,SESS-C93E2C8A,page_view,/settings,Kiosk,Technology,38,25.3,0,2026-03-11T04:04:25
CONT-D976BBE0,SESS-AF5714B0,chat_close,/checkout,Kiosk,Retail,16,19.2,0,2026-03-16T13:35:24
CONT-C393FD59,SESS-67D655A4,search,/checkout,Web,Financial Services,64,51.8,0,2026-04-04T23:53:03
CONT-D5001487,SESS-B32925FB,page_view,/checkout,IVR,Healthcare,80,55.2,0,2026-03-28T07:45:26
CONT-2462F6FC,SESS-BB94334B,chat_open,/account,Kiosk,Technology,62,54.9,0,2026-04-03T11:13:39
CONT-DBE3E092,SESS-BCA5847C,chat_close,/checkout,Mobile App,Healthcare,11,59.3,0,2026-03-15T06:16:43
CONT-792C90DB,SESS-C2864176,chat_open,/account,Web,Healthcare,20,16.0,0,2026-04-04T07:07:26
CONT-07752F8F,SESS-80511D08,form_submit,/contact,Web,Healthcare,32,11.0,0,2026-03-07T07:58:08
CONT-24B3BD58,SESS-236C0F50,page_view,/support,Partner API,Healthcare,31,69.3,0,2026-03-26T06:16:20
CONT-88910753,SESS-4A589BAF,chat_open,/support,Partner API,Retail,70,28.5,0,2026-03-15T04:12:36
CONT-C9A7F2DA,SESS-B327AD80,form_submit,/billing,Web,Retail,4,82.9,0,2026-03-08T11:34:06
CONT-B2E76CD4,SESS-CF0373AC,search,/products,Web,Financial Services,46,5.2,0,2026-03-31T13:38:10
CONT-2462F6FC,SESS-6DE32FAD,form_submit,/products,IVR,Travel,24,98.0,0,2026-03-31T22:15:32
CONT-F7E67B00,SESS-9259A22D,search,/orders,Kiosk,Travel,14,29.7,0,2026-03-10T14:20:09
CONT-6F607AF5,SESS-E4AC6766,chat_open,/billing,IVR,Financial Services,15,93.9,0,2026-04-05T02:53:06
CONT-AC6E2C62,SESS-9C536D4B,button_click,/orders,IVR,Healthcare,26,94.9,0,2026-03-11T22:35:01
CONT-7DF9022D,SESS-6CD25FE5,form_submit,/products,Partner API,Retail,0,99.6,0,2026-03-22T05:05:05
CONT-5EE2F199,SESS-20E99CAA,button_click,/account,Partner API,Retail,16,89.2,0,2026-03-11T18:36:50
CONT-508F4D89,SESS-E43EEBA2,page_view,/contact,Kiosk,Financial Services,13,21.8,0,2026-03-24T10:37:09
CONT-84AB1E09,SESS-397FF563,chat_open,/billing,Mobile App,Healthcare,56,18.3,0,2026-03-19T04:05:35
CONT-1FD0F21F,SESS-D847DE4D,page_view,/billing,Mobile App,Healthcare,14,39.5,0,2026-03-26T01:57:16
CONT-5960E683,SESS-A5764A66,page_view,/support,Mobile App,Retail,26,99.5,0,2026-03-22T04:49:42
CONT-14443713,SESS-AFE7728C,form_submit,/billing,Mobile App,Travel,154,42.4,0,2026-03-08T21:51:04
CONT-2DC310C1,SESS-E39830CE,search,/faq,IVR,Retail,89,31.1,0,2026-03-13T12:50:18
CONT-AAB0B03A,SESS-3A1BDD31,chat_close,/support,Partner API,Travel,81,49.3,0,2026-03-27T17:01:56
CONT-E9465AE1,SESS-EDAF5314,search,/faq,Kiosk,Retail,20,97.1,0,2026-03-31T05:37:04
CONT-B285D608,SESS-E6913212,button_click,/account,Web,Technology,56,65.0,0,2026-03-15T15:56:31
CONT-DAF56607,SESS-796AA466,form_submit,/home,Web,Financial Services,26,83.3,0,2026-03-08T17:42:17
CONT-778CEBFE,SESS-55B39698,form_submit,/account,Web,Travel,27,71.5,0,2026-03-30T22:26:26
CONT-9728BBC9,SESS-8659475F,form_submit,/faq,Mobile App,Healthcare,49,27.7,0,2026-03-27T23:37:12
CONT-5D1C8427,SESS-06A2DEC1,form_submit,/account,IVR,Travel,18,59.3,0,2026-03-17T01:36:03
CONT-BED6E152,SESS-61EA6105,button_click,/faq,IVR,Financial Services,147,58.1,0,2026-03-22T11:44:05
CONT-32B1CA87,SESS-D4BE2CFF,button_click,/support,Partner API,Retail,28,80.5,0,2026-03-15T05:12:05
CONT-80DF7521,SESS-6BDD97F3,chat_open,/settings,Mobile App,Technology,61,64.8,0,2026-03-15T01:53:02
CONT-796AB29F,SESS-2A948C79,search,/contact,IVR,Travel,141,2.1,0,2026-03-08T22:17:26
CONT-9DDFE3A1,SESS-0F03120B,button_click,/support,Kiosk,Technology,92,77.3,0,2026-03-18T05:07:01
CONT-36BFA3F4,SESS-240BDA31,chat_open,/settings,Partner API,Healthcare,8,57.9,0,2026-03-10T10:27:38
CONT-7C8F053F,SESS-6E1EA7F1,page_view,/orders,Partner API,Travel,51,18.7,0,2026-03-10T22:13:34
CONT-8C5F677B,SESS-FEFC6343,button_click,/checkout,Mobile App,Healthcare,77,70.7,0,2026-03-09T18:26:34
CONT-04136EBB,SESS-F6E6A2D0,page_view,/faq,Web,Technology,80,47.9,0,2026-03-07T07:08:30
CONT-80C619F8,SESS-2B69F915,chat_open,/contact,Kiosk,Travel,10,28.3,0,2026-04-04T01:15:56
CONT-F72C7C84,SESS-E904A2BE,chat_open,/orders,Mobile App,Healthcare,17,45.6,0,2026-03-31T11:51:54
CONT-7DF9022D,SESS-5B3C17EF,chat_close,/orders,Mobile App,Retail,89,23.8,0,2026-03-07T13:22:50
CONT-3E33FF27,SESS-B5CDF58C,form_submit,/settings,Kiosk,Retail,15,61.1,0,2026-03-19T11:39:55
CONT-8B7D5EC6,SESS-9CE01037,form_submit,/checkout,Kiosk,Financial Services,24,16.3,0,2026-03-24T23:59:54
CONT-B2BA6231,SESS-93F512A7,form_submit,/checkout,Web,Financial Services,160,81.7,0,2026-03-16T04:07:02
CONT-E51D3A7C,SESS-263C671B,page_view,/checkout,Partner API,Retail,31,35.1,0,2026-03-11T16:09:34
CONT-55F7670F,SESS-3016E1A8,search,/support,Kiosk,Retail,16,92.1,0,2026-03-11T19:55:42
CONT-3F746932,SESS-F5071DC5,chat_open,/orders,IVR,Healthcare,13,34.3,0,2026-03-18T04:25:36
CONT-1D79530C,SESS-34BF1CF8,search,/support,IVR,Healthcare,46,73.4,0,2026-03-07T11:26:13
CONT-319ADD31,SESS-4325683D,form_submit,/home,Kiosk,Retail,8,49.1,0,2026-03-31T02:36:46
CONT-984F6D00,SESS-B55F7834,button_click,/support,Kiosk,Financial Services,25,42.0,0,2026-03-30T15:14:17
CONT-CDEA3958,SESS-6A32C634,chat_open,/faq,Web,Financial Services,46,88.4,0,2026-03-15T08:57:51
CONT-BA5D06EA,SESS-AE1FEDD8,chat_close,/contact,Web,Financial Services,121,51.6,0,2026-03-28T10:12:29
CONT-03F9AFE6,SESS-69A849E7,chat_open,/settings,Partner API,Financial Services,64,35.3,0,2026-03-21T21:55:21
CONT-1904C034,SESS-035C451B,search,/checkout,Mobile App,Retail,16,7.1,0,2026-03-14T19:50:53
CONT-FB5D5D25,SESS-D3D03534,chat_close,/checkout,Partner API,Technology,107,24.4,0,2026-03-31T04:15:46
CONT-D6E6B0C5,SESS-2569EFEA,button_click,/account,Web,Healthcare,24,60.6,0,2026-03-16T23:49:34
CONT-143C9C73,SESS-21BB132B,page_view,/home,Partner API,Travel,9,40.3,0,2026-03-18T16:28:47
CONT-E4E13113,SESS-9D955664,search,/checkout,Partner API,Healthcare,27,67.3,0,2026-03-08T06:41:47
CONT-3E72516F,SESS-60B7B479,button_click,/contact,Web,Travel,139,80.1,0,2026-03-18T19:38:41
CONT-391F772D,SESS-689E48E8,search,/products,Partner API,Healthcare,39,71.5,0,2026-03-08T19:36:51
CONT-B6B960DF,SESS-DE5D54F6,button_click,/account,Partner API,Financial Services,33,30.5,0,2026-03-19T06:33:53
CONT-789CC026,SESS-80607A60,chat_open,/account,IVR,Retail,170,13.5,0,2026-03-19T17:00:29
CONT-EF378A95,SESS-C44DB163,page_view,/orders,Partner API,Technology,7,53.3,0,2026-03-16T07:11:01
CONT-2363988C,SESS-38CA245C,page_view,/products,Partner API,Travel,9,57.4,0,2026-03-07T12:31:07
CONT-DFF515E2,SESS-B26549FB,chat_close,/billing,Web,Healthcare,6,18.8,0,2026-03-22T02:47:35
CONT-A4BBDF34,SESS-F30E22F8,search,/products,Mobile App,Financial Services,48,30.7,0,2026-03-13T07:07:20
CONT-A4DF0F4C,SESS-D83743FB,page_view,/orders,Kiosk,Retail,39,87.1,0,2026-03-08T00:14:46
CONT-6E7D182D,SESS-13C4FF5C,search,/home,Web,Retail,154,62.9,0,2026-03-12T08:46:15
CONT-D92310A8,SESS-EB3EDFED,page_view,/support,Kiosk,Healthcare,42,33.4,0,2026-03-29T02:21:50
CONT-7EE49C1F,SESS-77986071,form_submit,/billing,Web,Technology,22,76.0,0,2026-03-14T02:57:57
CONT-6EA53AFA,SESS-0257719D,chat_close,/billing,Mobile App,Travel,33,96.0,0,2026-03-27T13:08:14
CONT-35F1E09A,SESS-F095A4B1,chat_close,/faq,Mobile App,Retail,37,48.9,0,2026-03-10T17:25:34
CONT-AEDC3E06,SESS-6F97924D,chat_open,/settings,Partner API,Travel,6,55.4,0,2026-04-02T21:08:14
CONT-490E87AE,SESS-A19BD398,search,/faq,IVR,Technology,497,73.6,0,2026-03-25T00:19:20
CONT-729B12DE,SESS-2F1D844B,page_view,/support,Partner API,Technology,55,46.5,0,2026-03-10T17:04:42
CONT-7D9DCD41,SESS-A7D20ACD,button_click,/settings,Partner API,Retail,40,53.3,0,2026-04-03T20:28:46
CONT-3EB62EC1,SESS-99343468,chat_open,/faq,Mobile App,Retail,61,27.8,0,2026-03-30T03:13:21
CONT-AB92E3EB,SESS-F7A08F03,page_view,/products,Kiosk,Retail,67,58.7,0,2026-03-22T11:45:40
CONT-C25D0DD5,SESS-E1B0A763,chat_close,/contact,IVR,Travel,28,80.8,0,2026-03-11T02:26:34
CONT-5C81EFA9,SESS-C39266BD,chat_close,/faq,Mobile App,Healthcare,17,11.3,0,2026-04-02T23:13:42
CONT-12C86DBF,SESS-9226D4AA,page_view,/faq,Partner API,Technology,60,77.9,0,2026-03-08T22:39:42
CONT-A18167DA,SESS-51AC468E,chat_close,/account,Kiosk,Technology,48,80.5,0,2026-03-31T18:11:29
CONT-2B598F92,SESS-C5915966,chat_open,/support,Partner API,Retail,14,76.7,0,2026-04-02T04:22:06
CONT-2F3D2CA2,SESS-AD8ABB80,form_submit,/support,IVR,Financial Services,136,3.3,0,2026-03-20T12:58:27
CONT-6617A2BE,SESS-1D324E3E,form_submit,/settings,Mobile App,Financial Services,44,58.4,0,2026-03-28T18:01:32
CONT-D39FAF79,SESS-62C81ADE,chat_close,/settings,Kiosk,Healthcare,68,3.1,0,2026-03-26T22:21:29
CONT-E598D166,SESS-96E9808A,chat_open,/checkout,IVR,Technology,133,0.8,0,2026-03-09T15:32:48
CONT-3D416402,SESS-42825C2E,search,/account,Kiosk,Financial Services,33,45.9,0,2026-03-20T13:10:51
CONT-1E48127F,SESS-7E5003ED,page_view,/checkout,Kiosk,Healthcare,45,71.9,0,2026-03-17T15:12:23
CONT-ECDB67B7,SESS-BCE26BBB,form_submit,/products,Kiosk,Retail,74,45.0,0,2026-04-01T01:21:24
CONT-E9465AE1,SESS-C8A3D378,chat_open,/orders,IVR,Technology,16,69.9,0,2026-03-31T10:25:41
CONT-D0A0D651,SESS-FA26C42F,chat_open,/contact,Partner API,Financial Services,34,64.4,0,2026-03-13T13:46:50
CONT-DF9C76AB,SESS-AB359681,page_view,/home,Web,Technology,37,78.0,0,2026-03-07T10:39:33
CONT-47951263,SESS-E4564DC9,page_view,/settings,Kiosk,Technology,12,76.0,0,2026-03-10T07:17:06
CONT-AC6E2C62,SESS-AD04DB8A,button_click,/products,IVR,Retail,336,68.8,0,2026-03-24T19:39:25
CONT-8131E412,SESS-9E74C2E7,search,/contact,Web,Healthcare,8,9.5,0,2026-03-08T02:46:48
CONT-7DEA3409,SESS-AAF05E83,form_submit,/contact,IVR,Technology,9,48.3,0,2026-04-01T07:57:37
CONT-0CCD9368,SESS-FE0B8A6B,form_submit,/products,Mobile App,Technology,123,12.6,0,2026-03-21T04:36:21
CONT-F8BD3AC4,SESS-5FE27C2A,search,/home,Kiosk,Travel,67,54.9,0,2026-03-29T19:36:42
CONT-319DF779,SESS-F0388C82,page_view,/home,Web,Travel,11,46.3,0,2026-03-07T16:03:16
CONT-737CFF88,SESS-8A777EEF,button_click,/billing,Kiosk,Technology,60,77.7,0,2026-03-20T20:21:30
CONT-1CE5FE15,SESS-6DE47BF4,form_submit,/support,Web,Technology,143,24.4,0,2026-03-21T22:47:48
CONT-BE3E5ABB,SESS-73F9086F,search,/orders,Partner API,Travel,32,99.2,0,2026-03-30T10:36:04
CONT-611EA614,SESS-C33BBCAE,form_submit,/settings,Web,Financial Services,445,63.9,0,2026-03-09T18:27:52
CONT-EE0698E7,SESS-9FA85F54,button_click,/contact,Web,Technology,5,44.2,0,2026-04-04T20:59:36
CONT-D1491165,SESS-DA2AEF71,chat_close,/contact,Partner API,Travel,66,14.3,0,2026-03-26T14:37:41
CONT-518322B2,SESS-46760D73,chat_open,/billing,Kiosk,Technology,106,2.2,0,2026-04-01T14:27:40
CONT-B26BF1F3,SESS-67D8FC51,page_view,/support,Web,Retail,80,51.2,0,2026-03-21T00:01:29
CONT-A517303A,SESS-01164A80,button_click,/support,Web,Healthcare,26,92.2,0,2026-03-25T09:30:54
CONT-11C5D661,SESS-466DCD5F,form_submit,/account,Partner API,Retail,24,16.6,0,2026-03-24T19:49:24
CONT-2B41D2FA,SESS-5B534003,page_view,/faq,Web,Retail,51,24.6,0,2026-03-18T17:59:19
CONT-606E0745,SESS-FF66F8EE,search,/products,Mobile App,Financial Services,74,35.4,0,2026-03-25T12:17:06
CONT-080BE1FB,SESS-5F2FD334,chat_close,/faq,Kiosk,Retail,60,97.3,0,2026-03-23T01:10:52
CONT-50146A24,SESS-B4F3F2DB,search,/billing,Kiosk,Retail,93,87.5,0,2026-03-14T12:23:48
CONT-C1EC0E00,SESS-CBDCE9A9,page_view,/account,Kiosk,Healthcare,11,10.9,0,2026-03-10T05:25:59
CONT-B3FB54BE,SESS-B49EC557,chat_open,/home,Mobile App,Retail,26,37.9,0,2026-03-30T17:29:36
CONT-5B5404CD,SESS-FB3F98AD,button_click,/orders,Partner API,Financial Services,12,5.3,0,2026-03-08T14:30:15
CONT-F7E9CBF4,SESS-2F1D91FA,button_click,/billing,Web,Healthcare,22,26.5,0,2026-03-27T13:47:58
CONT-923B61A0,SESS-685E8E77,search,/support,Kiosk,Financial Services,91,56.1,0,2026-03-13T14:33:19
CONT-2797DCA9,SESS-9A296039,search,/account,Web,Technology,36,10.9,0,2026-03-22T04:17:13
CONT-B419B107,SESS-F4E18FCC,chat_open,/settings,Partner API,Healthcare,448,27.0,0,2026-03-13T21:03:23
CONT-52E7627C,SESS-E53B8A90,chat_close,/account,Partner API,Healthcare,40,85.1,0,2026-03-22T23:50:15
CONT-83F635E7,SESS-52FCF3A8,button_click,/faq,Kiosk,Travel,35,97.1,0,2026-03-26T11:45:12
CONT-A978F973,SESS-0390C949,button_click,/settings,Kiosk,Retail,36,53.4,0,2026-03-20T02:14:12
CONT-09882179,SESS-0B4D3AFA,chat_open,/settings,Kiosk,Retail,17,18.3,0,2026-03-16T07:07:05
CONT-9D85579A,SESS-1234DBEB,button_click,/checkout,Partner API,Healthcare,31,59.3,0,2026-03-23T21:13:53
CONT-E3C10C4D,SESS-C87EB073,page_view,/support,Kiosk,Financial Services,102,50.8,0,2026-03-08T11:15:18
CONT-03422663,SESS-2AB6CF15,page_view,/faq,Kiosk,Retail,37,87.3,0,2026-03-31T16:25:20
CONT-A45D3573,SESS-ABE7378B,chat_open,/faq,Mobile App,Healthcare,14,25.9,0,2026-03-21T07:20:20
CONT-5E6A2FE7,SESS-C44AD1BE,form_submit,/billing,Kiosk,Technology,13,49.2,0,2026-03-30T10:03:51
CONT-DBD78AA0,SESS-13290271,form_submit,/products,Partner API,Technology,21,26.5,0,2026-04-04T12:15:16
CONT-989ED7B6,SESS-50AF5355,page_view,/products,IVR,Healthcare,35,80.7,0,2026-03-09T08:51:59
CONT-C393FD59,SESS-C8EB9C35,page_view,/orders,Partner API,Travel,109,87.4,0,2026-03-13T14:07:17
CONT-665DE30F,SESS-2E0C3912,form_submit,/contact,IVR,Financial Services,8,96.0,0,2026-03-29T04:59:46
CONT-DD1BA0A7,SESS-BA544707,form_submit,/support,IVR,Technology,24,59.4,0,2026-04-03T07:19:38
CONT-C6997BF2,SESS-54606C1C,chat_close,/products,IVR,Retail,38,58.3,0,2026-03-13T18:46:41
CONT-B26BF1F3,SESS-BF54C873,page_view,/products,Web,Technology,5,15.7,0,2026-03-24T11:58:04
CONT-DBD78AA0,SESS-BA10F244,form_submit,/support,Partner API,Technology,14,4.4,0,2026-03-28T01:48:36
CONT-2DA0412E,SESS-EE0742E9,chat_open,/settings,Mobile App,Financial Services,16,84.2,0,2026-03-19T06:37:03
CONT-51AED89D,SESS-78850D34,page_view,/faq,Partner API,Financial Services,14,39.7,0,2026-03-13T14:32:23
CONT-F7E9CBF4,SESS-8B50CECF,chat_close,/account,IVR,Healthcare,40,20.1,0,2026-03-26T03:19:30
CONT-7BD823DA,SESS-A7138466,page_view,/support,Mobile App,Healthcare,28,5.9,0,2026-03-18T05:17:48
CONT-C0C3C04B,SESS-2D5F3074,chat_close,/settings,Kiosk,Financial Services,19,67.4,0,2026-04-05T00:07:20
CONT-E254A7FC,SESS-A37F12DB,chat_open,/products,Kiosk,Financial Services,50,46.0,0,2026-04-03T19:50:05
CONT-D53F12B1,SESS-7AD0425C,button_click,/support,IVR,Retail,185,78.6,0,2026-03-31T05:48:52
CONT-F92A9D99,SESS-5048229F,form_submit,/settings,IVR,Healthcare,170,33.6,0,2026-03-21T20:51:31
CONT-AAC180BE,SESS-DA6005BD,chat_close,/checkout,Partner API,Healthcare,4,84.3,0,2026-03-31T14:47:02
CONT-61000F42,SESS-98C35D81,page_view,/billing,IVR,Financial Services,58,72.6,0,2026-03-30T22:24:00
CONT-31FC9B33,SESS-FD614427,form_submit,/billing,IVR,Retail,27,52.9,0,2026-03-13T10:37:59
CONT-400B05E6,SESS-B050153B,button_click,/products,Web,Financial Services,38,21.3,0,2026-03-17T03:06:59
CONT-C6977528,SESS-FC5E1340,chat_close,/billing,IVR,Technology,22,10.2,0,2026-03-26T20:07:03
CONT-11C5D661,SESS-20E0FDEC,form_submit,/home,Kiosk,Retail,37,27.8,0,2026-03-25T21:43:44
CONT-03422663,SESS-4594F1B5,chat_close,/checkout,Web,Retail,38,16.3,0,2026-03-25T08:08:15
CONT-A94BC80C,SESS-69BC0813,chat_open,/account,Web,Retail,18,35.0,0,2026-03-13T14:17:06
CONT-C707780F,SESS-8F17ED47,button_click,/contact,Partner API,Financial Services,13,3.8,0,2026-03-21T04:09:02
CONT-7DC4E7E8,SESS-F7AE6219,chat_close,/checkout,Partner API,Healthcare,21,17.0,0,2026-04-01T12:42:17
CONT-3529F2AB,SESS-5580E6A5,button_click,/faq,IVR,Technology,41,48.2,0,2026-03-20T05:57:37
CONT-DCDC67E3,SESS-5D32848F,button_click,/settings,Mobile App,Healthcare,60,69.9,0,2026-03-17T12:51:00
CONT-73F10C4C,SESS-CAC1A7AC,button_click,/faq,Mobile App,Financial Services,77,71.5,0,2026-04-01T05:52:42
CONT-089F5DB9,SESS-7FFC7081,chat_open,/orders,Partner API,Financial Services,20,8.0,0,2026-03-23T17:37:09
CONT-74AB07CD,SESS-6E6313B7,page_view,/home,Mobile App,Technology,43,0.1,0,2026-03-28T09:49:42
CONT-523DE999,SESS-F38B5123,button_click,/account,Kiosk,Financial Services,86,89.4,0,2026-03-19T04:52:48
CONT-6A8042B4,SESS-FBB0F71D,chat_open,/orders,Partner API,Technology,106,97.1,0,2026-03-23T15:56:03
CONT-BA5D06EA,SESS-C1FD80AF,search,/account,Kiosk,Healthcare,31,47.6,0,2026-03-12T09:47:20
CONT-3F746932,SESS-7A3B89A2,form_submit,/billing,Web,Travel,26,56.8,0,2026-03-16T10:39:42
CONT-137E5080,SESS-52B790E4,chat_open,/faq,Mobile App,Retail,40,66.5,0,2026-04-03T14:10:09
CONT-2089C7FB,SESS-1914CC02,page_view,/faq,Partner API,Financial Services,10,84.1,0,2026-03-29T16:10:44
CONT-F8BB2931,SESS-149E5B87,button_click,/account,Mobile App,Travel,27,47.6,0,2026-03-16T08:35:36
CONT-27051D83,SESS-50F57507,page_view,/products,Partner API,Healthcare,69,5.2,0,2026-03-14T18:18:27
CONT-35A8B086,SESS-F07E2CEB,chat_close,/faq,Kiosk,Travel,62,63.9,0,2026-03-08T07:13:28
CONT-CBBEBA86,SESS-602BAF51,button_click,/orders,Partner API,Retail,25,0.0,0,2026-03-09T20:29:52
CONT-39F583AA,SESS-69F40284,button_click,/billing,Web,Travel,41,65.5,0,2026-03-30T04:25:53
CONT-240FBB65,SESS-FBAB7E60,button_click,/account,Partner API,Travel,14,84.5,0,2026-03-20T13:22:51
CONT-8A139577,SESS-265D3599,button_click,/support,Partner API,Healthcare,66,57.0,0,2026-03-08T20:02:35
CONT-5E6A2FE7,SESS-EDDAE2BC,button_click,/support,Web,Healthcare,30,81.1,0,2026-04-01T01:17:36
CONT-5D3E0317,SESS-E9CC4A6F,search,/checkout,Web,Technology,25,36.1,0,2026-03-08T10:26:07
CONT-F30A6679,SESS-23871DC1,button_click,/support,Web,Travel,23,52.6,0,2026-03-09T18:02:42
CONT-89F7305A,SESS-C5C7F3AE,search,/home,Partner API,Healthcare,31,93.9,0,2026-03-29T13:35:51
CONT-03422663,SESS-C546F298,page_view,/billing,Kiosk,Retail,21,94.7,0,2026-03-08T03:59:01
CONT-A8EE809E,SESS-BA6B15BB,search,/contact,Partner API,Technology,63,49.4,0,2026-03-23T23:15:13
CONT-76320956,SESS-4D499FC7,chat_close,/faq,Kiosk,Healthcare,22,68.3,0,2026-03-23T09:53:48
CONT-1C861B16,SESS-2055B2C4,chat_open,/checkout,Partner API,Retail,162,30.4,0,2026-03-09T02:12:29
CONT-835F0F56,SESS-FC4EF1BA,chat_open,/faq,Mobile App,Financial Services,143,39.1,0,2026-03-21T03:21:05
CONT-ECA6FD72,SESS-9B58EDC4,search,/billing,IVR,Financial Services,13,50.2,0,2026-03-23T11:05:58
CONT-A4DF0F4C,SESS-0432C0E9,chat_open,/account,Kiosk,Financial Services,35,3.9,0,2026-03-17T23:16:07
CONT-367FBDD1,SESS-8AF493DA,chat_open,/products,Kiosk,Retail,17,68.2,0,2026-03-19T14:02:54
CONT-256315E2,SESS-1D379051,button_click,/account,IVR,Technology,23,26.1,0,2026-03-16T09:18:09
CONT-5967B1C9,SESS-3F96A740,chat_open,/support,Partner API,Healthcare,245,10.7,0,2026-03-25T08:00:17
CONT-A895A85A,SESS-FFF34EAB,form_submit,/home,IVR,Travel,24,89.4,0,2026-04-03T04:08:57
CONT-CB773050,SESS-8DC85344,chat_close,/orders,Partner API,Travel,47,73.6,0,2026-03-24T11:18:58
CONT-B3095BA1,SESS-BD46737F,form_submit,/faq,Kiosk,Travel,56,7.5,0,2026-03-11T04:14:50
CONT-24C3E988,SESS-A34853FC,search,/orders,IVR,Financial Services,12,97.8,0,2026-03-21T01:31:16
CONT-18284F5C,SESS-220F8BA7,chat_open,/faq,Partner API,Financial Services,14,65.3,0,2026-03-28T20:18:26
CONT-E21901A9,SESS-03BD156D,chat_open,/checkout,Mobile App,Technology,9,47.3,0,2026-03-10T12:26:40
CONT-2144C67A,SESS-93241B1F,form_submit,/settings,Mobile App,Retail,13,43.1,0,2026-03-19T21:52:38
CONT-9A3096A3,SESS-71C0C3CA,chat_close,/settings,Partner API,Financial Services,1,92.6,0,2026-03-19T13:23:03
CONT-14443713,SESS-129CEA23,search,/contact,Web,Healthcare,57,44.0,0,2026-03-21T05:02:59
CONT-EFA909CF,SESS-1B365BCB,search,/settings,Mobile App,Technology,258,34.5,0,2026-03-31T16:58:56
CONT-278B0611,SESS-6455B4D2,search,/checkout,IVR,Travel,38,17.8,0,2026-03-27T23:26:38
CONT-6A8042B4,SESS-3C6FD2E7,chat_open,/billing,Web,Financial Services,8,66.8,0,2026-03-14T17:17:22
CONT-03C33FC3,SESS-A87B832F,button_click,/checkout,IVR,Retail,17,14.1,0,2026-03-25T21:40:29
CONT-BA545D17,SESS-D66BEC51,button_click,/account,Mobile App,Financial Services,20,0.5,0,2026-04-02T19:47:12
CONT-2F3DC9A4,SESS-9E69CD2A,form_submit,/faq,Partner API,Travel,11,34.9,0,2026-04-04T11:52:43
CONT-6D7E188B,SESS-86487823,form_submit,/support,Mobile App,Healthcare,78,18.2,0,2026-03-25T20:28:19
CONT-5B7FB4C7,SESS-F18FA265,page_view,/home,Partner API,Travel,74,78.4,0,2026-03-07T00:58:43
CONT-D34E306A,SESS-0D9B1AB3,form_submit,/faq,Partner API,Financial Services,10,40.7,0,2026-04-05T09:44:55
CONT-3D525731,SESS-64268947,chat_close,/support,Web,Financial Services,68,90.2,0,2026-03-20T01:01:14
CONT-770EA7D2,SESS-39E89672,button_click,/orders,Kiosk,Financial Services,152,12.5,0,2026-04-01T00:41:50
CONT-1117F0A4,SESS-D8DCA564,search,/contact,Kiosk,Travel,221,89.0,0,2026-04-05T05:27:17
CONT-42B37441,SESS-235967F5,search,/faq,Web,Technology,581,80.1,0,2026-03-27T16:32:51
CONT-DD78E714,SESS-9D5C0224,page_view,/faq,Kiosk,Technology,13,9.9,0,2026-03-20T11:53:21
CONT-4EB59871,SESS-127C2B09,button_click,/support,IVR,Retail,557,99.3,0,2026-03-20T11:38:07
CONT-06567D1C,SESS-ECFA6BCA,chat_open,/account,IVR,Healthcare,23,89.2,0,2026-03-20T18:32:53
CONT-C264F626,SESS-5825912A,search,/contact,IVR,Retail,18,66.0,0,2026-03-25T12:34:08
CONT-143C9C73,SESS-96A23F76,chat_open,/faq,IVR,Financial Services,45,87.5,0,2026-03-24T08:51:09
CONT-FDE4A093,SESS-6117A199,chat_close,/faq,Kiosk,Retail,18,73.9,0,2026-03-19T09:03:27
CONT-5FF5F462,SESS-3ACE4522,chat_open,/orders,IVR,Retail,49,52.4,0,2026-03-21T02:25:19
CONT-647CFB17,SESS-C1A8F359,chat_open,/faq,Kiosk,Retail,8,27.4,0,2026-03-30T17:45:52
CONT-C711DFAF,SESS-9548D821,form_submit,/support,Web,Healthcare,26,10.9,0,2026-04-05T08:07:58
CONT-9A4C0FEA,SESS-A26526DA,chat_open,/faq,Mobile App,Technology,119,20.7,0,2026-03-19T12:52:12
CONT-F1252D54,SESS-20D981EB,chat_open,/billing,Web,Financial Services,31,13.6,0,2026-03-17T14:55:25
CONT-2DA451A0,SESS-9F9EE805,chat_open,/contact,Mobile App,Retail,38,31.4,0,2026-03-08T03:44:28
CONT-3FB5E4DE,SESS-D431256E,search,/account,Mobile App,Financial Services,53,66.2,0,2026-03-07T07:49:49
CONT-6A3DB3C7,SESS-FCD5EF9F,chat_close,/products,Partner API,Healthcare,106,92.3,0,2026-03-24T01:04:07
CONT-B1D4603E,SESS-68F0B3D7,search,/faq,Web,Healthcare,6,83.0,0,2026-03-19T21:49:03
CONT-F7D5B9F9,SESS-61F4AD1C,chat_close,/faq,IVR,Technology,59,0.7,0,2026-03-22T07:45:35
CONT-1703774D,SESS-4D90FD75,chat_open,/settings,Mobile App,Travel,25,8.5,0,2026-03-11T19:01:46
CONT-F454502C,SESS-EFB8FA39,chat_close,/products,Kiosk,Technology,39,65.3,0,2026-03-30T20:41:50
CONT-F42A1470,SESS-3068D50A,chat_close,/faq,IVR,Healthcare,95,81.6,0,2026-03-28T00:30:32
CONT-E6FF5900,SESS-953ABCE3,search,/products,IVR,Technology,10,4.7,0,2026-03-24T03:01:42
CONT-8347BAA8,SESS-6068F6D1,page_view,/contact,Kiosk,Financial Services,12,58.6,0,2026-03-22T02:10:04
CONT-3934ABB8,SESS-49272F3F,form_submit,/billing,Web,Technology,4,36.4,0,2026-03-20T22:58:58
CONT-AA7D31FA,SESS-7B40538B,chat_open,/contact,Partner API,Technology,19,52.9,0,2026-04-04T19:13:36
CONT-96A8ADB3,SESS-8969B34F,chat_open,/faq,Mobile App,Technology,125,36.1,0,2026-03-20T09:24:59
CONT-0FAF2198,SESS-0B027BE9,button_click,/home,IVR,Retail,29,68.7,0,2026-04-02T21:28:08
CONT-2089C7FB,SESS-48507282,chat_close,/home,IVR,Travel,8,17.0,0,2026-04-02T00:43:46
CONT-91F24084,SESS-8BB498EC,chat_close,/support,Partner API,Technology,20,78.5,0,2026-03-20T09:07:52
CONT-35F50638,SESS-0D6FB4F5,page_view,/orders,IVR,Financial Services,7,30.5,0,2026-03-27T23:04:28
CONT-CCDFFD52,SESS-564C97DA,chat_open,/home,Mobile App,Financial Services,10,80.0,0,2026-03-11T06:12:04
CONT-F17A1D7A,SESS-1B540C73,button_click,/home,Mobile App,Retail,48,54.4,0,2026-03-16T05:16:15
CONT-2351A2FE,SESS-83FF8CE5,button_click,/support,Web,Retail,10,10.8,0,2026-03-12T10:32:02
CONT-7C540900,SESS-23D65F5E,chat_open,/products,Web,Technology,100,35.4,0,2026-03-31T08:36:05
CONT-AA9D7FE2,SESS-508BF71D,form_submit,/checkout,Partner API,Technology,30,32.0,0,2026-03-13T11:27:24
CONT-36925FBC,SESS-8CC2AB7B,form_submit,/checkout,Mobile App,Travel,36,39.3,0,2026-03-23T16:19:34
CONT-D5CBC158,SESS-63C5F60F,form_submit,/support,IVR,Travel,25,45.7,0,2026-03-19T06:42:35
CONT-5D1C8427,SESS-E81EC92A,search,/contact,Mobile App,Healthcare,71,7.3,0,2026-03-28T23:51:39
CONT-84F41F46,SESS-09726529,chat_open,/support,Partner API,Technology,72,71.3,0,2026-03-11T07:41:00
CONT-E8545BB1,SESS-E2E99341,button_click,/checkout,Kiosk,Technology,46,95.5,0,2026-04-05T23:35:19
CONT-415CBAED,SESS-D25ECE10,button_click,/support,Partner API,Travel,58,35.5,0,2026-04-02T01:52:52
CONT-9327CA08,SESS-DEED70EB,chat_close,/products,Web,Technology,26,65.3,0,2026-03-13T20:07:16
CONT-F65C7BC9,SESS-540424CC,chat_close,/orders,Web,Retail,56,60.0,0,2026-04-04T07:25:26
CONT-34E0C040,SESS-157E7236,chat_close,/orders,Mobile App,Healthcare,23,86.1,0,2026-04-05T06:15:47
CONT-98BD48F4,SESS-88F7462C,chat_close,/faq,IVR,Financial Services,33,59.2,0,2026-03-26T02:16:03
CONT-951F8BD2,SESS-7B58EFCB,chat_close,/contact,Kiosk,Financial Services,25,43.2,0,2026-03-24T13:37:46
CONT-FBB300D0,SESS-6751404D,page_view,/faq,Partner API,Technology,20,19.1,0,2026-03-30T08:51:21
CONT-CD8A570F,SESS-C3B7DBB7,chat_close,/settings,Web,Retail,16,81.3,0,2026-03-07T04:34:20
CONT-F4218F1E,SESS-84E4EC82,chat_close,/faq,Web,Travel,52,75.9,0,2026-03-22T04:26:51
CONT-384EE088,SESS-4C6EE71D,chat_close,/billing,Web,Financial Services,122,54.0,0,2026-03-29T01:10:38
CONT-0CA7CEB1,SESS-8AA245D2,page_view,/billing,Web,Healthcare,106,63.7,0,2026-04-03T18:34:52
CONT-EFE14AFF,SESS-E4F379F6,chat_close,/products,Kiosk,Technology,9,17.2,0,2026-03-21T19:03:17
CONT-11C5D661,SESS-9C89F51F,chat_close,/products,IVR,Financial Services,120,15.1,0,2026-03-11T13:20:37
CONT-0E29A7F6,SESS-7D464CEA,form_submit,/orders,IVR,Financial Services,24,63.2,0,2026-03-18T10:45:08
CONT-6692371D,SESS-FBBB3804,button_click,/checkout,Web,Travel,60,15.6,0,2026-03-16T03:44:50
CONT-561236A3,SESS-94A726BD,button_click,/orders,Mobile App,Healthcare,13,24.1,0,2026-04-02T03:21:04
CONT-18284F5C,SESS-4E1644B3,form_submit,/home,Mobile App,Retail,38,64.3,0,2026-03-22T05:41:43
CONT-17BBA9B7,SESS-5E7208CD,chat_open,/contact,Kiosk,Retail,45,67.3,0,2026-03-14T17:58:35
CONT-F60ECE39,SESS-AC02802F,button_click,/products,Partner API,Healthcare,7,19.0,0,2026-03-23T19:43:51
CONT-25A31533,SESS-00027CFD,search,/products,Kiosk,Retail,60,76.0,0,2026-04-05T03:20:26
CONT-01AB0A6A,SESS-E7772B2D,chat_close,/support,Mobile App,Travel,127,5.4,0,2026-04-04T08:42:33
CONT-9102C815,SESS-01ABA355,chat_open,/settings,IVR,Retail,27,14.0,0,2026-03-20T02:22:28
CONT-32180164,SESS-73567EC6,form_submit,/support,Web,Retail,129,90.7,0,2026-03-07T14:00:34
CONT-BADE3F8B,SESS-53B1E5F8,search,/account,Partner API,Financial Services,27,23.6,0,2026-03-22T22:46:59
CONT-AF124F1F,SESS-69BAF537,chat_close,/support,Mobile App,Technology,77,47.5,0,2026-03-17T17:01:52
CONT-BD522704,SESS-61547FE7,search,/checkout,Kiosk,Healthcare,3,44.1,0,2026-03-10T03:34:51
CONT-F6E48B3A,SESS-B34546D9,button_click,/faq,Kiosk,Technology,371,94.7,0,2026-03-23T09:16:40
CONT-B00817CD,SESS-002C9B53,form_submit,/contact,Web,Healthcare,147,46.8,0,2026-03-11T17:23:26
CONT-2AB81456,SESS-552FA697,search,/orders,IVR,Retail,24,34.0,0,2026-03-18T23:50:57
CONT-19444651,SESS-9FA8DEA0,button_click,/settings,Mobile App,Travel,4,26.6,0,2026-03-29T11:03:04
CONT-E51D3A7C,SESS-E0BFD1F5,page_view,/billing,Web,Healthcare,44,5.9,0,2026-03-11T18:26:12
CONT-AD1C5B0C,SESS-88752EF5,form_submit,/support,Mobile App,Travel,7,5.1,0,2026-03-14T15:36:51
CONT-A8EFDD3A,SESS-E8B79F68,chat_open,/contact,Partner API,Healthcare,51,50.4,0,2026-03-20T23:34:09
CONT-602308F1,SESS-3466B89F,search,/faq,Mobile App,Financial Services,49,70.5,0,2026-04-03T10:14:23
CONT-C7F7BC27,SESS-86E2CC25,button_click,/settings,Partner API,Retail,12,22.1,0,2026-03-12T10:23:55
CONT-3D23FAD7,SESS-7F3C5403,chat_open,/account,Mobile App,Technology,101,34.7,0,2026-03-18T18:26:24
CONT-462DC4F8,SESS-429852AC,chat_close,/checkout,Kiosk,Technology,74,66.8,0,2026-03-11T05:59:04
CONT-FD2201CE,SESS-9E8C3C64,button_click,/account,Web,Technology,87,94.0,0,2026-03-16T01:50:21
CONT-F4928876,SESS-0B256C52,page_view,/orders,Kiosk,Travel,33,8.9,0,2026-03-07T04:29:30
CONT-1395DFC8,SESS-AAD5A9AF,form_submit,/products,Mobile App,Technology,8,25.1,0,2026-03-17T11:10:52
CONT-4C5630CD,SESS-1B6D3EC4,form_submit,/products,Kiosk,Financial Services,88,82.4,0,2026-04-03T08:26:24
CONT-D059864D,SESS-CC275C7E,search,/settings,Web,Healthcare,25,14.7,0,2026-03-07T08:41:10
CONT-17D92E32,SESS-A31EF4D9,page_view,/faq,Mobile App,Financial Services,8,92.0,0,2026-03-28T10:18:39
CONT-1BBAEDE5,SESS-BA20388C,chat_close,/contact,Mobile App,Healthcare,128,15.7,0,2026-03-31T16:34:34
CONT-A8EE809E,SESS-A77BCDA6,chat_close,/contact,IVR,Travel,270,32.0,0,2026-03-30T10:02:28
CONT-F536E933,SESS-C870D3A0,page_view,/settings,Mobile App,Financial Services,31,54.0,0,2026-03-25T01:33:58
CONT-3364A1DE,SESS-35D51957,page_view,/home,Web,Travel,286,4.3,0,2026-03-09T21:54:05
CONT-7FE84237,SESS-120F8742,search,/support,Mobile App,Healthcare,36,51.4,0,2026-03-27T14:08:44
CONT-5C81EFA9,SESS-93C4EAA7,search,/faq,Kiosk,Healthcare,22,40.2,0,2026-04-02T18:34:39
CONT-52E7627C,SESS-BF543C8A,page_view,/faq,Mobile App,Travel,17,65.8,0,2026-03-29T10:52:34
CONT-8499AEDD,SESS-476F52CD,page_view,/support,Kiosk,Healthcare,170,80.3,0,2026-03-17T12:21:18
CONT-D926F90D,SESS-C418173E,button_click,/products,IVR,Healthcare,15,64.9,0,2026-03-27T01:18:25
CONT-B3C142E4,SESS-2E89661A,chat_open,/products,Web,Healthcare,69,29.7,0,2026-03-26T22:38:17
CONT-B193383F,SESS-D313E0E8,button_click,/checkout,Web,Technology,18,31.3,0,2026-03-16T21:41:32
CONT-8F2DD05C,SESS-3A933196,page_view,/contact,Kiosk,Retail,20,78.8,0,2026-03-31T06:11:23
CONT-D7F4AA2A,SESS-78927D0D,chat_open,/orders,Kiosk,Travel,92,36.1,0,2026-04-04T03:39:03
CONT-50AA78F1,SESS-8C0C5883,form_submit,/orders,Web,Retail,22,78.6,0,2026-03-18T02:24:55
CONT-0628B038,SESS-69B04390,button_click,/faq,Kiosk,Financial Services,22,18.2,0,2026-03-26T04:23:47
CONT-511B88C4,SESS-BD488E26,form_submit,/contact,Kiosk,Financial Services,102,8.8,0,2026-04-03T09:03:13
CONT-2144C67A,SESS-D81DBACC,button_click,/billing,Kiosk,Retail,163,73.2,0,2026-03-23T10:23:40
CONT-C05AE4BB,SESS-0560EB56,search,/settings,Kiosk,Financial Services,63,45.3,0,2026-03-13T07:59:56
CONT-3FD273FC,SESS-30E47118,search,/orders,IVR,Retail,17,27.3,0,2026-03-20T19:44:46
CONT-6E1293C4,SESS-A9C7A51A,search,/products,Mobile App,Retail,19,18.5,0,2026-03-29T21:45:41
CONT-3D525731,SESS-18E94759,chat_open,/account,Mobile App,Technology,35,15.5,0,2026-04-04T15:47:34
CONT-657E3D2F,SESS-924B2206,button_click,/account,Web,Travel,45,77.9,0,2026-03-24T13:24:55
CONT-DB9420CF,SESS-C01731F7,button_click,/products,Mobile App,Travel,12,15.3,0,2026-04-05T11:37:13
CONT-4124E096,SESS-E8F34612,form_submit,/home,Web,Healthcare,68,56.8,0,2026-03-13T11:03:25
CONT-8BE73F23,SESS-43D68690,form_submit,/home,IVR,Technology,36,67.7,0,2026-04-04T17:19:10
CONT-6002BE35,SESS-7C4960B5,form_submit,/support,Partner API,Retail,5,92.1,0,2026-03-29T17:04:13
CONT-0FC9F9CF,SESS-1208A9B4,button_click,/products,IVR,Technology,13,45.8,0,2026-03-08T04:01:01
CONT-600BD588,SESS-DB398868,search,/contact,Mobile App,Healthcare,20,30.3,0,2026-03-27T22:05:00
CONT-4C5630CD,SESS-C5D27914,search,/settings,Kiosk,Travel,30,22.2,0,2026-03-07T05:40:42
CONT-A7974DC8,SESS-D5B8591A,chat_open,/products,Mobile App,Travel,219,40.8,0,2026-03-14T16:58:45
CONT-1AE591B4,SESS-13F9E44D,chat_close,/checkout,Web,Travel,42,32.7,0,2026-04-04T02:54:42
CONT-C95B5F94,SESS-7AFF8603,form_submit,/orders,Mobile App,Travel,14,47.7,0,2026-03-15T22:47:50
CONT-500BF0F6,SESS-04FA1A52,search,/settings,Mobile App,Financial Services,41,80.7,0,2026-03-13T22:19:11
CONT-1102BEA4,SESS-8BAC37CC,search,/billing,IVR,Financial Services,23,63.2,0,2026-03-21T18:23:02
CONT-3529F2AB,SESS-CBB942F5,search,/contact,Partner API,Financial Services,45,47.4,0,2026-03-09T15:54:26
CONT-13107CB9,SESS-8066236E,chat_close,/products,IVR,Financial Services,59,19.2,0,2026-03-18T16:44:33
CONT-DBD78AA0,SESS-688BBCBD,chat_close,/products,IVR,Technology,110,39.8,0,2026-03-09T05:33:44
CONT-C05AE4BB,SESS-1E38E44F,page_view,/products,Partner API,Technology,32,8.7,0,2026-03-09T08:09:13
CONT-EE04BF1C,SESS-FE8A7E7E,chat_open,/orders,Mobile App,Travel,170,81.4,0,2026-03-25T17:51:16
CONT-DF0027C0,SESS-FE17696D,chat_close,/contact,Partner API,Technology,82,94.3,0,2026-04-05T21:46:41
CONT-18133EEF,SESS-4E2B2C7A,form_submit,/products,Partner API,Healthcare,16,88.9,0,2026-03-18T22:23:19
CONT-537B8775,SESS-D2D513D8,chat_close,/settings,Kiosk,Retail,301,52.0,0,2026-03-27T17:46:31
CONT-9EA271CE,SESS-DAB7EBBE,chat_close,/checkout,IVR,Retail,45,23.0,0,2026-03-21T13:10:14
CONT-629DA663,SESS-86C2B03C,page_view,/contact,Partner API,Financial Services,14,69.5,0,2026-03-18T10:11:07
CONT-8368CBEF,SESS-A1DF4B85,page_view,/contact,Mobile App,Travel,172,2.8,0,2026-03-26T04:15:26
CONT-DBDAFACB,SESS-C3ECC35E,chat_close,/support,Kiosk,Technology,264,42.1,0,2026-03-10T07:21:43
CONT-E98092F0,SESS-D4E96D4F,button_click,/support,IVR,Technology,32,60.2,0,2026-03-19T00:35:38
CONT-17D92E32,SESS-CF5522C1,chat_open,/contact,Web,Retail,20,77.6,0,2026-03-14T15:47:41
CONT-2144C67A,SESS-D974AB31,page_view,/account,IVR,Financial Services,27,9.6,0,2026-03-24T19:39:36
CONT-7528A6B0,SESS-3E9EEBD4,page_view,/home,Mobile App,Financial Services,67,58.0,0,2026-03-24T15:52:19
CONT-D8438490,SESS-D90BF849,button_click,/account,Mobile App,Financial Services,118,81.4,0,2026-03-26T04:10:57
CONT-382D0E13,SESS-3C4BBD96,chat_close,/support,Web,Healthcare,58,76.8,0,2026-04-04T19:38:56
CONT-C575199D,SESS-0B86299B,button_click,/account,Mobile App,Technology,36,4.6,0,2026-03-18T20:45:14
CONT-4FB99958,SESS-BA572DF8,chat_open,/settings,IVR,Technology,148,18.7,0,2026-03-12T10:57:06
CONT-0DED97B0,SESS-6B42FCFB,chat_open,/checkout,Partner API,Retail,24,89.8,0,2026-03-18T21:18:41
CONT-0FEE0B1C,SESS-91E1313D,chat_close,/faq,IVR,Healthcare,92,39.9,0,2026-04-03T22:16:02
CONT-8B2C0227,SESS-ED4B7C82,chat_close,/home,Web,Retail,24,69.0,0,2026-04-04T05:53:09
CONT-53E40F69,SESS-88D56D1A,chat_close,/account,IVR,Technology,50,86.9,0,2026-03-17T07:39:23
CONT-8019F275,SESS-25C87990,button_click,/products,Kiosk,Travel,29,23.8,0,2026-03-17T14:49:31
CONT-923B61A0,SESS-0DC14140,chat_open,/faq,Web,Healthcare,31,91.3,0,2026-03-22T04:13:27
CONT-11706937,SESS-B17F3EE8,chat_close,/faq,Kiosk,Technology,22,61.9,0,2026-03-12T12:18:52
CONT-E37426F8,SESS-A157A7FC,chat_close,/home,Partner API,Technology,127,1.1,0,2026-03-30T10:18:28
CONT-A6C5D536,SESS-0595C83C,chat_open,/billing,Web,Healthcare,15,5.3,0,2026-03-18T12:36:32
CONT-9A7EA3D4,SESS-9E367F05,chat_close,/contact,Web,Travel,15,93.3,0,2026-03-16T19:28:11
CONT-AB6BA1F6,SESS-F6CA837A,chat_close,/settings,Web,Financial Services,276,83.7,0,2026-03-15T03:25:15
CONT-41CC1425,SESS-153AFA48,search,/home,Web,Healthcare,88,86.1,0,2026-03-17T10:08:15
CONT-A33C73B8,SESS-E5C1C569,form_submit,/account,Partner API,Financial Services,3,13.9,0,2026-03-24T00:07:58
CONT-17957E10,SESS-55CEE79C,chat_close,/faq,IVR,Financial Services,18,36.1,0,2026-03-09T02:01:05
CONT-5B9BB87C,SESS-0211B7BE,page_view,/support,Web,Retail,5,43.7,0,2026-04-03T09:06:25
CONT-5D1C8427,SESS-B9AE8C12,chat_close,/products,Mobile App,Travel,12,95.5,0,2026-03-17T10:36:56
CONT-9A25106D,SESS-501729CC,search,/faq,Web,Retail,1,74.9,0,2026-03-11T01:12:57
CONT-256315E2,SESS-7D730A34,search,/contact,Web,Retail,28,80.3,0,2026-03-29T17:35:13
CONT-AC0A1E16,SESS-77B51BBF,chat_close,/contact,IVR,Financial Services,10,95.3,0,2026-03-07T08:13:28
CONT-D49AC9AA,SESS-4D06F0FD,form_submit,/account,Kiosk,Financial Services,35,50.7,0,2026-03-19T10:56:54
CONT-DD480537,SESS-D863FA7E,button_click,/orders,IVR,Financial Services,6,78.0,0,2026-03-15T06:48:02
CONT-FDF3AAFA,SESS-AF36C924,page_view,/settings,Partner API,Healthcare,35,8.4,0,2026-03-23T09:48:31
CONT-5DFBB9DE,SESS-0D6903BA,chat_close,/home,Kiosk,Retail,21,36.1,0,2026-03-16T13:58:18
CONT-738FFC0A,SESS-E8CCCB3F,chat_open,/contact,Kiosk,Retail,148,6.1,0,2026-03-23T15:17:41
CONT-B5FF2ABD,SESS-9A64D96E,search,/checkout,Kiosk,Retail,135,52.8,0,2026-03-31T08:38:24
CONT-1A5DB3C4,SESS-430155E2,button_click,/contact,Kiosk,Technology,72,92.9,0,2026-03-28T16:18:16
CONT-2712C571,SESS-302DAED1,button_click,/faq,Partner API,Healthcare,23,43.6,0,2026-04-05T14:40:06
CONT-46ED0FF2,SESS-B3446B7F,page_view,/home,Partner API,Financial Services,241,99.6,0,2026-03-28T19:42:45
CONT-2A9F9BFB,SESS-5EC82938,form_submit,/products,Web,Healthcare,7,93.4,0,2026-03-18T06:38:26
CONT-181EBE73,SESS-1B1C78F5,form_submit,/home,Web,Technology,8,90.3,0,2026-03-28T10:48:40
CONT-9A25106D,SESS-479882A8,search,/settings,IVR,Financial Services,30,93.0,0,2026-03-13T16:15:07
CONT-E086687C,SESS-80358F09,button_click,/settings,Web,Retail,315,84.7,0,2026-04-02T13:28:06
CONT-C10AE686,SESS-D35794B0,button_click,/home,Kiosk,Retail,27,9.0,0,2026-03-14T15:40:32
CONT-03F9AFE6,SESS-E5F32938,button_click,/products,Web,Technology,27,89.5,0,2026-03-25T14:38:13
CONT-A99BA6F4,SESS-C0B9330C,page_view,/account,Partner API,Travel,7,4.0,0,2026-03-08T10:20:07
CONT-88F4199E,SESS-503AC4A1,form_submit,/home,IVR,Healthcare,85,6.4,0,2026-03-29T18:29:55
CONT-4124E096,SESS-8F5EFE05,chat_close,/products,IVR,Retail,85,71.9,0,2026-03-29T08:58:25
CONT-25A31533,SESS-BF3D711A,chat_close,/orders,Kiosk,Travel,72,35.2,0,2026-03-28T08:33:33
CONT-2351A2FE,SESS-F14867C6,search,/contact,Partner API,Technology,17,95.2,0,2026-03-11T08:21:02
CONT-4AC8C193,SESS-9DD57ED7,form_submit,/home,IVR,Travel,16,2.5,0,2026-03-21T10:55:06
CONT-94898F91,SESS-373A3BE2,chat_close,/account,Mobile App,Travel,9,98.3,0,2026-04-01T07:15:36
CONT-A9EA41E2,SESS-D1367E99,chat_open,/home,Web,Retail,36,99.7,0,2026-03-20T07:40:11
CONT-8019F275,SESS-AF822274,form_submit,/orders,IVR,Technology,11,46.5,0,2026-03-27T04:47:00
CONT-D8ED533B,SESS-3D51AD7F,chat_open,/checkout,Mobile App,Healthcare,10,56.4,0,2026-03-08T09:46:22
CONT-8D6368EF,SESS-CF16CD65,search,/home,Partner API,Financial Services,21,79.0,0,2026-03-28T20:06:49
CONT-03C10A66,SESS-34A6A55D,form_submit,/checkout,Web,Technology,20,87.0,0,2026-03-29T15:44:46
CONT-5EA9EF5F,SESS-F2DF1632,page_view,/billing,Mobile App,Financial Services,19,55.5,0,2026-03-19T05:06:53
CONT-EBCE24C6,SESS-D678EB85,form_submit,/support,Kiosk,Technology,52,50.5,0,2026-03-14T20:56:00
CONT-7AE11742,SESS-5A932978,search,/billing,Kiosk,Financial Services,35,72.9,0,2026-03-09T21:06:40
CONT-03614F35,SESS-63FAF6EB,form_submit,/settings,Mobile App,Travel,24,26.8,0,2026-04-03T09:08:26
CONT-95A4F178,SESS-B7BE89C9,search,/support,Kiosk,Travel,39,49.9,0,2026-03-29T06:17:02
CONT-0983CDDF,SESS-1A9C3E11,chat_open,/settings,Mobile App,Financial Services,12,62.9,0,2026-03-23T11:29:17
CONT-D98272A5,SESS-DACC20D2,search,/home,Mobile App,Healthcare,36,3.0,0,2026-04-05T17:30:20
CONT-B91B0E79,SESS-44C0D218,chat_open,/contact,IVR,Technology,38,19.5,0,2026-04-05T10:32:17
CONT-D5001487,SESS-37812076,chat_open,/products,IVR,Healthcare,7,53.4,0,2026-03-19T22:34:23
CONT-63042C12,SESS-A74DB43F,chat_close,/faq,Mobile App,Travel,89,55.7,0,2026-03-22T11:46:21
CONT-70B01D60,SESS-28F900C3,search,/checkout,Mobile App,Financial Services,13,60.3,0,2026-04-02T20:22:39
CONT-06567D1C,SESS-470DB22D,chat_open,/orders,IVR,Technology,36,16.6,0,2026-03-14T13:11:41
CONT-5C870A01,SESS-F299630E,button_click,/checkout,Mobile App,Financial Services,106,85.7,0,2026-03-07T03:27:49
CONT-665DE30F,SESS-4869FAB0,chat_close,/billing,Web,Retail,83,41.1,0,2026-03-16T10:31:45
CONT-5F5BF040,SESS-1298D6C3,form_submit,/home,Web,Healthcare,34,69.1,0,2026-03-13T11:10:50
CONT-F5A2A3ED,SESS-D1DE9A63,form_submit,/orders,Mobile App,Healthcare,23,88.2,0,2026-03-23T16:03:12
CONT-68B103E2,SESS-FDA6F691,search,/support,IVR,Financial Services,85,80.0,0,2026-04-01T15:22:23
CONT-B7DAD708,SESS-F23A1D94,search,/billing,Mobile App,Financial Services,65,36.4,0,2026-03-08T13:27:45
CONT-9B2A90BF,SESS-C2841C38,form_submit,/products,Kiosk,Healthcare,17,79.9,0,2026-03-12T16:32:24
CONT-A2A79778,SESS-75E95801,chat_close,/products,Mobile App,Healthcare,14,87.1,0,2026-03-14T03:36:53
CONT-45DF4610,SESS-1F127CA3,page_view,/account,IVR,Healthcare,4,26.5,1,2026-04-03T22:55:46
CONT-DB9D28CB,SESS-A9F92133,form_submit,/settings,Kiosk,Technology,38,64.2,0,2026-03-15T02:13:12
CONT-7BFCC9C5,SESS-0E5933EA,page_view,/contact,Partner API,Healthcare,30,18.0,0,2026-03-21T13:49:20
CONT-EE04BF1C,SESS-2B703938,button_click,/contact,Web,Healthcare,103,7.5,0,2026-03-12T09:36:28
CONT-50FBFD44,SESS-50FA0835,search,/products,IVR,Travel,47,17.4,0,2026-03-19T05:13:22
CONT-91E94D28,SESS-ACB22F7A,search,/products,Mobile App,Travel,125,59.6,0,2026-03-31T07:50:00
CONT-602056C5,SESS-49EB77C2,button_click,/products,IVR,Financial Services,16,32.3,0,2026-04-01T15:31:41
CONT-CBBBA685,SESS-ECAF5489,form_submit,/settings,Web,Healthcare,103,24.0,0,2026-03-07T02:26:48
CONT-F60ECE39,SESS-0CF388B9,search,/checkout,Web,Healthcare,19,36.9,0,2026-03-10T15:43:27
CONT-706BC317,SESS-AF6F9601,chat_open,/support,Kiosk,Technology,72,88.3,0,2026-03-15T14:42:42
CONT-94BD3247,SESS-D6175327,button_click,/home,Kiosk,Technology,7,81.3,0,2026-04-03T01:46:24
CONT-0983CDDF,SESS-24340ADA,form_submit,/checkout,Mobile App,Retail,41,2.6,0,2026-03-31T10:14:16
CONT-18284F5C,SESS-BAC808D9,button_click,/products,IVR,Healthcare,4,90.4,0,2026-03-18T14:00:11
CONT-8685A69F,SESS-692F6A17,search,/contact,IVR,Financial Services,25,30.9,0,2026-03-09T07:16:42
CONT-3872E5B8,SESS-62775104,chat_close,/account,Kiosk,Technology,51,1.3,0,2026-03-27T10:10:20
CONT-511B88C4,SESS-87BC4AF2,chat_close,/settings,IVR,Retail,19,72.5,0,2026-03-25T07:57:32
CONT-871D5E66,SESS-367BB47C,chat_open,/orders,Mobile App,Technology,11,91.3,0,2026-04-05T11:21:52
CONT-5B5404CD,SESS-05A836B5,button_click,/account,Partner API,Technology,77,59.8,0,2026-03-08T19:04:40
CONT-F52B9033,SESS-5468512D,form_submit,/home,IVR,Retail,29,85.0,0,2026-03-19T22:12:55
CONT-F6E48B3A,SESS-14942F71,page_view,/checkout,Partner API,Retail,20,10.2,0,2026-03-14T23:52:39
CONT-CE988681,SESS-057DCB05,page_view,/billing,Mobile App,Retail,34,41.5,0,2026-03-07T01:55:11
CONT-6486F97A,SESS-F91A9FA1,page_view,/billing,IVR,Financial Services,462,55.8,0,2026-04-02T06:27:58
CONT-194BEE5A,SESS-5A1E7AB0,chat_open,/support,Mobile App,Retail,104,92.6,0,2026-03-09T21:59:45
CONT-5620E539,SESS-656E0F7C,search,/account,Kiosk,Travel,105,54.8,0,2026-03-13T20:17:18
CONT-21A27918,SESS-3FD7226B,page_view,/faq,Partner API,Technology,51,76.3,0,2026-04-05T23:53:23
CONT-AAC180BE,SESS-57C508DC,chat_close,/faq,Partner API,Healthcare,39,16.4,0,2026-03-09T23:49:56
CONT-DCD1B514,SESS-BA62F6F4,page_view,/products,Web,Healthcare,3,83.8,1,2026-03-13T14:56:05
CONT-10D3F9C8,SESS-D447F62F,search,/home,IVR,Financial Services,16,84.2,0,2026-03-15T05:34:29
CONT-14443713,SESS-2FBC8B87,chat_close,/contact,IVR,Retail,20,71.8,0,2026-03-24T04:23:56
CONT-8A1BAD63,SESS-44FF57E3,form_submit,/billing,Partner API,Healthcare,5,74.0,0,2026-04-05T02:36:38
CONT-629DA663,SESS-F60C4CE5,search,/checkout,IVR,Technology,10,21.3,0,2026-03-30T18:37:56
CONT-AF124F1F,SESS-EA896AC9,chat_open,/contact,Mobile App,Travel,4,23.0,0,2026-03-23T12:08:43
CONT-DC656871,SESS-E64C8E4B,search,/faq,Partner API,Technology,31,66.0,0,2026-04-05T04:00:15
CONT-15E91EA3,SESS-E96491C0,chat_open,/support,IVR,Technology,75,43.5,0,2026-03-29T18:28:43
CONT-9DA05D20,SESS-AFE3B5A7,chat_close,/account,Web,Healthcare,100,58.7,0,2026-04-05T09:09:38
CONT-B2D0F776,SESS-364920D3,chat_close,/contact,Web,Healthcare,50,0.4,0,2026-03-20T15:05:14
CONT-96FFFFA8,SESS-88CBA4A1,button_click,/settings,Web,Financial Services,12,34.1,0,2026-03-28T01:14:22
CONT-C0529EB1,SESS-123CC7C0,page_view,/billing,Partner API,Healthcare,4,76.7,1,2026-03-26T21:28:08
CONT-AAB0B03A,SESS-48AF29EA,chat_close,/orders,IVR,Retail,5,85.5,0,2026-03-27T08:20:16
CONT-DF3EF03A,SESS-D9696BB2,form_submit,/products,IVR,Technology,9,1.7,0,2026-03-30T14:25:43
CONT-6130B825,SESS-56AD254D,page_view,/billing,Web,Retail,13,8.9,0,2026-03-21T02:59:50
CONT-BD7844FC,SESS-C4590607,search,/billing,Mobile App,Technology,28,31.1,0,2026-03-20T20:52:44
CONT-BC3AB157,SESS-D39F5424,chat_open,/home,Mobile App,Healthcare,12,34.5,0,2026-03-21T05:49:45
CONT-ACEB5B2E,SESS-0E31B8B2,chat_open,/checkout,Partner API,Financial Services,46,32.2,0,2026-03-25T03:09:36
CONT-8FB56654,SESS-20973994,form_submit,/billing,Kiosk,Financial Services,26,47.1,0,2026-03-28T23:57:57
CONT-E9000E83,SESS-C7DB55F3,chat_close,/settings,Kiosk,Retail,33,82.3,0,2026-03-27T06:15:19
CONT-2D885172,SESS-E750D958,form_submit,/checkout,IVR,Financial Services,103,48.6,0,2026-03-19T05:36:35
CONT-DA09AC79,SESS-CBE4FD81,chat_close,/checkout,Mobile App,Healthcare,10,7.6,0,2026-03-15T06:41:05
CONT-2508D85B,SESS-882385C7,chat_close,/contact,Kiosk,Technology,50,45.8,0,2026-04-04T18:24:04
CONT-010E6635,SESS-D2815E63,chat_close,/home,Web,Technology,32,80.5,0,2026-03-15T05:56:41
CONT-5F703683,SESS-EF3F0C8E,button_click,/faq,Partner API,Financial Services,23,62.1,0,2026-04-03T07:29:08
CONT-12C86DBF,SESS-18682FFD,search,/checkout,Mobile App,Financial Services,80,78.7,0,2026-03-26T07:00:52
CONT-E10BC48A,SESS-E21A4897,form_submit,/settings,Partner API,Travel,79,5.3,0,2026-03-09T22:09:43
CONT-8804F383,SESS-2B417D99,button_click,/contact,Kiosk,Healthcare,12,3.8,0,2026-03-07T01:04:24
CONT-B3050031,SESS-07ED45A4,chat_open,/products,Web,Healthcare,27,57.0,0,2026-03-10T23:42:34
CONT-7D9DCD41,SESS-8C76811A,form_submit,/billing,IVR,Travel,43,74.0,0,2026-03-29T19:20:23
CONT-1A5DB3C4,SESS-B046B51D,button_click,/contact,Kiosk,Retail,25,70.7,0,2026-03-16T19:00:59
CONT-9D4FE4F6,SESS-1474B50F,chat_open,/faq,IVR,Financial Services,59,33.4,0,2026-04-05T20:33:30
CONT-FEF5AA9E,SESS-89C71764,search,/account,Kiosk,Financial Services,43,72.3,0,2026-03-15T03:14:37
CONT-DFA573F8,SESS-C6D4F09F,form_submit,/home,Partner API,Healthcare,206,14.1,0,2026-03-26T07:33:17
CONT-3AE08BB7,SESS-5704AF3B,button_click,/support,Kiosk,Technology,7,7.6,0,2026-04-01T14:14:39
CONT-D77A335A,SESS-4B81249A,search,/contact,IVR,Financial Services,29,44.9,0,2026-04-01T07:20:04
CONT-D49AC9AA,SESS-1667B3A6,chat_close,/orders,Kiosk,Travel,13,89.3,0,2026-03-16T03:43:39
CONT-9322EC17,SESS-ADCE929C,button_click,/contact,Web,Healthcare,60,10.2,0,2026-04-05T18:09:47
CONT-2C9AEBC1,SESS-8B25E92E,search,/account,IVR,Retail,6,99.2,0,2026-03-16T19:44:03
CONT-2EF97BB9,SESS-ED8A7F7D,chat_close,/support,Web,Travel,46,81.5,0,2026-03-21T04:03:34
CONT-6AD09BC4,SESS-EB414BD2,page_view,/contact,Kiosk,Financial Services,17,42.0,0,2026-03-27T20:51:09
CONT-24C3E988,SESS-3295A33F,chat_close,/billing,Web,Travel,15,91.8,0,2026-03-11T05:33:03
CONT-02FDE145,SESS-33C21B48,search,/contact,Partner API,Retail,7,73.1,0,2026-03-10T05:50:38
CONT-9576B18E,SESS-9880B7FE,chat_open,/support,IVR,Technology,20,72.5,0,2026-03-27T01:24:27
CONT-8B0573A0,SESS-CF3DC32C,search,/faq,IVR,Financial Services,97,85.3,0,2026-03-23T14:32:17
CONT-7BFCC9C5,SESS-DB6D752C,search,/orders,Kiosk,Healthcare,32,34.9,0,2026-03-23T01:26:17
CONT-03614F35,SESS-0CC90C9E,page_view,/support,Kiosk,Travel,62,11.1,0,2026-03-23T01:26:14
CONT-080BE1FB,SESS-FF3E00D7,chat_close,/products,Mobile App,Healthcare,174,77.2,0,2026-03-12T09:22:12
CONT-5F89BB3E,SESS-FDCC1A21,page_view,/billing,IVR,Travel,43,20.4,0,2026-03-22T07:09:28
CONT-834B0D71,SESS-7993E290,button_click,/support,Web,Travel,18,61.8,0,2026-03-13T13:37:44
CONT-4C330B33,SESS-CD461127,chat_close,/support,Mobile App,Retail,52,20.6,0,2026-03-10T09:21:40
CONT-C828653D,SESS-A0BDE4D3,chat_close,/contact,Kiosk,Healthcare,19,74.7,0,2026-03-08T09:11:43
CONT-661D10CC,SESS-7FAB71A0,page_view,/billing,IVR,Healthcare,19,1.7,0,2026-03-13T17:29:51
CONT-D5001487,SESS-8ACEDA14,search,/home,IVR,Technology,7,28.1,0,2026-03-12T03:38:34
CONT-1A5DB3C4,SESS-A1835AE5,chat_close,/account,Kiosk,Healthcare,83,81.5,0,2026-03-30T04:20:30
CONT-16FF8CA8,SESS-AA36A980,button_click,/account,IVR,Healthcare,22,56.2,0,2026-03-18T21:04:36
CONT-B193383F,SESS-1BF69461,form_submit,/billing,IVR,Travel,39,45.4,0,2026-03-09T15:32:02
CONT-C88505FD,SESS-ACA41CE8,chat_open,/products,Web,Technology,11,56.7,0,2026-03-30T04:53:37
CONT-8345279A,SESS-87938037,form_submit,/billing,Web,Financial Services,51,22.9,0,2026-03-24T12:51:25
CONT-3AD04315,SESS-564F07A8,chat_open,/support,IVR,Technology,15,76.8,0,2026-03-14T19:21:17
CONT-96FB8DBB,SESS-F4623082,chat_open,/billing,Partner API,Healthcare,28,53.1,0,2026-04-03T03:40:39
CONT-5B886503,SESS-8888C7FC,page_view,/settings,Partner API,Healthcare,79,83.0,0,2026-03-24T09:22:32
CONT-F1A616CA,SESS-C9D8E3F8,search,/checkout,Partner API,Travel,73,6.7,0,2026-04-04T08:22:56
CONT-FD62163C,SESS-2A8BBBAF,form_submit,/orders,Kiosk,Healthcare,32,43.3,0,2026-03-22T14:29:33
CONT-57F0D0FC,SESS-75B75A43,button_click,/settings,Web,Retail,5,25.8,0,2026-03-24T23:32:55
CONT-9BF859B5,SESS-4642ECD3,form_submit,/billing,Partner API,Technology,660,49.6,0,2026-03-24T17:48:46
CONT-C35955FD,SESS-CCCF3D50,form_submit,/faq,Web,Retail,189,50.2,0,2026-03-29T19:30:12
CONT-25B8BD68,SESS-16240ECE,search,/settings,Kiosk,Retail,68,12.5,0,2026-03-21T14:59:40
CONT-A33C66F1,SESS-718A6ED1,search,/home,Partner API,Financial Services,15,42.4,0,2026-03-13T22:54:05
CONT-5EA9EF5F,SESS-F3E195C1,chat_close,/checkout,Web,Financial Services,29,90.8,0,2026-03-08T08:27:28
CONT-518A493E,SESS-C4C8B19F,chat_close,/products,Web,Technology,19,48.4,0,2026-03-08T13:48:33
CONT-08CBA726,SESS-43A958A3,chat_close,/faq,Mobile App,Healthcare,117,70.1,0,2026-03-27T13:14:50
CONT-7DBE5E64,SESS-496B1C8F,chat_close,/support,Web,Technology,43,9.8,0,2026-03-21T11:16:47
CONT-075918F5,SESS-2E61A9FB,chat_close,/faq,Partner API,Travel,15,12.8,0,2026-03-11T06:17:51
CONT-32582483,SESS-AA6AD0CD,form_submit,/checkout,IVR,Healthcare,20,84.3,0,2026-03-30T16:19:23
CONT-527DC99D,SESS-469BE1A2,form_submit,/billing,Partner API,Financial Services,101,86.9,0,2026-04-03T06:15:04
CONT-2221C79F,SESS-2CC241FC,search,/faq,Partner API,Healthcare,164,92.0,0,2026-03-24T05:40:16
CONT-A7974DC8,SESS-E6B7D292,page_view,/orders,IVR,Travel,152,93.6,0,2026-03-10T09:49:52
CONT-8A139577,SESS-37B84617,form_submit,/faq,Web,Healthcare,70,36.5,0,2026-03-27T04:32:06
CONT-7ABD2E1C,SESS-4F2D34FD,search,/account,IVR,Technology,25,56.0,0,2026-04-04T06:23:25
CONT-38329484,SESS-789128CC,page_view,/settings,Mobile App,Technology,1,93.4,1,2026-03-18T14:26:08
CONT-E67C060F,SESS-3862A4DF,form_submit,/orders,Web,Healthcare,44,56.9,0,2026-03-24T23:39:32
CONT-8F2DD05C,SESS-13BD30E2,page_view,/orders,Web,Retail,33,21.9,0,2026-04-04T11:55:08
CONT-F2FFF453,SESS-E7D6D75B,search,/support,Mobile App,Financial Services,38,26.1,0,2026-03-25T00:46:14
CONT-B660CA2B,SESS-577D931C,chat_open,/billing,Kiosk,Technology,34,60.7,0,2026-03-10T06:29:55
CONT-BED6E152,SESS-85A4A936,button_click,/account,Mobile App,Technology,8,90.4,0,2026-03-28T21:30:38
CONT-010E6635,SESS-E6C3C76E,chat_close,/products,Partner API,Technology,57,58.0,0,2026-04-02T20:48:40
CONT-75809B31,SESS-E151F12B,chat_open,/faq,Partner API,Travel,62,62.7,0,2026-03-26T19:45:54
CONT-FFF92BFF,SESS-2576033E,button_click,/account,Partner API,Technology,65,93.0,0,2026-03-09T20:06:18
CONT-8A139577,SESS-9ABBF617,button_click,/faq,Web,Healthcare,85,70.9,0,2026-03-25T20:50:46
CONT-BF2AE7B2,SESS-4462C79A,button_click,/billing,Kiosk,Travel,60,73.2,0,2026-03-27T11:36:52
CONT-CE1A0559,SESS-1096F4B1,button_click,/support,Web,Retail,21,13.4,0,2026-03-20T16:02:59
CONT-4323AE44,SESS-F099EFCC,chat_open,/home,Web,Technology,30,39.0,0,2026-03-12T05:44:05
CONT-CDF0FCC7,SESS-6DD10D03,chat_open,/account,Partner API,Travel,36,86.2,0,2026-03-18T19:57:03
CONT-B5AA3CDC,SESS-7A18DCE5,chat_close,/home,Partner API,Healthcare,36,66.7,0,2026-03-17T23:34:04
CONT-602308F1,SESS-FF25EEB8,search,/home,IVR,Financial Services,89,17.4,0,2026-03-07T14:03:48
CONT-52E7627C,SESS-EDABFBFD,button_click,/checkout,IVR,Technology,63,20.6,0,2026-03-24T03:01:29
CONT-FA2F1D04,SESS-D3EF69D7,search,/checkout,IVR,Travel,264,73.1,0,2026-03-15T01:38:18
CONT-0F0BAF3E,SESS-2E3CC80E,chat_open,/contact,Kiosk,Retail,300,0.2,0,2026-03-21T11:09:30
CONT-10B90972,SESS-C4D74A48,chat_close,/home,Mobile App,Financial Services,35,46.9,0,2026-03-07T21:30:52
CONT-3364A1DE,SESS-3A098739,button_click,/products,Partner API,Financial Services,0,70.9,0,2026-03-21T18:53:30
CONT-729B12DE,SESS-1A7AD81E,chat_close,/orders,Mobile App,Healthcare,114,12.7,0,2026-03-18T03:07:00
CONT-F42A1470,SESS-B54CABE7,form_submit,/orders,Web,Retail,19,55.7,0,2026-03-14T08:12:55
CONT-E8B772D0,SESS-BC8C1166,button_click,/contact,Web,Technology,14,85.7,0,2026-04-04T06:53:05
CONT-3934ABB8,SESS-11962A84,chat_open,/orders,Mobile App,Retail,22,56.2,0,2026-03-16T16:51:58
CONT-A9BA9C46,SESS-AF62E71A,chat_close,/account,Web,Retail,21,65.6,0,2026-03-14T22:35:00
CONT-8BA682E6,SESS-8C927730,page_view,/faq,IVR,Travel,61,3.0,0,2026-03-17T03:37:00
CONT-2F3D2CA2,SESS-9F172C5E,search,/orders,IVR,Technology,6,22.9,0,2026-04-05T22:28:48
CONT-75809B31,SESS-88BFD532,search,/billing,Partner API,Retail,11,65.0,0,2026-03-14T16:30:32
CONT-F16B8045,SESS-C3A781CB,form_submit,/settings,Partner API,Healthcare,46,33.6,0,2026-03-16T08:16:21
CONT-3B8B5B4A,SESS-3C1ADF72,chat_close,/faq,Partner API,Retail,61,71.7,0,2026-04-05T04:28:08
CONT-77D01992,SESS-0BCF2CEC,page_view,/support,IVR,Healthcare,62,21.9,0,2026-03-16T14:36:41
CONT-319E9833,SESS-8B584956,chat_close,/account,Mobile App,Financial Services,15,71.0,0,2026-03-23T15:33:56
CONT-9FCD3C63,SESS-5D7C8D2A,chat_close,/faq,Kiosk,Technology,12,45.2,0,2026-03-11T18:20:44
CONT-41007A83,SESS-B6983F9D,chat_close,/checkout,Web,Financial Services,19,5.5,0,2026-03-26T13:18:20
CONT-069C3776,SESS-55FBE6CF,search,/contact,Web,Technology,42,79.0,0,2026-03-13T02:34:10
CONT-8F2962F7,SESS-DF6150DE,search,/checkout,Mobile App,Healthcare,146,84.9,0,2026-03-21T04:19:57
CONT-0F3E54CE,SESS-A8539A32,chat_open,/settings,Web,Travel,4,35.6,0,2026-04-05T02:20:37
CONT-C527E773,SESS-38C2BFFB,button_click,/contact,Partner API,Financial Services,26,90.9,0,2026-03-10T14:01:34
CONT-EE2CC735,SESS-A392CABF,page_view,/products,Partner API,Technology,8,44.2,0,2026-03-27T01:56:38
CONT-4E33A99F,SESS-D517568B,chat_open,/account,Mobile App,Technology,6,72.6,0,2026-03-26T19:35:55
CONT-614AE913,SESS-B34A6BDC,form_submit,/faq,IVR,Healthcare,87,13.8,0,2026-03-15T02:00:50
CONT-31765127,SESS-E49E3BD9,chat_close,/orders,Web,Travel,57,65.6,0,2026-03-20T01:17:01
CONT-E9465AE1,SESS-412FE1E9,chat_open,/home,Mobile App,Travel,51,30.5,0,2026-03-19T19:02:48
CONT-19444651,SESS-E84A34C2,form_submit,/support,Kiosk,Healthcare,83,45.8,0,2026-03-26T20:50:41
CONT-4DBE01EF,SESS-2148E4EF,search,/account,Mobile App,Travel,20,53.6,0,2026-03-28T05:03:34
CONT-20BF38B1,SESS-09FBC25C,chat_close,/checkout,Web,Retail,21,70.7,0,2026-04-04T06:48:07
CONT-E60361CD,SESS-BF7CF84E,page_view,/checkout,Partner API,Healthcare,294,72.0,0,2026-03-28T12:49:53
CONT-D2C66107,SESS-271759FB,button_click,/billing,Mobile App,Travel,25,69.7,0,2026-03-24T16:46:56
CONT-523DE999,SESS-ED69352F,chat_open,/support,IVR,Retail,69,92.4,0,2026-04-04T02:47:09
CONT-D57DE04F,SESS-BEE2108D,form_submit,/account,Mobile App,Technology,33,3.1,0,2026-03-25T14:03:57
CONT-F536E933,SESS-069C43C3,chat_open,/checkout,Mobile App,Technology,5,3.4,0,2026-04-01T18:43:17
CONT-70FE4424,SESS-62E481DC,chat_open,/home,IVR,Financial Services,4,0.1,0,2026-03-13T18:56:32
CONT-4091852A,SESS-04F19ED4,button_click,/support,Partner API,Travel,18,10.0,0,2026-03-10T05:42:04
CONT-C814CDA6,SESS-CE4A2E42,page_view,/settings,Partner API,Technology,95,39.6,0,2026-03-30T03:26:14
CONT-E60A79C7,SESS-30B75D07,button_click,/faq,Mobile App,Retail,72,19.9,0,2026-03-28T13:03:44
CONT-3EB62EC1,SESS-8741431B,form_submit,/products,Partner API,Financial Services,82,98.7,0,2026-03-25T05:17:50
CONT-2089C7FB,SESS-F0F3B17E,search,/faq,Web,Technology,12,64.1,0,2026-04-04T02:56:22
CONT-072C6F63,SESS-521AD35C,chat_close,/home,Kiosk,Technology,166,65.9,0,2026-03-22T19:47:25
CONT-FA2F1D04,SESS-5BEEBAC8,form_submit,/support,Partner API,Technology,12,48.9,0,2026-03-08T15:34:29
CONT-ED9DF594,SESS-64A35AEB,form_submit,/orders,IVR,Financial Services,40,60.1,0,2026-03-10T16:25:25
CONT-4C5630CD,SESS-50C4B3B6,form_submit,/settings,Web,Travel,32,94.6,0,2026-03-23T14:07:54
CONT-73368DA5,SESS-780737B9,search,/contact,Partner API,Technology,27,74.6,0,2026-03-18T16:53:11
CONT-38ECF189,SESS-91CA3279,chat_close,/home,Kiosk,Travel,126,96.8,0,2026-03-27T19:32:08
CONT-A99BA6F4,SESS-AF519F90,page_view,/home,Mobile App,Healthcare,16,21.2,0,2026-03-11T14:07:23
CONT-56A9AFFA,SESS-88510336,chat_open,/billing,IVR,Technology,8,12.8,0,2026-03-20T05:02:42
CONT-14CCD884,SESS-52F549B1,chat_open,/home,Web,Travel,33,32.8,0,2026-03-09T12:17:30
CONT-67D8D8EC,SESS-F8B9A2A7,page_view,/account,Kiosk,Technology,22,12.2,0,2026-03-22T07:33:54
CONT-95180130,SESS-37DF55E9,search,/home,Web,Retail,970,7.0,0,2026-04-04T03:38:26
CONT-6066E23C,SESS-10E8A316,page_view,/home,IVR,Financial Services,65,51.9,0,2026-03-22T13:05:25
CONT-10D3F9C8,SESS-D2DEDA28,search,/faq,Mobile App,Healthcare,21,72.8,0,2026-03-20T17:47:08
CONT-DF86C870,SESS-D2859445,search,/settings,Mobile App,Travel,11,63.6,0,2026-03-08T13:47:13
CONT-F0D33C5E,SESS-AEA025EE,chat_open,/products,Web,Financial Services,5,10.7,0,2026-04-01T18:48:37
CONT-AFFFB1F9,SESS-C1847A46,chat_open,/orders,IVR,Retail,11,52.4,0,2026-03-13T23:07:59
CONT-E238CC6E,SESS-5058CD9D,button_click,/home,Kiosk,Healthcare,37,12.6,0,2026-04-02T06:58:04
CONT-2F3D2CA2,SESS-B8932AB7,form_submit,/billing,Kiosk,Retail,138,10.4,0,2026-04-04T07:09:22
CONT-56569C5C,SESS-8C7611F2,page_view,/support,Kiosk,Travel,101,30.0,0,2026-03-07T16:46:40
CONT-C4E7B808,SESS-8A677821,form_submit,/billing,Partner API,Healthcare,41,6.3,0,2026-03-15T19:23:39
CONT-8F2DD05C,SESS-614FF8AD,chat_open,/faq,Partner API,Travel,23,73.8,0,2026-04-04T14:57:55
CONT-A7EE01DB,SESS-AB1C3480,chat_close,/support,Mobile App,Financial Services,43,55.8,0,2026-03-28T17:33:34
CONT-2B67C626,SESS-640DA293,search,/faq,IVR,Technology,19,3.6,0,2026-03-25T19:10:12
CONT-2A4846F9,SESS-5769F6B9,button_click,/contact,Partner API,Healthcare,184,89.6,0,2026-03-10T10:45:36
CONT-7701F57E,SESS-3376CE99,form_submit,/home,Mobile App,Travel,27,61.2,0,2026-03-29T20:02:16
CONT-2194FF23,SESS-255F041F,button_click,/contact,IVR,Healthcare,30,29.0,0,2026-03-16T10:31:15
CONT-CF87D351,SESS-E01E4027,chat_open,/account,Partner API,Financial Services,3,40.7,0,2026-03-14T19:40:18
CONT-3E76FC10,SESS-B10AFCFB,chat_open,/support,Partner API,Technology,27,70.6,0,2026-03-15T18:08:06
CONT-E6FF5900,SESS-8A3C5215,search,/support,Partner API,Financial Services,76,87.7,0,2026-03-29T21:49:51
CONT-4FB99958,SESS-C735E2F0,form_submit,/products,Partner API,Retail,11,55.1,0,2026-03-12T16:34:15
CONT-02FDE145,SESS-5D8243D9,button_click,/account,Web,Technology,15,50.9,0,2026-03-09T17:48:15
CONT-C4E9AB1F,SESS-211F8E52,search,/faq,IVR,Technology,73,49.3,0,2026-04-04T18:47:48
CONT-56A9AFFA,SESS-1C721808,chat_close,/contact,Partner API,Travel,7,13.5,0,2026-03-08T14:52:41
CONT-D0A0D651,SESS-D64CD04B,button_click,/home,Mobile App,Travel,95,97.0,0,2026-03-28T13:11:37
CONT-D379A0F0,SESS-4204DB0E,search,/products,Web,Healthcare,19,50.3,0,2026-03-16T00:21:20
CONT-3396EC43,SESS-644B2805,chat_close,/home,Mobile App,Technology,22,1.3,0,2026-03-28T06:11:51
CONT-10E58658,SESS-14129F9B,chat_open,/faq,Web,Travel,10,87.2,0,2026-03-15T05:46:13
CONT-97D82E62,SESS-C0911489,chat_open,/faq,Mobile App,Technology,48,32.4,0,2026-03-29T14:09:15
CONT-08C3AC78,SESS-6764B538,button_click,/orders,Kiosk,Travel,387,84.2,0,2026-03-30T03:18:29
CONT-95409D3E,SESS-1B859C59,chat_close,/checkout,Web,Healthcare,72,31.6,0,2026-03-28T23:19:33
CONT-9A3096A3,SESS-D8D5468F,button_click,/checkout,IVR,Healthcare,13,97.3,0,2026-03-21T10:13:45
CONT-2273C932,SESS-1C901A91,chat_open,/contact,Mobile App,Healthcare,103,13.9,0,2026-03-27T08:28:27
CONT-65299E98,SESS-A7DEB818,chat_open,/settings,Web,Retail,24,81.6,0,2026-03-24T17:36:20
CONT-A4DF0F4C,SESS-D6E20EAA,page_view,/account,Kiosk,Technology,130,47.6,0,2026-03-19T02:52:12
CONT-4EB59871,SESS-169BDDC5,button_click,/contact,Kiosk,Retail,74,32.0,0,2026-03-27T18:27:07
CONT-E7A551F3,SESS-E25A772E,chat_close,/orders,IVR,Retail,1,64.9,0,2026-03-09T22:14:11
CONT-7E5D7635,SESS-7D9703AB,search,/contact,Web,Travel,12,54.5,0,2026-03-31T11:12:29
CONT-8955E460,SESS-FB52DFFC,button_click,/account,Partner API,Financial Services,85,25.9,0,2026-03-22T17:02:02
CONT-AF124F1F,SESS-364D244D,page_view,/billing,IVR,Healthcare,38,50.9,0,2026-03-27T19:02:09
CONT-A4B829D4,SESS-0C1E3E08,button_click,/products,Kiosk,Technology,11,20.3,0,2026-03-18T16:50:15
CONT-A6A2FC29,SESS-B2E325D3,button_click,/contact,Partner API,Financial Services,17,24.4,0,2026-03-24T10:55:27
CONT-A6858059,SESS-C80BAF0E,form_submit,/checkout,IVR,Retail,4,33.9,0,2026-03-22T09:05:23
CONT-4DBE01EF,SESS-97E37D53,form_submit,/faq,Partner API,Financial Services,30,40.2,0,2026-04-01T23:48:11
CONT-16527B74,SESS-6447AEF9,page_view,/support,Mobile App,Healthcare,302,99.5,0,2026-03-14T01:20:16
CONT-BE18D0AB,SESS-77AA2AC8,page_view,/orders,Web,Travel,74,74.7,0,2026-03-25T22:00:51
CONT-598FA4DE,SESS-42B88C5C,button_click,/contact,IVR,Travel,296,93.6,0,2026-03-19T04:21:47
CONT-E1C0B266,SESS-EA250443,search,/billing,Mobile App,Technology,80,2.5,0,2026-04-03T00:22:48
CONT-1F94FF23,SESS-4FF853CD,chat_close,/products,IVR,Travel,92,75.7,0,2026-03-16T00:01:51
CONT-52E7627C,SESS-764A480C,chat_open,/account,Partner API,Financial Services,238,91.8,0,2026-04-05T15:31:43
CONT-6A995B0D,SESS-D16D530C,button_click,/settings,Kiosk,Retail,48,77.2,0,2026-03-15T12:42:23
CONT-5820D31E,SESS-27685B1C,button_click,/billing,Partner API,Retail,27,86.7,0,2026-03-26T00:25:50
CONT-E5C6FBDD,SESS-4154537A,form_submit,/support,Partner API,Healthcare,93,86.8,0,2026-03-11T14:26:31
CONT-3B76012F,SESS-63D4321F,form_submit,/products,Kiosk,Healthcare,141,27.8,0,2026-04-02T04:09:45
CONT-7A5F5969,SESS-67551A3F,button_click,/checkout,Partner API,Travel,20,88.8,0,2026-03-18T14:29:51
CONT-792C90DB,SESS-61B3E21E,form_submit,/home,Web,Financial Services,16,34.7,0,2026-03-17T21:44:43
CONT-FAE35679,SESS-079A5D92,button_click,/billing,Partner API,Financial Services,38,43.1,0,2026-03-16T06:16:46
CONT-6130B825,SESS-75ED69AF,chat_close,/products,Partner API,Retail,76,30.8,0,2026-03-28T16:31:59
CONT-DBDAFACB,SESS-EE82229F,chat_open,/orders,Kiosk,Technology,73,10.0,0,2026-03-31T10:54:21
CONT-C7960D7A,SESS-7C8D6BF5,chat_close,/orders,Mobile App,Retail,7,19.5,0,2026-03-24T19:13:12
CONT-7A4F8486,SESS-6AAB2BBC,chat_open,/orders,Mobile App,Travel,223,40.8,0,2026-04-02T00:46:22
CONT-8F2DD05C,SESS-3C78CBE4,search,/products,Mobile App,Healthcare,17,43.8,0,2026-03-09T10:52:55
CONT-EA3C22BD,SESS-127B7929,chat_close,/contact,Partner API,Financial Services,25,21.1,0,2026-04-03T23:48:38
CONT-D0DBD1BB,SESS-275E0812,form_submit,/contact,IVR,Financial Services,13,52.1,0,2026-03-21T01:16:06
CONT-F7387CDA,SESS-ECACE773,search,/support,IVR,Financial Services,491,7.8,0,2026-03-16T19:45:48
CONT-DF86C870,SESS-84B35C01,page_view,/contact,Kiosk,Technology,42,4.2,0,2026-03-29T18:31:43
CONT-517FA6EE,SESS-0BA9FA7E,chat_close,/orders,Mobile App,Travel,14,76.9,0,2026-03-18T10:30:47
CONT-D4A7F8F0,SESS-45075FAF,chat_close,/orders,Kiosk,Travel,78,4.9,0,2026-03-20T18:51:45
CONT-593CF676,SESS-C7B0C78D,chat_close,/faq,Kiosk,Travel,71,8.1,0,2026-03-11T09:12:46
CONT-0E21B290,SESS-C7E75802,button_click,/products,Mobile App,Retail,27,22.9,0,2026-03-11T14:42:11
CONT-F60ECE39,SESS-A5EB075E,chat_close,/account,IVR,Technology,76,23.5,0,2026-03-25T05:18:32
CONT-C994F774,SESS-37188F62,button_click,/billing,Partner API,Healthcare,14,36.3,0,2026-03-22T10:40:33
CONT-67D8D8EC,SESS-072CDF8D,page_view,/products,Web,Travel,20,63.6,0,2026-03-29T00:36:57
CONT-19D84F8B,SESS-E0FD859B,search,/billing,Mobile App,Travel,4,35.2,0,2026-03-12T01:16:33
CONT-54EB4EBA,SESS-D544CC4B,page_view,/contact,Kiosk,Travel,8,42.7,0,2026-03-08T18:23:30
CONT-007452AF,SESS-406B7766,chat_close,/orders,Web,Retail,201,18.3,0,2026-03-25T21:45:38
CONT-7A62DE92,SESS-54C7B808,form_submit,/orders,Partner API,Retail,170,63.7,0,2026-03-28T11:11:50
CONT-0292D77C,SESS-05EDC9D0,chat_open,/checkout,Mobile App,Travel,35,82.9,0,2026-03-12T03:26:36
CONT-097B11F2,SESS-18BB16C8,chat_close,/orders,Mobile App,Healthcare,174,27.7,0,2026-03-08T03:51:07
CONT-7DF9022D,SESS-D81D78AE,search,/faq,Partner API,Travel,28,28.8,0,2026-03-29T20:20:00
CONT-48AC8B47,SESS-147F48A3,button_click,/billing,Web,Technology,25,34.9,0,2026-03-15T15:02:07
CONT-6568AEF1,SESS-B2BBACE3,form_submit,/billing,Mobile App,Travel,35,57.2,0,2026-03-23T19:45:15
CONT-CF9F00E0,SESS-ED148377,chat_close,/products,Web,Technology,29,7.6,0,2026-03-10T06:50:34
CONT-7E510E15,SESS-07608908,page_view,/faq,Mobile App,Travel,26,51.6,0,2026-03-08T03:56:11
CONT-8345279A,SESS-2636CFAA,button_click,/home,Kiosk,Retail,103,84.1,0,2026-03-28T01:19:18
CONT-0ACF6DED,SESS-4B50EA0B,page_view,/products,Partner API,Healthcare,38,23.4,0,2026-03-17T19:05:09
CONT-9A7EA3D4,SESS-8B02FAE1,button_click,/account,IVR,Retail,67,25.5,0,2026-04-03T21:49:11
CONT-647CFB17,SESS-29804C88,form_submit,/checkout,Kiosk,Retail,92,17.1,0,2026-04-02T19:35:47
CONT-6653C0DA,SESS-9EF13B95,button_click,/products,Partner API,Financial Services,48,15.7,0,2026-03-15T17:36:06
CONT-828B9900,SESS-C7F5BDB9,chat_close,/contact,Web,Healthcare,12,78.6,0,2026-03-15T18:52:38
CONT-2518AAAA,SESS-663CB00B,chat_open,/settings,Kiosk,Financial Services,8,11.1,0,2026-03-28T09:12:18
CONT-5BDFD29F,SESS-7FEF3B5A,search,/contact,Web,Retail,38,97.2,0,2026-03-14T15:59:35
CONT-F14410EE,SESS-CBAAF4A3,chat_open,/orders,Mobile App,Healthcare,27,96.5,0,2026-03-22T21:41:34
CONT-606E0745,SESS-BECE0F3E,page_view,/faq,Mobile App,Financial Services,36,27.9,0,2026-04-05T03:13:02
CONT-03F9AFE6,SESS-39F944B3,button_click,/settings,Kiosk,Financial Services,32,5.4,0,2026-03-15T04:37:34
CONT-9698EB16,SESS-3E77C88E,page_view,/billing,IVR,Healthcare,438,60.0,0,2026-03-14T09:02:44
CONT-D11E127D,SESS-4B52E5E6,button_click,/contact,Mobile App,Travel,8,96.0,0,2026-03-21T08:30:04
CONT-A8EE809E,SESS-D82B5126,chat_close,/support,IVR,Technology,4,35.5,0,2026-03-17T05:14:05
CONT-3D05F157,SESS-AD6B2D4E,chat_open,/settings,Kiosk,Financial Services,46,84.3,0,2026-04-03T06:56:35
CONT-DF0027C0,SESS-A3E5D301,form_submit,/contact,Web,Financial Services,22,22.5,0,2026-03-08T06:38:32
CONT-346A9D69,SESS-16AF38BE,search,/products,Web,Healthcare,45,55.7,0,2026-03-18T22:22:06
CONT-6086ADE1,SESS-6F74BB53,button_click,/settings,Web,Travel,59,31.9,0,2026-03-07T23:42:49
CONT-5D4EE767,SESS-55DD0B7F,page_view,/products,Partner API,Technology,119,66.1,0,2026-03-23T05:48:49
CONT-BED647CE,SESS-23DAFA63,page_view,/checkout,Web,Travel,7,12.5,0,2026-03-17T06:18:11
CONT-B5AA3CDC,SESS-512C62A6,search,/billing,Web,Retail,18,61.4,0,2026-03-30T11:05:17
CONT-DBD78AA0,SESS-BCE8D416,form_submit,/products,IVR,Travel,50,69.1,0,2026-04-03T13:46:05
CONT-9EEF5E12,SESS-D75D3510,chat_close,/account,IVR,Retail,71,48.4,0,2026-03-19T04:55:50
CONT-A6A2FC29,SESS-A29806CF,chat_close,/home,Web,Financial Services,296,71.0,0,2026-03-24T07:24:17
CONT-C6977528,SESS-C5E579E3,chat_open,/contact,Kiosk,Travel,86,39.6,0,2026-03-30T15:07:13
CONT-DD480537,SESS-EC0B95F9,button_click,/faq,Kiosk,Healthcare,31,59.9,0,2026-03-26T15:41:51
CONT-500BF0F6,SESS-637C7B67,page_view,/faq,Mobile App,Financial Services,13,39.4,0,2026-03-09T19:38:03
CONT-7CB75A85,SESS-177F4A51,form_submit,/faq,Kiosk,Retail,18,14.8,0,2026-04-03T02:30:01
CONT-BF364874,SESS-2D0B4A58,chat_open,/home,Mobile App,Technology,18,51.7,0,2026-03-17T05:29:24
CONT-069C3776,SESS-F41B7339,chat_close,/billing,Kiosk,Financial Services,63,79.1,0,2026-04-04T10:18:31
CONT-CF072787,SESS-C0701254,form_submit,/home,Kiosk,Financial Services,42,58.1,0,2026-03-24T17:16:26
CONT-50FE4E02,SESS-8077A467,search,/home,Mobile App,Technology,8,60.8,0,2026-03-22T22:51:26
CONT-4013060C,SESS-7F6BA045,search,/checkout,Mobile App,Technology,21,41.9,0,2026-03-21T01:29:20
CONT-3EB1EBBC,SESS-9E65A87B,page_view,/support,Web,Technology,79,19.6,0,2026-03-29T19:27:01
CONT-C48CF021,SESS-1FCD8E34,page_view,/faq,Kiosk,Financial Services,47,26.2,0,2026-04-02T20:50:44
CONT-FAE730B0,SESS-0765A6CB,button_click,/checkout,Mobile App,Technology,58,38.5,0,2026-03-19T23:48:49
CONT-4A615CBF,SESS-2EE4C14E,chat_open,/contact,Mobile App,Travel,48,22.0,0,2026-03-17T03:43:38
CONT-F61C8A49,SESS-B9EB5C5D,form_submit,/support,Partner API,Healthcare,168,13.6,0,2026-03-26T06:41:30
CONT-D6D3B140,SESS-B9D7648F,chat_open,/contact,Kiosk,Financial Services,41,18.1,0,2026-04-03T03:06:43
CONT-FBB300D0,SESS-BD6D22F9,search,/support,Kiosk,Retail,22,9.3,0,2026-03-19T07:53:00
CONT-84C7CDDA,SESS-F3C96539,chat_open,/faq,Kiosk,Technology,13,97.8,0,2026-03-20T05:17:34
CONT-F2694B9C,SESS-80F03865,search,/support,IVR,Technology,42,3.7,0,2026-04-04T13:36:35
CONT-F03574F5,SESS-931E23A5,page_view,/settings,IVR,Technology,2,53.4,1,2026-04-05T06:43:33
CONT-4C435B74,SESS-EB7FCB13,form_submit,/orders,Kiosk,Travel,27,47.9,0,2026-03-28T21:07:35
CONT-CC4FC211,SESS-F6E7C2EA,chat_open,/orders,Web,Retail,26,66.3,0,2026-03-19T04:13:27
CONT-CF87D351,SESS-7FF5927D,form_submit,/faq,Mobile App,Technology,8,54.1,0,2026-04-04T04:23:53
CONT-8D6368EF,SESS-FF05EAB2,page_view,/contact,Web,Healthcare,13,81.0,0,2026-03-31T02:56:43
CONT-8F2DD05C,SESS-3C1F7ABA,search,/settings,Kiosk,Financial Services,74,3.2,0,2026-03-14T20:12:57
CONT-8E149ABE,SESS-D0AB02B3,page_view,/contact,Partner API,Technology,41,66.2,0,2026-03-10T07:38:19
CONT-7ABD2E1C,SESS-1E412380,chat_close,/orders,Partner API,Travel,36,10.1,0,2026-03-22T13:08:49
CONT-C711DFAF,SESS-E423B062,search,/billing,Mobile App,Technology,44,24.7,0,2026-03-10T09:43:26
CONT-7FB6F897,SESS-9399F360,page_view,/products,Partner API,Healthcare,36,44.0,0,2026-04-02T23:42:26
CONT-1049EA23,SESS-384B182C,search,/faq,Web,Financial Services,114,38.5,0,2026-03-30T03:48:58
CONT-7DEA3409,SESS-1B958DC8,button_click,/contact,Web,Travel,37,96.9,0,2026-04-04T11:43:32
CONT-BE3E5ABB,SESS-FA8F16F6,page_view,/billing,IVR,Travel,7,62.4,0,2026-04-01T22:11:15
CONT-707FF31F,SESS-DF33E75A,form_submit,/billing,Kiosk,Travel,169,95.5,0,2026-04-04T06:39:41
CONT-08C3AC78,SESS-D1D611D0,chat_open,/orders,Web,Travel,47,29.2,0,2026-03-23T21:04:13
CONT-7ABD2E1C,SESS-B9ACBDC0,chat_open,/checkout,Kiosk,Financial Services,18,46.5,0,2026-03-18T00:22:08
CONT-07026EEE,SESS-586A8648,chat_close,/products,Mobile App,Technology,9,89.9,0,2026-03-16T20:44:50
CONT-986926C7,SESS-22231BE2,chat_open,/checkout,Kiosk,Travel,49,40.4,0,2026-03-30T23:34:25
CONT-DFA573F8,SESS-962C00D7,search,/account,IVR,Travel,29,83.5,0,2026-03-19T09:24:35
CONT-83D87BA6,SESS-8DB84814,chat_close,/account,Kiosk,Healthcare,159,0.2,0,2026-03-09T20:52:04
CONT-7A7B0C0D,SESS-55F30657,chat_close,/products,Web,Technology,23,37.0,0,2026-03-09T04:35:12
CONT-3E1B02EE,SESS-59B9CCCF,button_click,/account,Web,Technology,14,31.2,0,2026-03-08T23:00:41
CONT-0ACF6DED,SESS-0078B09E,chat_open,/faq,Mobile App,Travel,81,41.1,0,2026-03-14T19:57:40
CONT-FB7B0CD0,SESS-13AC7F5F,chat_close,/contact,Partner API,Healthcare,83,74.9,0,2026-03-21T19:56:17
CONT-0B6B6E8D,SESS-DBA684D0,search,/support,Kiosk,Healthcare,39,99.5,0,2026-03-30T13:33:33
CONT-9C84AB83,SESS-F5DE4D25,chat_close,/settings,Mobile App,Healthcare,65,11.5,0,2026-04-04T23:02:24
CONT-FF6A346C,SESS-A8966788,chat_close,/support,IVR,Technology,31,63.1,0,2026-03-22T14:48:39
CONT-A8317235,SESS-F54E8C5F,search,/checkout,Partner API,Technology,41,83.6,0,2026-03-18T19:34:01
CONT-8CD6244E,SESS-513D11A9,search,/account,Web,Healthcare,106,18.8,0,2026-04-04T11:52:07
CONT-910445EA,SESS-313D39A6,chat_close,/billing,Kiosk,Travel,61,5.5,0,2026-03-27T21:10:39
CONT-D9DADC0A,SESS-5B8C7B19,search,/faq,Web,Travel,27,32.4,0,2026-03-26T11:33:03
CONT-FC3EC9B7,SESS-088050C7,chat_close,/account,IVR,Healthcare,128,92.8,0,2026-03-07T23:19:32
CONT-F17A1D7A,SESS-10C0AF05,page_view,/billing,Kiosk,Technology,3,95.4,1,2026-03-09T20:35:28
CONT-22667334,SESS-222769A2,form_submit,/account,Mobile App,Retail,257,40.9,0,2026-03-26T06:21:31
CONT-BFF32E1E,SESS-A244409F,search,/faq,Kiosk,Financial Services,6,48.0,0,2026-03-07T00:41:47
CONT-F6E48B3A,SESS-6E0DB90D,page_view,/billing,IVR,Travel,17,99.3,0,2026-03-29T18:05:25
CONT-22FA5A5B,SESS-3FA74A91,search,/orders,Mobile App,Healthcare,31,0.9,0,2026-03-21T08:25:59
CONT-E1A8A078,SESS-733EDF53,chat_close,/faq,Mobile App,Travel,28,72.1,0,2026-03-08T03:23:46
CONT-397882A9,SESS-3B7FABD3,form_submit,/support,Partner API,Travel,90,62.9,0,2026-03-30T15:29:24
CONT-0128C885,SESS-3233442A,search,/faq,IVR,Financial Services,11,93.3,0,2026-03-15T03:40:33
CONT-782F172F,SESS-7C77F8B9,search,/home,Mobile App,Healthcare,42,31.2,0,2026-03-10T11:43:33
CONT-065147AC,SESS-17B27AE5,chat_close,/support,Partner API,Retail,18,31.9,0,2026-03-21T23:59:18
CONT-4689F57D,SESS-FD5BEFD2,form_submit,/faq,Mobile App,Healthcare,44,41.9,0,2026-03-20T17:26:20
CONT-81CB18D0,SESS-D2DB522D,search,/contact,Mobile App,Retail,31,68.2,0,2026-03-28T03:47:12
CONT-BD9E1DBC,SESS-8E395D6E,page_view,/orders,Web,Healthcare,36,71.0,0,2026-03-24T00:51:09
CONT-2102D627,SESS-E242DA26,chat_close,/billing,IVR,Retail,19,23.8,0,2026-03-08T10:23:01
CONT-F88F4B73,SESS-5AFDB59F,chat_open,/faq,Mobile App,Retail,19,86.5,0,2026-03-14T12:16:20
CONT-8C2312C8,SESS-0928BDE7,chat_close,/home,IVR,Technology,44,43.9,0,2026-03-26T16:57:36
CONT-1117F0A4,SESS-1214F800,form_submit,/home,Kiosk,Financial Services,85,73.6,0,2026-03-15T16:16:13
CONT-5EEF68AF,SESS-2546A715,button_click,/account,IVR,Travel,18,27.8,0,2026-03-23T06:14:00
CONT-9721F2DB,SESS-0F6295F2,chat_close,/billing,Partner API,Technology,13,91.3,0,2026-03-29T15:21:03
CONT-2194FF23,SESS-41254A70,chat_close,/home,Kiosk,Travel,61,88.9,0,2026-03-18T15:20:28
CONT-ED395817,SESS-CB659DED,page_view,/checkout,IVR,Financial Services,32,18.7,0,2026-03-17T20:29:14
CONT-D3298458,SESS-303994EC,search,/contact,Partner API,Technology,75,29.7,0,2026-03-23T03:05:51
CONT-C3655F48,SESS-B3393C1A,form_submit,/billing,IVR,Retail,13,31.5,0,2026-03-08T11:09:12
CONT-E43906E6,SESS-4C2398D7,page_view,/checkout,Kiosk,Technology,5,0.8,0,2026-03-14T14:15:54
CONT-986A0A5D,SESS-C3552A5C,form_submit,/home,Partner API,Technology,19,53.2,0,2026-03-19T23:00:12
CONT-6A3DB3C7,SESS-1F40E7F2,page_view,/billing,Mobile App,Healthcare,15,92.8,0,2026-04-04T11:31:50
CONT-B2BA6231,SESS-064291C2,chat_close,/contact,Partner API,Technology,30,65.6,0,2026-03-22T10:27:16
CONT-48BB26E5,SESS-2C4C51A0,search,/settings,Mobile App,Technology,17,24.7,0,2026-03-27T22:01:05
CONT-8EEED2A2,SESS-27B09814,page_view,/orders,Mobile App,Healthcare,69,66.6,0,2026-03-10T01:17:37
CONT-FC7D29A9,SESS-83E2820D,page_view,/faq,Partner API,Technology,24,69.5,0,2026-03-24T15:11:43
CONT-2994BF5A,SESS-EB354B33,chat_open,/support,IVR,Travel,38,25.0,0,2026-03-23T05:48:31
CONT-3364A1DE,SESS-60EF0DCB,page_view,/billing,IVR,Financial Services,38,26.7,0,2026-03-19T04:38:37
CONT-BC6291D6,SESS-DD516129,form_submit,/contact,Web,Retail,40,62.4,0,2026-03-30T21:49:09
CONT-62991E9E,SESS-41E803A0,chat_close,/billing,Web,Financial Services,32,93.8,0,2026-03-27T05:41:48
CONT-82E6C57E,SESS-CDEB3CF9,page_view,/orders,Kiosk,Technology,55,7.7,0,2026-03-14T05:14:40
CONT-3A58BB75,SESS-D84EC14B,search,/checkout,Mobile App,Financial Services,14,81.2,0,2026-03-13T04:33:20
CONT-BFF32E1E,SESS-BB95BF9E,chat_close,/products,IVR,Retail,134,74.1,0,2026-03-31T18:15:38
CONT-C60E4103,SESS-1E4ABB5F,page_view,/account,Kiosk,Travel,26,69.1,0,2026-03-15T03:31:43
CONT-B2BA6231,SESS-59EBEFA0,chat_close,/faq,Web,Travel,8,55.8,0,2026-03-20T05:27:00
CONT-02B5DABA,SESS-596C825A,chat_open,/settings,Kiosk,Financial Services,39,44.7,0,2026-03-21T15:54:10
CONT-5620E539,SESS-61FAB020,chat_close,/account,Mobile App,Technology,14,51.5,0,2026-03-30T16:01:03
CONT-DD480537,SESS-5C489FC3,chat_open,/support,Web,Retail,64,52.1,0,2026-03-07T21:06:29
CONT-8300BFE5,SESS-F53A372B,chat_open,/contact,Partner API,Travel,301,87.3,0,2026-03-23T00:07:43
CONT-E9BFC889,SESS-38EF39ED,chat_close,/contact,Web,Travel,15,12.1,0,2026-03-07T18:43:59
CONT-04979491,SESS-0513FFB1,button_click,/products,Web,Healthcare,46,99.4,0,2026-04-02T20:08:08
CONT-E4D6D4F7,SESS-29399EE5,chat_close,/account,Web,Healthcare,5,37.7,0,2026-03-17T17:53:54
CONT-C4E9AB1F,SESS-1747AD35,chat_close,/contact,IVR,Travel,52,59.0,0,2026-03-15T22:48:56
CONT-BF364874,SESS-5948597B,button_click,/account,Web,Technology,13,70.2,0,2026-04-03T14:13:44
CONT-01391CBE,SESS-25CF8D69,search,/home,Mobile App,Retail,17,16.1,0,2026-03-21T02:35:15
CONT-394E74FB,SESS-A98D439C,search,/orders,Kiosk,Financial Services,11,50.6,0,2026-03-14T05:38:07
CONT-CEBB1CD4,SESS-86EB5416,chat_close,/checkout,Partner API,Travel,68,86.4,0,2026-03-26T06:00:05
CONT-796AB29F,SESS-84233EDD,button_click,/home,IVR,Healthcare,90,62.2,0,2026-04-03T04:26:48
CONT-90751BFA,SESS-4F6FA7AE,form_submit,/settings,Kiosk,Travel,33,7.5,0,2026-03-15T08:35:04
CONT-891E8C3B,SESS-A45D1F9B,page_view,/settings,Mobile App,Retail,13,24.5,0,2026-03-10T20:04:56
CONT-3FCD5E60,SESS-15CB0E42,form_submit,/orders,Kiosk,Technology,162,96.9,0,2026-03-24T04:23:00
CONT-14CCD884,SESS-61CF0FEF,chat_close,/account,IVR,Technology,15,35.4,0,2026-03-31T20:51:43
CONT-17D92E32,SESS-26831FAB,page_view,/support,Web,Healthcare,3,98.0,1,2026-03-23T18:22:39
CONT-3082934A,SESS-692C38DC,page_view,/products,Mobile App,Travel,52,57.0,0,2026-03-26T05:28:54
CONT-8B83BDF6,SESS-C2CCA73E,chat_close,/account,IVR,Healthcare,10,35.2,0,2026-04-01T15:35:15
CONT-32582483,SESS-E4FE1A89,button_click,/settings,Kiosk,Financial Services,88,79.4,0,2026-03-13T07:40:29
CONT-61CD9AAE,SESS-C2162CB7,button_click,/support,Web,Technology,22,99.6,0,2026-03-20T03:59:21
CONT-F2694B9C,SESS-4DFF4358,chat_open,/faq,IVR,Healthcare,60,9.4,0,2026-03-16T01:06:45
CONT-52E7627C,SESS-95AE86CA,page_view,/support,Partner API,Healthcare,134,81.5,0,2026-03-24T14:58:14
CONT-F9543307,SESS-EADF3788,form_submit,/checkout,Partner API,Technology,9,11.9,0,2026-03-07T15:31:12
CONT-397882A9,SESS-BF6C8FF0,form_submit,/contact,Mobile App,Travel,18,24.5,0,2026-03-08T18:06:08
CONT-A12AA6B8,SESS-207824C3,button_click,/checkout,Kiosk,Healthcare,30,84.0,0,2026-03-30T00:02:50
CONT-EEDDB97E,SESS-3E0E3C85,chat_open,/checkout,Partner API,Travel,154,92.8,0,2026-03-13T01:37:02
CONT-55A9F05E,SESS-E24C002F,button_click,/home,IVR,Travel,17,38.3,0,2026-03-25T11:46:10
CONT-7A5F5969,SESS-D3E330BF,button_click,/billing,Kiosk,Travel,18,41.5,0,2026-03-13T21:31:31
CONT-E38E57C3,SESS-1B48159D,search,/billing,Mobile App,Financial Services,53,41.4,0,2026-03-18T10:54:32
CONT-F1A616CA,SESS-17F314F3,button_click,/faq,Kiosk,Financial Services,18,90.6,0,2026-03-12T23:01:57
CONT-7B407779,SESS-EFABB698,button_click,/settings,Partner API,Healthcare,38,96.5,0,2026-03-29T19:56:19
CONT-002CB4CC,SESS-549D6809,chat_open,/home,Mobile App,Financial Services,7,89.4,0,2026-03-07T20:40:40
CONT-A45D3573,SESS-FCB88FE6,search,/faq,Web,Retail,303,42.0,0,2026-04-03T09:08:26
CONT-B07ECD96,SESS-33899ECB,form_submit,/home,Mobile App,Technology,8,66.1,0,2026-04-03T17:43:11
CONT-7F8B9A1E,SESS-33BC5DBF,form_submit,/faq,Mobile App,Healthcare,24,66.7,0,2026-03-20T11:23:45
CONT-EBEB2098,SESS-EA5B0DAF,chat_close,/products,Mobile App,Travel,32,7.3,0,2026-03-17T12:46:46
CONT-501012B2,SESS-21723F96,button_click,/account,Partner API,Technology,224,83.8,0,2026-03-27T17:26:07
CONT-51AED89D,SESS-E1C8C051,chat_open,/home,IVR,Technology,8,64.0,0,2026-03-19T11:26:07
CONT-F2008436,SESS-EEC9D65D,search,/billing,Web,Retail,240,7.9,0,2026-03-09T23:40:20
CONT-58C12708,SESS-A74B3044,page_view,/contact,Mobile App,Travel,70,25.0,0,2026-03-29T17:34:48
CONT-FC7D278B,SESS-FE4138C1,chat_open,/billing,IVR,Retail,50,79.2,0,2026-04-02T12:26:08
CONT-BC6BCCB9,SESS-307F53A4,search,/faq,Partner API,Healthcare,12,64.4,0,2026-03-16T03:29:21
CONT-9EB26A1D,SESS-1ADCD87D,chat_close,/products,Mobile App,Financial Services,58,32.5,0,2026-04-04T17:06:56
CONT-DD5C02DB,SESS-AE7DCA12,chat_open,/billing,Mobile App,Healthcare,16,12.8,0,2026-03-30T21:51:00
CONT-5960E683,SESS-44EE8FF3,search,/billing,IVR,Technology,117,25.2,0,2026-03-28T15:30:45
CONT-1904C034,SESS-BFF63074,form_submit,/home,Mobile App,Retail,12,65.8,0,2026-04-01T07:12:07
CONT-CBBEBA86,SESS-AE064D61,form_submit,/billing,Web,Retail,29,93.6,0,2026-03-20T16:31:25
CONT-573408E8,SESS-CE00F3D0,form_submit,/orders,Web,Financial Services,19,71.1,0,2026-03-16T04:54:18
CONT-C1C7C50B,SESS-59B378C6,button_click,/settings,IVR,Travel,12,48.9,0,2026-03-31T12:56:52
CONT-7C36ABA4,SESS-6161D69A,form_submit,/billing,Web,Healthcare,69,46.2,0,2026-04-04T12:53:27
CONT-2DD476CF,SESS-587BD3F4,chat_open,/support,Kiosk,Travel,56,79.2,0,2026-03-22T02:25:36
CONT-BC6BCCB9,SESS-9BBF9CDB,search,/home,IVR,Travel,110,70.2,0,2026-03-18T20:47:41
CONT-5B2120A3,SESS-5DEECE8C,chat_open,/billing,Partner API,Healthcare,5,24.1,0,2026-03-09T15:34:45
CONT-17598984,SESS-2B0F6445,form_submit,/products,IVR,Retail,95,85.2,0,2026-03-30T00:29:02
CONT-66BC9EE9,SESS-12E55B1A,form_submit,/orders,IVR,Technology,405,52.5,0,2026-03-10T07:30:54
CONT-AF96AF85,SESS-894D2999,chat_open,/contact,IVR,Financial Services,21,71.8,0,2026-03-10T19:22:33
CONT-7C36ABA4,SESS-99B7E9DF,button_click,/settings,Kiosk,Travel,220,71.9,0,2026-03-22T22:10:55
CONT-25333582,SESS-EF9D2A02,chat_open,/billing,Web,Retail,25,71.2,0,2026-03-23T06:40:17
CONT-226C4835,SESS-998361B8,search,/billing,Mobile App,Healthcare,8,96.1,0,2026-03-09T12:11:13
CONT-A44FA092,SESS-A6F1ABBD,chat_open,/products,IVR,Financial Services,24,49.4,0,2026-04-03T17:12:06
CONT-EF378A95,SESS-9DBB3E98,button_click,/orders,Mobile App,Travel,94,91.5,0,2026-04-04T07:43:31
CONT-825B196A,SESS-60DB0592,form_submit,/products,Partner API,Travel,14,87.8,0,2026-03-29T13:29:31
CONT-805EE297,SESS-6D85F5E8,page_view,/faq,Partner API,Financial Services,18,81.0,0,2026-03-13T13:27:20
CONT-E92AB986,SESS-143F1D67,page_view,/contact,Web,Retail,59,78.9,0,2026-03-11T17:29:57
CONT-1EBA1C22,SESS-7B8FF7ED,form_submit,/billing,Partner API,Technology,33,66.8,0,2026-04-04T22:33:56
CONT-A95E7203,SESS-CF3375E0,search,/billing,Kiosk,Retail,59,32.2,0,2026-03-22T16:44:42
CONT-061BD933,SESS-AA3831D8,form_submit,/account,Kiosk,Travel,42,76.7,0,2026-03-09T01:48:03
CONT-C3CE03A5,SESS-89843118,chat_close,/orders,IVR,Retail,53,63.2,0,2026-03-07T16:20:04
CONT-BB2D6E20,SESS-F20BE651,chat_open,/home,Web,Healthcare,21,63.1,0,2026-03-24T03:19:07
CONT-EEDDB97E,SESS-5A8BA302,chat_close,/faq,Mobile App,Healthcare,41,15.7,0,2026-03-15T11:18:07
CONT-BA545D17,SESS-B524D771,chat_close,/products,Partner API,Technology,13,42.4,0,2026-03-13T05:43:24
CONT-84C7CDDA,SESS-247D5D7D,form_submit,/contact,Mobile App,Retail,120,95.0,0,2026-03-23T18:20:24
CONT-6D7E188B,SESS-790AEFA5,search,/account,Partner API,Technology,17,15.5,0,2026-03-23T02:40:36
CONT-7ED17641,SESS-09EA54AD,button_click,/support,Kiosk,Financial Services,102,75.9,0,2026-03-18T09:48:46
CONT-1102BEA4,SESS-A36A9BAC,button_click,/orders,IVR,Healthcare,26,67.6,0,2026-03-30T11:58:21
CONT-99FC5C95,SESS-68545051,search,/support,Kiosk,Financial Services,40,38.8,0,2026-03-23T06:04:39
CONT-AA9D7FE2,SESS-E963113F,search,/checkout,Web,Financial Services,20,66.6,0,2026-03-07T10:34:23
CONT-3CF97BD6,SESS-F35682AF,chat_close,/settings,IVR,Travel,11,9.2,0,2026-03-07T01:10:34
CONT-F2008436,SESS-8FB929F7,search,/account,Mobile App,Travel,5,3.0,0,2026-03-27T01:06:17
CONT-240FBB65,SESS-574912AC,chat_close,/settings,Partner API,Retail,11,48.1,0,2026-03-19T19:48:56
CONT-C6977528,SESS-94318DAB,search,/orders,Partner API,Technology,23,83.3,0,2026-03-20T06:00:32
CONT-D56F96C4,SESS-53C62F70,button_click,/account,IVR,Retail,40,75.1,0,2026-03-15T06:23:18
CONT-78707BEF,SESS-67E6428D,button_click,/checkout,IVR,Technology,90,50.0,0,2026-03-18T21:25:20
CONT-CBEDBFCD,SESS-71192285,chat_close,/home,Mobile App,Financial Services,21,34.8,0,2026-03-16T13:47:04
CONT-031F3205,SESS-41AE1AD8,chat_open,/checkout,Mobile App,Healthcare,13,32.6,0,2026-03-28T15:01:57
CONT-13107CB9,SESS-FE0E5F96,chat_close,/orders,IVR,Financial Services,7,32.0,0,2026-03-07T12:15:24
CONT-D56F96C4,SESS-E19A9C5F,chat_open,/account,Web,Technology,53,17.6,0,2026-03-17T20:58:33
CONT-23AAD6E3,SESS-4E23CD7A,chat_open,/products,IVR,Technology,132,26.8,0,2026-03-27T03:44:30
CONT-9835F24D,SESS-9D9AB139,chat_close,/account,Mobile App,Technology,117,8.8,0,2026-04-05T13:59:40
CONT-8B2C0227,SESS-82CB4B97,chat_close,/settings,Mobile App,Technology,67,67.0,0,2026-03-18T11:35:00
CONT-9EEF5E12,SESS-8F46C85E,chat_open,/orders,Mobile App,Technology,62,33.4,0,2026-03-21T11:19:37
CONT-BC5DE3E9,SESS-490C468B,button_click,/settings,Web,Travel,180,31.8,0,2026-04-05T09:03:26
CONT-FBB300D0,SESS-10AAAA3C,form_submit,/orders,IVR,Financial Services,46,99.9,0,2026-03-09T23:50:38
CONT-183AC109,SESS-0C66123F,search,/support,IVR,Financial Services,63,71.1,0,2026-03-12T17:37:12
CONT-8C2312C8,SESS-8D2311B6,page_view,/checkout,Web,Technology,24,25.9,0,2026-03-28T14:51:02
CONT-3A2871E9,SESS-42CA9891,search,/home,Kiosk,Travel,8,10.8,0,2026-03-16T22:14:18
CONT-39432F52,SESS-1968A617,chat_close,/checkout,Mobile App,Technology,16,74.9,0,2026-03-18T23:00:21
CONT-5D46E834,SESS-7FC9526F,search,/checkout,Mobile App,Technology,32,92.2,0,2026-03-14T22:07:41
CONT-7BFCC9C5,SESS-49F5D97C,chat_open,/checkout,Partner API,Travel,35,39.3,0,2026-03-29T08:53:00
CONT-9AC13C2C,SESS-0137726D,chat_close,/home,Kiosk,Healthcare,227,29.8,0,2026-04-04T18:34:26
CONT-BED647CE,SESS-A49D9B2D,chat_close,/home,IVR,Retail,35,98.6,0,2026-04-04T12:51:16
CONT-68B9127E,SESS-6F27201A,search,/settings,Partner API,Retail,107,32.6,0,2026-04-02T15:44:22
CONT-0DED97B0,SESS-180F6D3B,search,/home,Web,Financial Services,21,57.4,0,2026-03-17T12:41:46
CONT-D32A51F4,SESS-B3B7FC14,chat_close,/account,Mobile App,Financial Services,24,39.1,0,2026-04-03T18:20:41
CONT-BF087480,SESS-BCCE02AF,search,/products,IVR,Retail,8,15.7,0,2026-03-19T02:56:15
CONT-F23E54AC,SESS-7F5BBC00,chat_open,/contact,Kiosk,Retail,15,36.0,0,2026-03-30T09:36:18
CONT-3955B9E5,SESS-31B5E3D1,chat_close,/billing,Partner API,Retail,56,52.6,0,2026-03-15T09:18:18
CONT-D98272A5,SESS-FC5DDB80,chat_close,/checkout,Web,Travel,33,35.3,0,2026-03-27T01:58:03
CONT-5F215DAD,SESS-BDBA72F9,page_view,/faq,IVR,Healthcare,85,33.6,0,2026-04-05T03:05:26
CONT-4A615CBF,SESS-91CBDB28,button_click,/support,Kiosk,Healthcare,39,88.3,0,2026-04-02T13:03:46
CONT-1117F0A4,SESS-E6949BA6,chat_open,/faq,Web,Technology,23,19.5,0,2026-03-14T08:20:55
CONT-BEA7A6CF,SESS-9630300B,button_click,/contact,Mobile App,Travel,283,92.8,0,2026-03-18T10:25:15
CONT-0E579119,SESS-42AF6B2A,button_click,/contact,IVR,Travel,30,61.2,0,2026-03-12T01:01:02
CONT-5FF5F462,SESS-F24985D1,chat_close,/support,Kiosk,Travel,105,64.9,0,2026-03-21T13:53:56
CONT-26E5DD54,SESS-2B7548BE,button_click,/orders,Partner API,Healthcare,22,85.0,0,2026-03-31T05:11:13
CONT-CF9F00E0,SESS-AB450765,search,/products,Kiosk,Healthcare,67,3.4,0,2026-03-14T07:48:00
CONT-AF96AF85,SESS-938F6044,button_click,/account,Web,Retail,83,99.9,0,2026-03-24T03:46:02
CONT-D671C0F7,SESS-E46443CA,chat_close,/home,Partner API,Travel,40,4.9,0,2026-04-02T04:57:40
CONT-FF6A346C,SESS-0B6A4687,form_submit,/orders,Kiosk,Healthcare,3,75.0,0,2026-03-23T10:17:09
CONT-067C0A1A,SESS-EA1D7427,page_view,/home,Kiosk,Travel,33,1.1,0,2026-03-07T01:45:26
CONT-ABFB3C50,SESS-04E3DD46,chat_close,/contact,IVR,Technology,113,59.5,0,2026-03-19T14:54:57
CONT-A25E2E31,SESS-D43EAA5A,search,/orders,Web,Travel,56,21.2,0,2026-04-01T19:06:53
CONT-6F602111,SESS-28E2ED7D,chat_close,/contact,IVR,Technology,51,19.4,0,2026-03-25T15:30:20
CONT-B414F983,SESS-83FD9112,chat_close,/products,IVR,Healthcare,5,24.2,0,2026-03-17T15:27:14
CONT-03160B4A,SESS-A7E06D97,form_submit,/faq,IVR,Healthcare,16,74.4,0,2026-03-26T19:50:53
CONT-1880E6F7,SESS-F189B3DD,button_click,/faq,Partner API,Financial Services,49,15.6,0,2026-03-27T21:27:26
CONT-D0DBD1BB,SESS-57EB35BB,chat_open,/account,Partner API,Retail,49,34.5,0,2026-03-15T19:15:03
CONT-E1685AF2,SESS-22FF6824,search,/products,Mobile App,Travel,111,88.6,0,2026-03-31T05:04:13
CONT-A517303A,SESS-42D0E391,form_submit,/checkout,Web,Healthcare,28,96.4,0,2026-03-12T14:20:19
CONT-D0780970,SESS-00952C24,form_submit,/home,Kiosk,Retail,49,25.2,0,2026-03-13T08:07:06
CONT-8388F7D5,SESS-AB8A8CEF,search,/home,Partner API,Technology,33,86.4,0,2026-04-03T08:43:34
CONT-6631691B,SESS-65CFEECE,button_click,/settings,Web,Healthcare,12,35.5,0,2026-04-04T12:29:06
CONT-B285D608,SESS-6BC35E0F,search,/support,IVR,Technology,3,1.6,0,2026-04-01T20:33:45
CONT-24B3BD58,SESS-DB07F2CA,chat_close,/checkout,Partner API,Retail,50,60.6,0,2026-03-11T12:30:31
CONT-93D66731,SESS-FC8D981B,form_submit,/faq,Mobile App,Technology,39,43.6,0,2026-03-16T22:49:32
CONT-4906A94A,SESS-C3918A8C,search,/contact,Partner API,Healthcare,17,52.4,0,2026-03-21T12:52:17
CONT-C711DFAF,SESS-CB67364F,chat_close,/settings,Kiosk,Healthcare,6,45.3,0,2026-03-18T21:08:35
CONT-41CC1425,SESS-A98DF2F4,chat_close,/settings,Partner API,Healthcare,62,95.9,0,2026-03-19T19:31:09
CONT-8C2312C8,SESS-823EBE27,chat_close,/settings,IVR,Retail,25,91.9,0,2026-03-18T19:17:59
CONT-8FDCD574,SESS-115C7B0E,chat_open,/checkout,Mobile App,Healthcare,57,47.9,0,2026-03-30T04:17:41
CONT-5960E683,SESS-E2C2C888,search,/products,Mobile App,Technology,213,64.0,0,2026-03-10T20:27:35
CONT-0FAF2198,SESS-80A3A0AE,button_click,/contact,Kiosk,Travel,3,45.5,0,2026-03-24T22:08:17
CONT-57E16415,SESS-4E110B10,page_view,/settings,Web,Travel,16,75.6,0,2026-04-01T04:51:12
CONT-9AC13C2C,SESS-FE4767E0,form_submit,/checkout,IVR,Travel,26,87.0,0,2026-04-02T02:39:35
CONT-782F172F,SESS-257C976D,button_click,/billing,Mobile App,Travel,141,4.0,0,2026-03-08T09:10:03
CONT-7A4F8486,SESS-0CD0F0AC,form_submit,/settings,Web,Healthcare,6,28.7,0,2026-03-12T12:00:56
CONT-03AB45E5,SESS-9C344A91,button_click,/orders,Kiosk,Travel,229,36.4,0,2026-03-08T13:46:06
CONT-3F9236EF,SESS-2BE540CA,chat_close,/settings,Web,Travel,37,22.4,0,2026-03-21T16:55:25
CONT-D23F120B,SESS-F0420171,form_submit,/orders,Mobile App,Technology,30,10.3,0,2026-03-13T12:58:23
CONT-B3597152,SESS-8330F222,chat_open,/support,Mobile App,Retail,27,77.5,0,2026-03-26T17:30:48
CONT-03422663,SESS-04CAE22A,button_click,/support,Kiosk,Financial Services,21,87.7,0,2026-03-24T21:14:56
CONT-1D67C6F0,SESS-90A55468,search,/checkout,Partner API,Travel,94,2.0,0,2026-03-26T05:19:00
CONT-A1E60FE1,SESS-A6BBD18F,button_click,/contact,Mobile App,Retail,11,59.4,0,2026-03-07T00:06:30
CONT-3F13EAB9,SESS-4F9C50B9,search,/contact,IVR,Healthcare,46,63.3,0,2026-03-31T11:29:26
CONT-543B62F5,SESS-527016BB,chat_open,/billing,IVR,Financial Services,22,46.5,0,2026-03-27T15:04:17
CONT-E6D01696,SESS-E11B8E5A,page_view,/settings,IVR,Technology,15,21.9,0,2026-04-01T00:34:03
CONT-1011DFF7,SESS-9310A544,button_click,/orders,IVR,Technology,439,2.7,0,2026-03-31T05:58:51
CONT-611EA614,SESS-77DB6A7F,chat_open,/faq,Partner API,Healthcare,50,93.0,0,2026-03-07T12:58:24
CONT-3AE08BB7,SESS-1A6D120C,page_view,/products,Kiosk,Healthcare,61,66.2,0,2026-03-28T12:56:12
CONT-FA5AAAEC,SESS-B92737DB,button_click,/settings,IVR,Financial Services,103,94.5,0,2026-03-08T07:41:35
CONT-F1252D54,SESS-ECB0B56C,page_view,/home,IVR,Travel,7,23.1,0,2026-03-15T20:00:22
CONT-45383237,SESS-0351628F,button_click,/orders,Kiosk,Financial Services,191,44.9,0,2026-03-14T16:28:40
CONT-527DC99D,SESS-6C5BE6EB,form_submit,/orders,Mobile App,Retail,2,33.3,0,2026-03-21T18:31:22
CONT-330D5C0A,SESS-9446D348,page_view,/checkout,IVR,Technology,15,12.1,0,2026-03-29T06:33:20
CONT-602056C5,SESS-51D69947,form_submit,/support,Partner API,Travel,20,84.0,0,2026-03-28T11:19:05
CONT-F4FF61B4,SESS-E46A4946,form_submit,/checkout,Partner API,Retail,59,71.7,0,2026-04-04T15:45:41
CONT-DD5A81D7,SESS-9B1A352B,chat_open,/faq,Web,Travel,41,67.1,0,2026-03-21T18:22:12
CONT-0DB64F18,SESS-9E3059EB,search,/checkout,Kiosk,Financial Services,28,69.1,0,2026-03-07T02:35:10
CONT-A0E105CF,SESS-627B0ADA,button_click,/orders,Kiosk,Travel,32,62.7,0,2026-03-13T21:21:59
CONT-9327CA08,SESS-771C9A1D,chat_open,/support,Partner API,Healthcare,12,3.3,0,2026-03-29T00:17:40
CONT-39432F52,SESS-79A3E75A,chat_close,/home,Kiosk,Retail,7,79.8,0,2026-03-09T04:56:37
CONT-FC09A2F8,SESS-5B643AE1,chat_open,/orders,IVR,Financial Services,68,6.5,0,2026-03-13T05:42:13
CONT-04168CC1,SESS-2B48FD7A,page_view,/checkout,IVR,Travel,66,24.2,0,2026-03-28T20:10:27
CONT-F12FEAE5,SESS-9549EF56,page_view,/billing,IVR,Travel,161,93.7,0,2026-03-17T21:26:19
CONT-8A8E5119,SESS-4D1E5849,chat_open,/contact,Mobile App,Retail,15,28.9,0,2026-04-03T20:10:52
CONT-A72DEA9D,SESS-6D0061AF,form_submit,/account,Mobile App,Technology,66,10.3,0,2026-03-18T17:10:27
CONT-660C5DEC,SESS-DDC14DCC,search,/support,Partner API,Retail,24,82.9,0,2026-04-01T16:32:30
CONT-21A27918,SESS-09348996,chat_open,/support,Web,Technology,108,55.9,0,2026-03-31T08:42:32
CONT-D203A6BA,SESS-6ED86E78,search,/contact,Web,Technology,92,44.3,0,2026-03-16T15:47:42
CONT-4778D936,SESS-9AF74244,search,/orders,Kiosk,Technology,40,4.6,0,2026-03-26T08:58:27
CONT-C1936B8A,SESS-088BB159,search,/checkout,Kiosk,Travel,23,35.6,0,2026-03-18T19:42:50
CONT-8955E460,SESS-939F585B,form_submit,/products,Web,Retail,86,31.8,0,2026-03-28T10:52:20
CONT-E1C0B266,SESS-CD67DB37,chat_close,/billing,Kiosk,Retail,63,29.4,0,2026-03-15T16:21:30
CONT-1C59827B,SESS-AA4511A1,chat_close,/contact,Partner API,Travel,16,54.8,0,2026-03-08T06:02:55
CONT-FBFB3FBC,SESS-DBBFA38B,chat_open,/checkout,Kiosk,Travel,8,44.8,0,2026-03-17T06:06:03
CONT-8C1FF59B,SESS-4174A530,search,/contact,Kiosk,Healthcare,24,78.4,0,2026-03-14T05:34:22
CONT-22667334,SESS-75B4338A,chat_open,/home,Mobile App,Healthcare,150,94.1,0,2026-03-07T19:07:34
CONT-087C1338,SESS-35F8E6B2,form_submit,/account,Kiosk,Retail,104,78.9,0,2026-03-21T16:59:29
CONT-F12DB116,SESS-0A3BCAEA,button_click,/account,IVR,Technology,10,1.4,0,2026-03-12T18:30:29
CONT-8F0A65D1,SESS-449938FC,chat_close,/account,Web,Healthcare,10,63.5,0,2026-03-25T13:32:09
CONT-16FF8CA8,SESS-11B864F2,page_view,/support,Kiosk,Retail,118,70.5,0,2026-03-28T09:09:43
CONT-C634179E,SESS-0012568C,chat_close,/checkout,Web,Retail,10,4.1,0,2026-03-22T03:22:38
CONT-8CD76F38,SESS-D854F5F4,chat_open,/products,Web,Travel,55,58.7,0,2026-03-13T07:36:15
CONT-EA5BC624,SESS-F00A4213,search,/home,IVR,Travel,17,62.3,0,2026-03-08T19:16:07
CONT-8C5F677B,SESS-52321BC4,search,/products,Partner API,Healthcare,166,62.4,0,2026-03-23T02:50:49
CONT-9327CA08,SESS-BDE65AAF,chat_close,/checkout,Partner API,Retail,15,92.0,0,2026-03-17T22:27:06
CONT-D11E127D,SESS-F74B84F7,chat_close,/orders,Mobile App,Travel,103,21.8,0,2026-03-21T05:13:53
CONT-0E69DC84,SESS-4786EF1E,button_click,/billing,Kiosk,Healthcare,39,32.5,0,2026-03-31T18:10:41
CONT-1749B008,SESS-7D21682A,page_view,/faq,Web,Travel,42,73.0,0,2026-03-18T10:37:29
CONT-BC294CA3,SESS-A1ADF5FA,page_view,/products,Mobile App,Healthcare,4,27.2,1,2026-04-05T17:42:03
CONT-6F14FE65,SESS-A63A3AB2,chat_close,/orders,IVR,Financial Services,3,67.1,0,2026-03-08T17:01:54
CONT-27603415,SESS-294CF6BD,page_view,/home,Kiosk,Healthcare,26,21.2,0,2026-04-02T15:22:00
CONT-D1368A70,SESS-E6C01DFF,form_submit,/contact,Partner API,Technology,42,49.6,0,2026-03-15T01:04:26
CONT-17D68E8C,SESS-726B37A9,form_submit,/account,Kiosk,Retail,10,68.7,0,2026-03-25T06:37:50
CONT-940EBED5,SESS-CFF2E98B,chat_close,/faq,Web,Travel,11,58.0,0,2026-03-28T17:44:41
CONT-602749BC,SESS-23216547,page_view,/faq,Web,Travel,58,50.1,0,2026-03-12T14:48:27
CONT-1BBAEDE5,SESS-DA9C0726,search,/contact,Partner API,Retail,58,22.3,0,2026-03-07T20:45:35
CONT-3FD273FC,SESS-6D1FD540,chat_close,/contact,Kiosk,Technology,28,60.3,0,2026-03-15T18:27:10
CONT-5586F3A8,SESS-43FB0EBE,page_view,/checkout,Web,Retail,72,38.1,0,2026-03-22T19:15:08
CONT-EE0698E7,SESS-A3731060,search,/orders,Mobile App,Healthcare,10,43.9,0,2026-03-12T10:08:35
CONT-6A995B0D,SESS-DA952A9B,form_submit,/support,IVR,Retail,23,12.7,0,2026-03-26T12:52:13
CONT-BED6E152,SESS-B8908EEB,chat_open,/faq,IVR,Financial Services,172,77.0,0,2026-03-14T20:30:39
CONT-F42A1470,SESS-2055DEA1,chat_open,/checkout,IVR,Travel,35,94.2,0,2026-03-30T16:53:25
CONT-C791B7D9,SESS-939D2470,form_submit,/home,Partner API,Retail,37,63.1,0,2026-03-31T13:04:49
CONT-7D130D24,SESS-889C03B7,search,/account,IVR,Financial Services,332,65.2,0,2026-03-11T08:20:06
CONT-5EA9EF5F,SESS-15F6DCCE,form_submit,/faq,Web,Technology,8,3.7,0,2026-03-20T11:35:47
CONT-A4D2CF5C,SESS-563FF90F,search,/account,Kiosk,Healthcare,73,44.8,0,2026-03-27T06:17:51
CONT-5D4EE767,SESS-249770FF,page_view,/products,Kiosk,Retail,174,37.0,0,2026-03-27T21:08:59
CONT-B8DF1C73,SESS-D43B3111,form_submit,/checkout,Partner API,Financial Services,23,60.0,0,2026-03-27T02:26:48
CONT-3F431542,SESS-BB4B4E1C,chat_open,/products,Kiosk,Healthcare,78,8.6,0,2026-04-03T20:00:32
CONT-BDD6040E,SESS-CEB42E18,page_view,/support,IVR,Travel,12,4.5,0,2026-04-04T21:09:07
CONT-C711DFAF,SESS-FEF9B3AD,search,/orders,Mobile App,Retail,16,60.3,0,2026-04-02T13:58:41
CONT-0A595E3F,SESS-B3212344,button_click,/faq,Mobile App,Travel,48,39.2,0,2026-03-22T18:57:30
CONT-33F6BAE3,SESS-82DCDBDC,button_click,/products,Mobile App,Technology,73,67.0,0,2026-03-07T02:49:54
CONT-391F772D,SESS-F3280BC1,search,/products,Web,Healthcare,101,43.7,0,2026-03-20T02:52:35
CONT-E9725B5E,SESS-7770CEA7,button_click,/orders,Web,Financial Services,159,35.2,0,2026-03-20T17:02:13
CONT-6A995B0D,SESS-7B2A278A,form_submit,/checkout,Kiosk,Technology,30,8.6,0,2026-03-16T14:03:14
CONT-58FA09BB,SESS-B1C48331,search,/billing,Web,Financial Services,109,53.3,0,2026-03-12T23:10:00
CONT-E9F09257,SESS-6A813CA8,chat_close,/checkout,Kiosk,Retail,23,84.2,0,2026-04-03T22:40:07
CONT-66C9AEE3,SESS-E2F5A275,form_submit,/products,Mobile App,Healthcare,81,77.3,0,2026-03-30T08:41:18
CONT-24FE2E4D,SESS-08171E97,page_view,/checkout,IVR,Travel,40,50.3,0,2026-03-09T23:57:15
CONT-3A2871E9,SESS-E5288024,form_submit,/contact,Mobile App,Retail,51,43.9,0,2026-03-29T20:32:13
CONT-278A31ED,SESS-0B51F05F,button_click,/orders,Mobile App,Financial Services,50,30.7,0,2026-03-15T22:45:39
CONT-E8545BB1,SESS-7C8ADDC9,chat_open,/support,IVR,Travel,6,93.6,0,2026-03-19T01:12:34
CONT-23449A27,SESS-18B63D01,search,/faq,Mobile App,Technology,10,24.7,0,2026-03-14T12:10:53
CONT-D1491165,SESS-EF43BBDA,search,/billing,IVR,Technology,36,91.6,0,2026-03-27T20:27:20
CONT-93D66731,SESS-0F40D3A2,form_submit,/orders,Partner API,Healthcare,6,91.2,0,2026-03-31T16:40:32
CONT-D4378876,SESS-1363F397,page_view,/settings,Kiosk,Technology,76,53.7,0,2026-03-28T16:02:03
CONT-A0E83BAB,SESS-BF2B8CE6,chat_close,/faq,Kiosk,Travel,79,68.6,0,2026-04-03T22:07:50
CONT-6A3DB3C7,SESS-49117401,form_submit,/settings,Partner API,Financial Services,45,78.7,0,2026-03-16T18:28:40
CONT-F14410EE,SESS-54CD26C0,search,/checkout,IVR,Financial Services,10,98.8,0,2026-03-26T13:51:45
CONT-FC09A2F8,SESS-91AFFF88,chat_open,/products,Partner API,Retail,131,91.0,0,2026-03-23T00:52:01
CONT-3FD273FC,SESS-08F34A32,search,/orders,IVR,Travel,253,20.9,0,2026-03-16T01:33:03
CONT-6FE0641F,SESS-EA432D0F,button_click,/account,IVR,Retail,38,90.2,0,2026-03-17T00:27:55
CONT-5D1F6B2C,SESS-FE6690F8,page_view,/faq,IVR,Travel,55,1.5,0,2026-03-18T19:29:42
CONT-CE5D3401,SESS-E24E1CB1,page_view,/support,Partner API,Travel,40,22.2,0,2026-03-16T16:40:25
CONT-73C00490,SESS-FD977233,chat_close,/checkout,Web,Travel,56,1.6,0,2026-03-26T07:43:07
CONT-84AB1E09,SESS-95B3DFC7,form_submit,/contact,Web,Financial Services,29,25.0,0,2026-03-13T13:29:12
CONT-E21901A9,SESS-02CF0BB8,page_view,/account,Partner API,Financial Services,31,50.1,0,2026-04-05T20:03:44
CONT-67719A65,SESS-868D47BE,form_submit,/support,Web,Retail,81,35.4,0,2026-03-18T16:44:59
CONT-98C1F3AB,SESS-B0DD9554,search,/contact,Web,Healthcare,345,48.5,0,2026-03-19T15:01:39
CONT-1BBDD520,SESS-655870C7,page_view,/checkout,Partner API,Retail,8,2.1,0,2026-03-25T07:54:45
CONT-20D01F8B,SESS-D1A831D9,search,/home,Partner API,Technology,29,84.6,0,2026-03-18T10:35:15
CONT-6985F8C0,SESS-9C901C96,search,/checkout,Web,Healthcare,10,39.7,0,2026-03-13T20:26:59
CONT-82AF839B,SESS-CAAC59BD,chat_close,/billing,Mobile App,Healthcare,162,86.3,0,2026-03-31T00:05:02
CONT-B8CCB262,SESS-C13B17B0,chat_close,/settings,Mobile App,Financial Services,18,93.3,0,2026-03-23T08:30:22
CONT-26DB5B6F,SESS-5FCC5A8E,chat_close,/contact,Mobile App,Technology,7,96.2,0,2026-03-11T19:41:31
CONT-4498FAB2,SESS-64E362F6,button_click,/checkout,Web,Technology,62,12.5,0,2026-03-09T22:18:27
CONT-73E7C9A4,SESS-FC5E0416,form_submit,/home,Web,Healthcare,189,86.6,0,2026-04-05T18:50:13
CONT-55F7670F,SESS-886C28C9,search,/home,IVR,Financial Services,64,70.9,0,2026-04-01T09:52:02
CONT-08C3AC78,SESS-89BEAAE6,page_view,/settings,Partner API,Technology,40,64.3,0,2026-03-15T22:18:01
CONT-A6691A45,SESS-40691AC3,search,/contact,IVR,Technology,49,93.3,0,2026-03-09T09:48:31
CONT-07B53AA1,SESS-D0D85803,button_click,/orders,Partner API,Retail,136,76.3,0,2026-04-03T01:07:49
CONT-1BBDD520,SESS-5FCED9C9,chat_close,/billing,Web,Healthcare,13,4.2,0,2026-03-17T23:21:01
CONT-278A8535,SESS-B76E10E0,button_click,/home,Partner API,Technology,29,8.3,0,2026-03-20T14:53:30
CONT-2221C79F,SESS-3CCC1AA7,button_click,/settings,Web,Financial Services,21,61.9,0,2026-04-05T06:16:48
CONT-6A995B0D,SESS-37F8C716,page_view,/home,Kiosk,Technology,10,17.7,0,2026-03-08T22:05:38
CONT-9C041CC5,SESS-96342300,page_view,/billing,Kiosk,Technology,23,28.5,0,2026-03-22T20:14:39
CONT-3613C761,SESS-7C613607,search,/settings,Partner API,Travel,100,84.3,0,2026-04-05T21:44:39
CONT-0983CDDF,SESS-CE26100B,page_view,/support,Mobile App,Technology,58,22.8,0,2026-03-12T16:33:10
CONT-C35955FD,SESS-20338D5A,button_click,/billing,Partner API,Financial Services,63,17.3,0,2026-04-03T21:48:12
CONT-AE1936A8,SESS-E19D3180,chat_close,/billing,Kiosk,Healthcare,38,3.7,0,2026-03-21T09:41:53
CONT-1CE5CB90,SESS-483651A7,chat_close,/support,Partner API,Healthcare,55,48.9,0,2026-03-24T20:33:02
CONT-1473C52B,SESS-FF9207CE,button_click,/account,Partner API,Travel,14,40.2,0,2026-03-22T02:40:28
CONT-AFA70D65,SESS-2A707FFE,chat_open,/products,IVR,Travel,24,5.2,0,2026-03-30T02:03:29
CONT-97ACF3A5,SESS-1D253B00,chat_close,/settings,Mobile App,Healthcare,40,75.4,0,2026-03-17T12:27:23
CONT-4AC27ACA,SESS-EFE9DFE5,search,/settings,Partner API,Financial Services,43,47.8,0,2026-03-24T00:13:46
CONT-5B34D7B3,SESS-6F64D70A,chat_close,/checkout,Web,Healthcare,45,83.2,0,2026-03-23T07:40:48
CONT-51B4E3C4,SESS-052CF49A,button_click,/contact,IVR,Healthcare,28,3.9,0,2026-03-31T06:18:39
CONT-579DF1A4,SESS-088B1CC0,search,/home,Partner API,Travel,22,5.4,0,2026-03-16T03:22:04
CONT-0F1AF68D,SESS-1F316407,search,/billing,Web,Retail,778,79.4,0,2026-03-24T14:25:27
CONT-9E210C21,SESS-BDBF3EEC,chat_close,/contact,Web,Healthcare,82,19.3,0,2026-03-18T11:30:55
CONT-1181D2B2,SESS-2C348DC7,form_submit,/orders,Partner API,Technology,50,26.5,0,2026-03-12T14:36:15
CONT-C7265A99,SESS-8AD99B3B,page_view,/products,IVR,Retail,26,9.1,0,2026-03-16T16:53:45
CONT-5DFBB9DE,SESS-DED67E2B,form_submit,/billing,Web,Technology,21,16.6,0,2026-03-15T10:53:55
CONT-1BBDD520,SESS-D685BC11,search,/home,Partner API,Financial Services,29,7.7,0,2026-03-25T19:44:52
CONT-3DF2ECE2,SESS-12EF9F7B,form_submit,/billing,IVR,Technology,44,83.8,0,2026-03-18T00:08:34
CONT-A94BC80C,SESS-E81C34E2,page_view,/orders,Web,Healthcare,5,5.2,0,2026-04-02T16:29:13
CONT-7E977441,SESS-435F92DA,button_click,/account,Web,Retail,6,47.5,0,2026-03-28T18:58:51
CONT-365EEFE0,SESS-E0272668,chat_open,/settings,Kiosk,Healthcare,17,46.5,0,2026-03-19T03:19:40
CONT-3D525731,SESS-058F6831,form_submit,/account,Partner API,Travel,40,36.2,0,2026-04-02T21:32:58
CONT-EB4895BF,SESS-C78BF382,chat_open,/home,Web,Healthcare,26,41.3,0,2026-03-28T09:46:27
CONT-BDD6040E,SESS-02830174,button_click,/checkout,Mobile App,Technology,145,99.8,0,2026-03-24T17:01:28
CONT-1189D1E8,SESS-D6352833,form_submit,/account,IVR,Technology,7,23.9,0,2026-03-15T20:11:02
CONT-73D81A47,SESS-BF742A5D,page_view,/support,Web,Financial Services,15,70.5,0,2026-04-01T14:17:52
CONT-90751BFA,SESS-436288BE,search,/faq,Web,Retail,151,39.7,0,2026-03-22T20:26:20
CONT-1EBA1C22,SESS-A2145630,search,/home,Mobile App,Healthcare,37,58.1,0,2026-03-16T09:10:31
CONT-EC26DA0F,SESS-2ECE56AE,search,/faq,IVR,Healthcare,80,8.1,0,2026-03-21T14:42:24
CONT-F12DB116,SESS-3F3C1526,page_view,/checkout,IVR,Retail,257,49.8,0,2026-03-16T07:16:48
CONT-3CA68666,SESS-C47D425B,button_click,/faq,Partner API,Travel,16,84.7,0,2026-03-30T22:37:16
CONT-7DEA3409,SESS-F1941CBF,chat_close,/checkout,Mobile App,Technology,29,98.5,0,2026-03-22T08:03:36
CONT-52A9CF20,SESS-B5398601,search,/contact,Partner API,Travel,25,59.5,0,2026-03-12T14:23:16
CONT-256315E2,SESS-7DCC9791,chat_close,/contact,Mobile App,Retail,4,47.7,0,2026-03-12T03:22:14
CONT-8EFD3A2F,SESS-100B5F7D,page_view,/account,Web,Healthcare,24,16.2,0,2026-03-19T18:31:37
CONT-46333898,SESS-0A62B723,button_click,/products,Partner API,Healthcare,79,99.4,0,2026-03-21T19:45:45
CONT-7DF9022D,SESS-4BEF13FE,search,/support,Web,Financial Services,56,44.4,0,2026-03-29T19:32:47
CONT-518322B2,SESS-43725745,chat_close,/products,Web,Travel,61,89.1,0,2026-03-07T00:38:10
CONT-5B2120A3,SESS-F731253A,search,/orders,Partner API,Healthcare,22,31.0,0,2026-03-22T09:53:24
CONT-65299E98,SESS-370BC8CD,page_view,/contact,Kiosk,Technology,17,74.0,0,2026-03-07T05:43:32
CONT-4C330B33,SESS-136F80B4,form_submit,/home,Web,Retail,117,93.3,0,2026-03-26T13:53:54
CONT-4C61B980,SESS-DEA16D65,search,/home,IVR,Retail,20,20.6,0,2026-03-08T18:50:28
CONT-B3FB54BE,SESS-40C334FE,page_view,/billing,IVR,Financial Services,44,53.2,0,2026-03-11T09:24:36
CONT-8C095D58,SESS-18522310,chat_open,/account,IVR,Financial Services,38,3.0,0,2026-03-18T20:44:08
CONT-AFFFB1F9,SESS-16C82324,search,/settings,IVR,Healthcare,142,95.5,0,2026-03-27T11:32:16
CONT-470835B2,SESS-DC1BDACF,page_view,/home,Web,Travel,87,6.4,0,2026-03-22T09:33:21
CONT-8B83BDF6,SESS-A0C9CCB0,button_click,/orders,Web,Technology,9,55.3,0,2026-03-14T05:04:34
CONT-4028A215,SESS-D119D04A,form_submit,/account,Web,Technology,10,87.0,0,2026-03-16T23:44:44
CONT-DD54A8FE,SESS-5DD072D0,chat_close,/billing,Kiosk,Retail,59,83.6,0,2026-03-19T07:19:27
CONT-1AE591B4,SESS-09D08F2E,search,/checkout,Kiosk,Technology,31,94.3,0,2026-03-14T00:20:51
CONT-C57C3900,SESS-71D3342D,chat_open,/billing,Mobile App,Financial Services,21,95.2,0,2026-03-10T00:45:21
CONT-67719A65,SESS-B480D45E,search,/products,Mobile App,Retail,91,79.7,0,2026-03-27T12:30:54
CONT-E3C10C4D,SESS-759DAC69,form_submit,/orders,Web,Financial Services,39,51.9,0,2026-04-05T00:15:05
CONT-871D5E66,SESS-D38470E8,form_submit,/account,Kiosk,Travel,34,14.9,0,2026-03-20T13:08:56
CONT-AB86ED14,SESS-30C3B98B,search,/orders,Kiosk,Financial Services,72,6.5,0,2026-03-31T01:00:14
CONT-E7A551F3,SESS-C4FA8444,search,/products,Kiosk,Financial Services,22,76.1,0,2026-03-18T08:11:15
CONT-285CA050,SESS-2AD9A480,search,/products,Partner API,Healthcare,158,1.0,0,2026-03-08T15:18:05
CONT-EE1E9881,SESS-E0F5DA8F,form_submit,/products,Web,Retail,15,69.1,0,2026-03-17T08:23:23
CONT-94E5033A,SESS-4EFEFEB8,chat_close,/account,Mobile App,Healthcare,63,64.1,0,2026-03-18T18:03:59
CONT-CC799AD9,SESS-D118E22B,page_view,/home,IVR,Travel,138,59.9,0,2026-03-09T05:01:35
CONT-53E40F69,SESS-AA013A64,search,/contact,IVR,Travel,8,83.6,0,2026-03-22T14:15:35
CONT-88676FE3,SESS-DCB447DE,chat_close,/orders,Web,Retail,23,55.7,0,2026-04-01T13:52:08
CONT-839679A3,SESS-E74CC6F3,page_view,/products,Web,Healthcare,103,63.4,0,2026-03-20T12:15:16
CONT-53E40F69,SESS-A60D1B88,form_submit,/faq,Kiosk,Technology,105,24.0,0,2026-03-19T23:37:08
CONT-5820D31E,SESS-AACDCBB0,button_click,/checkout,Partner API,Technology,27,24.9,0,2026-04-05T06:31:28
CONT-FDE4A093,SESS-09183DAC,page_view,/account,IVR,Travel,15,77.2,0,2026-03-14T14:01:44
CONT-4A147ED5,SESS-E0851EAF,form_submit,/support,Web,Technology,86,79.7,0,2026-03-22T12:33:32
CONT-C7265A99,SESS-0FA15302,form_submit,/home,Partner API,Financial Services,108,47.4,0,2026-03-11T00:14:36
CONT-579DF1A4,SESS-F431D4CC,page_view,/contact,Kiosk,Travel,10,39.8,0,2026-04-03T18:46:33
CONT-36925FBC,SESS-D82105DA,search,/products,Web,Travel,9,35.8,0,2026-04-03T09:52:33
CONT-CF87D351,SESS-8231059A,form_submit,/checkout,Web,Travel,41,35.0,0,2026-04-03T16:42:03
CONT-B00512C0,SESS-D39DAACB,chat_open,/account,Partner API,Healthcare,62,44.7,0,2026-03-14T10:37:46
CONT-665DE30F,SESS-82DC8367,search,/contact,Web,Technology,24,94.6,0,2026-04-05T10:26:28
CONT-4A5F57C6,SESS-BCC12BFF,chat_close,/billing,Kiosk,Retail,65,42.6,0,2026-03-11T14:30:26
CONT-CC19C212,SESS-71C3862F,chat_open,/checkout,Kiosk,Retail,16,81.2,0,2026-03-25T12:09:52
CONT-F4928876,SESS-FC199D46,chat_close,/faq,Partner API,Travel,3,2.6,0,2026-04-01T20:41:17
CONT-1B6952B6,SESS-4DDAC608,chat_close,/home,IVR,Travel,21,79.9,0,2026-03-11T07:43:38
CONT-25B8BD68,SESS-EA99670E,page_view,/billing,Web,Technology,35,93.7,0,2026-03-23T03:05:03
CONT-5B886503,SESS-F32CE43E,button_click,/contact,Mobile App,Financial Services,25,21.0,0,2026-03-10T22:44:02
CONT-E5C6FBDD,SESS-DBDA3553,form_submit,/orders,IVR,Technology,10,13.7,0,2026-03-07T02:41:25
CONT-72EBDF6F,SESS-7AB2EC1B,chat_close,/support,Partner API,Healthcare,5,94.3,0,2026-03-27T19:43:35
CONT-FE4363FA,SESS-8E42260E,search,/billing,IVR,Retail,19,95.8,0,2026-03-19T16:19:35
CONT-F5A2A3ED,SESS-D97D7E81,button_click,/products,Mobile App,Technology,81,65.3,0,2026-03-31T00:12:31
CONT-4B096666,SESS-AC49B454,button_click,/support,Kiosk,Technology,116,23.3,0,2026-03-30T18:58:42
CONT-E9F09257,SESS-D0F682A2,form_submit,/billing,Web,Healthcare,108,72.2,0,2026-03-07T13:49:27
CONT-D560A923,SESS-D8EE5599,form_submit,/billing,Web,Technology,14,59.4,0,2026-03-30T08:34:42
CONT-EE0698E7,SESS-F778E3F8,page_view,/checkout,Partner API,Technology,10,6.6,0,2026-04-05T22:12:31
CONT-72A34511,SESS-B0DF3ECD,button_click,/checkout,Web,Healthcare,54,99.6,0,2026-03-13T14:23:00
CONT-C634179E,SESS-69F038C0,form_submit,/support,Web,Travel,62,36.4,0,2026-04-02T13:45:52
CONT-81BBAB97,SESS-0533123F,search,/settings,Partner API,Financial Services,49,39.5,0,2026-03-15T20:12:09
CONT-79C3986F,SESS-539CFA88,button_click,/faq,Partner API,Healthcare,4,45.4,0,2026-03-17T19:15:45
CONT-F7E67B00,SESS-7E8E9226,chat_close,/account,IVR,Retail,13,12.8,0,2026-03-14T05:07:03
CONT-240FBB65,SESS-A354FA21,button_click,/checkout,Web,Retail,32,66.0,0,2026-03-10T13:48:39
CONT-4AA4EEF8,SESS-CD81C774,chat_close,/support,Web,Retail,53,2.9,0,2026-03-22T22:20:58
CONT-9539F6EC,SESS-5F84BD84,form_submit,/home,Mobile App,Healthcare,71,40.5,0,2026-04-03T23:59:17
CONT-CE0E3DF6,SESS-8C1F73F3,chat_open,/products,Web,Financial Services,38,21.1,0,2026-03-13T02:55:10
CONT-366D98E1,SESS-8148811D,button_click,/billing,Web,Travel,46,48.4,0,2026-03-19T02:25:18
CONT-43AE61CE,SESS-BEB43D27,form_submit,/faq,Web,Travel,36,30.4,0,2026-04-04T09:18:09
CONT-7F4EB2A1,SESS-6EFAB77E,page_view,/support,IVR,Retail,65,98.4,0,2026-03-24T03:34:32
CONT-82D46098,SESS-8686D84A,search,/contact,Mobile App,Technology,45,61.8,0,2026-03-13T00:20:48
CONT-76880F9D,SESS-5FDB6126,page_view,/orders,Partner API,Financial Services,35,14.1,0,2026-03-09T15:00:47
CONT-76320956,SESS-6C067FCD,page_view,/settings,Partner API,Financial Services,25,44.6,0,2026-03-25T01:50:59
CONT-B3E699C8,SESS-07B347E4,chat_open,/support,Web,Technology,35,84.2,0,2026-03-21T15:23:05
CONT-6C746558,SESS-0BDA32D3,chat_close,/settings,Partner API,Travel,53,78.7,0,2026-03-18T23:01:16
CONT-0340C606,SESS-F76C118C,page_view,/support,IVR,Healthcare,43,98.5,0,2026-03-28T05:55:25
CONT-56653906,SESS-30562C80,button_click,/contact,Web,Retail,48,22.3,0,2026-03-17T03:20:44
CONT-0140673C,SESS-2807A674,page_view,/products,Partner API,Healthcare,126,39.6,0,2026-03-21T20:44:51
CONT-CBFDBA51,SESS-406322D0,form_submit,/checkout,Kiosk,Retail,43,44.0,0,2026-03-30T16:53:04
CONT-9B083394,SESS-A2A90AA8,page_view,/checkout,Mobile App,Healthcare,17,32.2,0,2026-03-31T15:31:11
CONT-811BA4A1,SESS-989888DC,button_click,/support,Kiosk,Travel,80,72.4,0,2026-03-13T00:50:31
CONT-EE1E9881,SESS-3443DB0E,chat_open,/home,Partner API,Financial Services,8,56.5,0,2026-03-18T06:41:52
CONT-DF983AF5,SESS-2F17BABE,form_submit,/home,Mobile App,Travel,11,28.0,0,2026-03-30T08:41:26
CONT-F92A9D99,SESS-7EC8DC35,chat_open,/billing,Kiosk,Travel,46,48.6,0,2026-03-24T04:33:51
CONT-C3535C59,SESS-8A135C2E,search,/account,Kiosk,Technology,55,77.0,0,2026-03-11T20:52:31
CONT-223BABC6,SESS-A1171B95,button_click,/support,Web,Technology,9,77.2,0,2026-03-25T12:16:35
CONT-A0DAC9F6,SESS-B46AB821,search,/faq,Web,Technology,22,21.3,0,2026-03-18T07:22:50
CONT-CC19C212,SESS-BB473340,page_view,/settings,Web,Technology,18,69.7,0,2026-03-12T01:34:45
CONT-ADC16D59,SESS-8180DBDC,form_submit,/checkout,Mobile App,Retail,20,59.5,0,2026-03-30T18:58:41
CONT-C1EC0E00,SESS-C294B1D0,chat_close,/account,Mobile App,Healthcare,85,68.5,0,2026-03-18T04:23:44
CONT-3F6A3B9C,SESS-2094F90A,search,/settings,Web,Technology,67,0.8,0,2026-03-17T10:23:15
CONT-B1EDDD3B,SESS-AC19D5D9,chat_open,/support,Web,Technology,32,9.8,0,2026-04-02T03:20:32
CONT-918E706C,SESS-A720FF5C,button_click,/home,Web,Healthcare,19,98.5,0,2026-03-25T00:19:34
CONT-DF983AF5,SESS-EAD208EC,button_click,/home,IVR,Financial Services,8,80.6,0,2026-03-25T23:43:37
CONT-DCDC67E3,SESS-FE094233,form_submit,/faq,Kiosk,Financial Services,137,29.9,0,2026-04-03T03:08:34
CONT-6C746558,SESS-F7478697,search,/support,Mobile App,Healthcare,59,87.9,0,2026-03-22T14:18:16
CONT-ACEB5B2E,SESS-BD83CF2D,search,/checkout,Mobile App,Travel,16,66.1,0,2026-03-08T04:03:08
CONT-889F69DF,SESS-DCA0F594,chat_close,/support,IVR,Technology,68,62.4,0,2026-03-12T19:23:56
CONT-2DD4A5CD,SESS-ACE6B53A,page_view,/faq,Mobile App,Retail,30,62.1,0,2026-03-30T03:22:45
CONT-E086687C,SESS-60D595C1,chat_close,/settings,Web,Financial Services,24,31.4,0,2026-03-22T13:47:02
CONT-09835C82,SESS-95176CA8,chat_open,/account,Partner API,Travel,51,75.4,0,2026-03-27T02:49:28
CONT-3FD04654,SESS-14CED0E8,chat_close,/products,Kiosk,Healthcare,15,43.5,0,2026-03-28T16:26:28
CONT-1749B008,SESS-BA314EE7,chat_close,/contact,Web,Technology,23,26.4,0,2026-03-16T00:03:52
CONT-D13B80D2,SESS-78DA9B59,form_submit,/products,Web,Healthcare,37,90.4,0,2026-03-24T22:58:09
CONT-3E76FC10,SESS-D3D6037E,chat_close,/checkout,IVR,Technology,20,79.8,0,2026-03-20T14:55:55
CONT-C8946EE9,SESS-130EE73E,chat_open,/billing,Web,Retail,64,72.9,0,2026-03-31T04:41:41
CONT-DF9C76AB,SESS-B0F5D897,form_submit,/settings,Partner API,Financial Services,214,3.5,0,2026-03-08T04:00:17
CONT-398E03EA,SESS-8EDBF964,button_click,/products,Web,Healthcare,15,87.3,0,2026-03-23T22:44:52
CONT-795D53D2,SESS-59ED45BA,chat_close,/contact,Web,Technology,6,63.0,0,2026-03-07T22:15:31
CONT-7EE49C1F,SESS-5FEE504D,page_view,/products,Kiosk,Technology,4,35.9,1,2026-04-01T04:51:01
CONT-10D3F9C8,SESS-BADCB27E,page_view,/home,Web,Retail,28,88.9,0,2026-03-08T19:35:09
CONT-666A84A9,SESS-86F2E024,form_submit,/orders,Kiosk,Healthcare,17,25.2,0,2026-03-29T10:13:29
CONT-E6FF5900,SESS-8F3CF576,chat_open,/support,Kiosk,Travel,40,81.0,0,2026-03-24T00:57:09
CONT-D0DBD1BB,SESS-0DB459CC,form_submit,/orders,Web,Healthcare,37,99.4,0,2026-04-02T18:39:24
CONT-918E706C,SESS-A4EEF59F,chat_open,/billing,Kiosk,Technology,6,42.5,0,2026-03-22T08:27:53
CONT-F8FE3E37,SESS-39B63FAC,search,/home,Web,Financial Services,5,53.0,0,2026-03-29T20:11:13
CONT-0771D8A6,SESS-F01744F9,form_submit,/account,Web,Travel,44,11.2,0,2026-03-12T04:23:34
CONT-8C2312C8,SESS-736DDA8A,search,/checkout,Mobile App,Healthcare,37,6.0,0,2026-03-12T16:53:57
CONT-7F8D84A5,SESS-1586D411,chat_open,/checkout,Partner API,Retail,21,30.8,0,2026-03-12T06:49:07
CONT-12A4CB2C,SESS-0A06D5C5,page_view,/faq,Web,Technology,6,25.7,0,2026-03-28T00:17:32
CONT-555DCC18,SESS-530064D7,form_submit,/faq,IVR,Technology,53,87.8,0,2026-03-11T22:16:57
CONT-1B97FED8,SESS-47527802,page_view,/support,Mobile App,Financial Services,118,12.2,0,2026-03-29T06:16:07
CONT-F454502C,SESS-3927447F,search,/home,Mobile App,Healthcare,43,30.7,0,2026-03-25T05:47:01
CONT-F7E284D7,SESS-BC750C54,search,/contact,Kiosk,Healthcare,14,27.8,0,2026-04-04T19:43:38
CONT-63EB78AA,SESS-FE130EA7,form_submit,/checkout,Partner API,Travel,34,90.3,0,2026-03-15T17:43:50
CONT-EE33237C,SESS-766104D1,chat_close,/products,Web,Travel,8,22.8,0,2026-03-31T16:25:55
CONT-598FA4DE,SESS-96304ED6,page_view,/account,Mobile App,Technology,95,63.3,0,2026-03-20T04:44:07
CONT-8CE5BADC,SESS-6F4F70AD,chat_close,/products,IVR,Travel,35,81.7,0,2026-03-14T15:03:24
CONT-4D839842,SESS-27E3B8D6,chat_open,/faq,Kiosk,Travel,5,9.2,0,2026-03-19T22:05:33
CONT-D0A6223C,SESS-49839EFA,form_submit,/contact,Partner API,Healthcare,24,2.0,0,2026-03-07T05:47:09
CONT-63B2BE4A,SESS-E660B63F,chat_close,/products,IVR,Healthcare,52,85.1,0,2026-04-02T10:17:20
CONT-9A14F1E9,SESS-DE280A3E,search,/support,Partner API,Financial Services,23,64.4,0,2026-03-21T00:56:16
CONT-DA09AC79,SESS-AC1C6D73,chat_close,/contact,IVR,Travel,25,1.8,0,2026-03-30T03:16:06
CONT-8388F7D5,SESS-7C39BFF1,button_click,/faq,IVR,Technology,9,41.8,0,2026-03-19T08:40:51
CONT-C37C711F,SESS-7A0EF3EB,chat_open,/faq,Mobile App,Technology,58,53.1,0,2026-03-22T14:43:29
CONT-ECB13D95,SESS-DA306915,form_submit,/billing,Kiosk,Retail,17,56.3,0,2026-04-02T02:50:18
CONT-7E6B6EC1,SESS-A0FC6064,page_view,/orders,Mobile App,Travel,3,57.2,1,2026-03-21T21:13:41
CONT-7E17166F,SESS-BBFC6B1D,search,/faq,IVR,Technology,22,69.4,0,2026-03-26T10:21:26
CONT-0E0F5E0C,SESS-279B1A85,page_view,/settings,Web,Travel,88,12.0,0,2026-03-16T05:02:50
CONT-9216CA21,SESS-5434509C,button_click,/orders,Kiosk,Financial Services,22,34.3,0,2026-04-05T16:06:57
CONT-602749BC,SESS-A7A42496,page_view,/faq,IVR,Travel,188,49.6,0,2026-03-07T18:03:12
CONT-C1C7C50B,SESS-1BDEDB77,form_submit,/orders,IVR,Healthcare,50,57.5,0,2026-03-08T06:28:34
CONT-FBFB3FBC,SESS-E7238FE0,form_submit,/orders,Mobile App,Travel,46,65.2,0,2026-03-27T04:17:25
CONT-8FEE6925,SESS-2AE7B927,page_view,/products,Kiosk,Technology,29,47.7,0,2026-03-30T08:46:35
CONT-6B24CD2D,SESS-E915F49D,page_view,/products,Web,Healthcare,30,80.5,0,2026-03-29T17:20:29
CONT-5978A9A9,SESS-0CF2A035,button_click,/checkout,Web,Retail,25,36.0,0,2026-03-20T16:40:08
CONT-6BF2F517,SESS-7EDBADE4,chat_open,/products,Web,Travel,24,69.2,0,2026-04-02T03:04:48
CONT-B00817CD,SESS-43B65F0E,search,/checkout,Mobile App,Healthcare,56,38.9,0,2026-03-17T12:12:19
CONT-FA2F1D04,SESS-06184C6B,form_submit,/products,Partner API,Healthcare,12,35.7,0,2026-03-23T08:26:02
CONT-31FC9B33,SESS-0626A36C,chat_close,/faq,IVR,Technology,11,21.1,0,2026-03-23T10:06:21
CONT-45383237,SESS-893357ED,form_submit,/billing,Web,Healthcare,10,2.6,0,2026-04-03T10:36:49
CONT-C25D0DD5,SESS-65123950,button_click,/home,IVR,Financial Services,256,47.0,0,2026-03-29T19:45:48
CONT-A835021B,SESS-B0A1224D,chat_open,/billing,IVR,Technology,56,57.2,0,2026-03-31T15:17:30
CONT-B7DAD708,SESS-9266A282,search,/home,Partner API,Travel,44,99.1,0,2026-03-14T15:36:24
CONT-1B6952B6,SESS-F9A67FFF,chat_close,/orders,IVR,Retail,11,23.5,0,2026-03-27T13:36:37
CONT-A1E60FE1,SESS-9D0C5BCE,chat_open,/contact,Web,Financial Services,61,77.8,0,2026-03-28T03:01:12
CONT-BE376DC2,SESS-3BF6C294,form_submit,/products,Partner API,Financial Services,29,64.1,0,2026-04-05T03:07:39
CONT-1556B457,SESS-2A9F5E38,form_submit,/support,Kiosk,Retail,41,5.7,0,2026-03-30T09:30:28
CONT-E6393BBB,SESS-8071E584,search,/account,IVR,Healthcare,12,22.4,0,2026-03-31T01:34:04
CONT-B2F53CEB,SESS-56F4B804,search,/contact,Kiosk,Financial Services,38,27.8,0,2026-03-12T03:41:53
CONT-C4F76EBC,SESS-E8263DFE,form_submit,/settings,Web,Travel,21,11.2,0,2026-03-16T08:54:48
CONT-537B8775,SESS-A8846D1B,search,/settings,Kiosk,Retail,15,85.5,0,2026-03-29T20:26:50
CONT-8310C5F2,SESS-D7CAD48D,button_click,/checkout,Partner API,Financial Services,68,34.4,0,2026-03-11T19:28:11
CONT-B5C8578E,SESS-26FA40F1,chat_open,/account,Kiosk,Technology,7,61.3,0,2026-04-01T17:41:02
CONT-07026EEE,SESS-2E6BD817,search,/settings,Partner API,Financial Services,58,20.8,0,2026-03-30T05:12:01
CONT-18069340,SESS-9CA42F4A,page_view,/home,Partner API,Retail,65,19.7,0,2026-03-21T22:41:56
CONT-6B24CD2D,SESS-5A6749C7,chat_close,/settings,Web,Financial Services,13,20.9,0,2026-03-30T07:37:09
CONT-3CF97BD6,SESS-EFED53D0,button_click,/billing,IVR,Travel,14,86.0,0,2026-03-15T12:34:39
CONT-79B1BB30,SESS-9DED5F07,form_submit,/settings,Kiosk,Retail,26,55.2,0,2026-03-11T09:11:30
CONT-36925FBC,SESS-5B5FAA5F,search,/settings,Kiosk,Travel,43,61.3,0,2026-03-12T17:27:39
CONT-C11574AB,SESS-C04086B1,chat_close,/billing,Partner API,Healthcare,28,42.1,0,2026-03-19T18:14:01
CONT-EFA909CF,SESS-9E3D9D23,button_click,/account,Web,Travel,51,15.6,0,2026-03-29T10:26:27
CONT-38146DCC,SESS-05EE1FCD,page_view,/products,IVR,Healthcare,193,59.0,0,2026-03-11T15:43:04
CONT-319DF779,SESS-2B240E0D,chat_close,/billing,Web,Financial Services,19,82.6,0,2026-04-03T07:48:20
CONT-2DC310C1,SESS-7A096355,chat_close,/home,Kiosk,Travel,5,95.2,0,2026-03-27T23:34:28
CONT-A7974DC8,SESS-96AB249C,search,/settings,Kiosk,Financial Services,75,21.7,0,2026-03-21T01:58:08
CONT-AD087558,SESS-F1EA5CA8,button_click,/contact,Mobile App,Technology,178,35.7,0,2026-03-20T22:22:12
CONT-0CA7CEB1,SESS-7E7875F6,chat_open,/contact,Kiosk,Technology,49,24.2,0,2026-03-30T06:28:21
CONT-4F2F108F,SESS-19C304D6,form_submit,/contact,Kiosk,Retail,11,73.5,0,2026-03-07T11:20:04
CONT-75DB3D8C,SESS-BC3D5BDF,chat_close,/billing,IVR,Technology,29,79.0,0,2026-03-10T20:24:56
CONT-CD505C7F,SESS-BAE6B4D0,chat_open,/support,Web,Technology,10,15.8,0,2026-03-09T06:16:23
CONT-518322B2,SESS-D5881934,form_submit,/checkout,Mobile App,Financial Services,62,42.5,0,2026-04-05T23:18:38
CONT-265CD145,SESS-306C9612,button_click,/products,Kiosk,Travel,8,24.6,0,2026-03-29T14:45:28
CONT-6E1293C4,SESS-907CC953,search,/contact,IVR,Technology,24,58.9,0,2026-03-18T16:18:37
CONT-383D89DD,SESS-26A73E6F,chat_open,/contact,Partner API,Healthcare,12,86.1,0,2026-03-10T20:20:32
CONT-951F8BD2,SESS-66035059,button_click,/contact,IVR,Technology,37,16.6,0,2026-03-30T16:05:12
CONT-FF6A346C,SESS-943E6C26,form_submit,/faq,Partner API,Technology,22,91.9,0,2026-03-11T01:14:37
CONT-F928AFA2,SESS-B00B4783,form_submit,/home,IVR,Technology,39,70.5,0,2026-03-15T00:42:01
CONT-F695E502,SESS-0CDCE6C0,search,/settings,IVR,Healthcare,33,18.3,0,2026-03-20T16:12:09
CONT-07E61CF7,SESS-3122B1AB,chat_close,/checkout,IVR,Financial Services,12,7.4,0,2026-03-31T22:36:42
CONT-EA0A873F,SESS-1DA4E039,button_click,/home,Kiosk,Retail,61,26.4,0,2026-03-07T09:15:50
CONT-C8A58A12,SESS-1D4ACC4A,page_view,/settings,Web,Financial Services,31,59.5,0,2026-03-20T14:01:33
CONT-4AD43FA6,SESS-6DEAC929,chat_close,/support,IVR,Retail,12,98.8,0,2026-03-15T17:45:10
CONT-03C10A66,SESS-27D4478F,form_submit,/faq,Partner API,Retail,311,29.1,0,2026-03-26T04:58:28
CONT-FD369A47,SESS-072D5143,form_submit,/checkout,Web,Retail,53,58.2,0,2026-03-24T23:07:04
CONT-2CA36C37,SESS-750799DF,page_view,/account,Web,Retail,28,71.9,0,2026-03-31T19:32:29
CONT-810F1F71,SESS-8DBEBC39,form_submit,/orders,IVR,Financial Services,136,95.4,0,2026-03-11T10:45:18
CONT-D26B7E18,SESS-6673B006,button_click,/faq,Web,Retail,208,72.4,0,2026-03-10T04:26:05
CONT-A4BBDF34,SESS-67E52E94,chat_close,/faq,Kiosk,Travel,28,19.1,0,2026-03-28T21:27:59
CONT-5B34D7B3,SESS-89EE4E29,search,/home,IVR,Financial Services,46,0.7,0,2026-03-12T00:45:55
CONT-CEBB1CD4,SESS-8104F0DE,chat_close,/faq,Mobile App,Technology,12,21.3,0,2026-04-04T21:52:59
CONT-E1C0B266,SESS-0C5914DB,chat_close,/home,Web,Retail,28,9.8,0,2026-03-21T01:12:14
CONT-58D0CB1E,SESS-33684432,button_click,/orders,Mobile App,Retail,27,82.7,0,2026-04-02T18:39:53
CONT-DA4E67F3,SESS-2D3AE36C,button_click,/billing,Kiosk,Retail,39,98.3,0,2026-03-27T04:35:30
CONT-738FFC0A,SESS-C5D7F028,button_click,/contact,IVR,Healthcare,46,27.0,0,2026-04-04T19:32:57
CONT-B2572C05,SESS-79CACC3C,search,/home,Mobile App,Healthcare,57,85.5,0,2026-03-20T03:33:28
CONT-0049CD55,SESS-B88E2B16,form_submit,/contact,Web,Healthcare,41,82.9,0,2026-03-11T01:14:18
CONT-08C3AC78,SESS-A7A449E4,chat_open,/home,Web,Healthcare,9,33.9,0,2026-03-11T00:35:31
CONT-CC9FBF83,SESS-9B164164,chat_close,/support,Web,Retail,12,57.2,0,2026-03-22T22:07:19
CONT-B4E7B8DB,SESS-A519DF97,chat_close,/orders,Web,Financial Services,19,48.2,0,2026-04-05T03:32:46
CONT-2F3DC9A4,SESS-BC8756AC,button_click,/products,IVR,Technology,24,60.7,0,2026-03-27T06:00:08
CONT-51260000,SESS-5224B2C1,form_submit,/products,Partner API,Healthcare,94,37.6,0,2026-03-22T09:07:37
CONT-A8EFDD3A,SESS-7090ED60,form_submit,/home,Kiosk,Financial Services,10,17.9,0,2026-03-26T10:51:45
CONT-729B12DE,SESS-88E426CF,form_submit,/home,IVR,Travel,23,87.7,0,2026-03-31T06:48:47
CONT-0BD3E52E,SESS-0E319B19,page_view,/faq,Kiosk,Healthcare,85,88.0,0,2026-04-01T03:46:23
CONT-63A986A8,SESS-EA5C45C6,search,/faq,Web,Retail,24,30.0,0,2026-04-03T02:12:16
CONT-6617A2BE,SESS-71D3D7B6,page_view,/orders,Web,Healthcare,52,96.5,0,2026-03-08T00:32:17
CONT-2994BF5A,SESS-3FDB63B6,chat_open,/faq,Kiosk,Healthcare,28,91.0,0,2026-03-09T00:58:42
CONT-8BE73F23,SESS-4C53455C,button_click,/orders,IVR,Travel,42,38.1,0,2026-03-22T19:55:58
CONT-22667334,SESS-C79549F7,form_submit,/products,Kiosk,Retail,26,90.2,0,2026-03-20T13:03:01
CONT-3499C8FE,SESS-84740B37,button_click,/settings,Kiosk,Financial Services,64,74.9,0,2026-03-30T23:11:05
CONT-3AE08BB7,SESS-8636676F,chat_close,/home,Partner API,Travel,7,6.1,0,2026-03-23T19:45:30
CONT-328C8820,SESS-2D79EEBE,page_view,/account,Kiosk,Retail,23,22.7,0,2026-03-31T20:17:15
CONT-068B6BC0,SESS-3ABA4D71,search,/billing,IVR,Travel,44,25.2,0,2026-04-05T23:21:03
CONT-51EFFA53,SESS-FC3FF5B7,page_view,/products,Mobile App,Healthcare,56,6.3,0,2026-04-03T08:27:18
CONT-FDB6F293,SESS-1569548C,chat_open,/account,Kiosk,Financial Services,147,87.4,0,2026-03-07T06:29:55
CONT-F2B8DB1E,SESS-033B2646,search,/contact,Web,Technology,22,65.3,0,2026-03-09T03:22:12
CONT-355135A8,SESS-DD83EB5F,chat_open,/account,Kiosk,Financial Services,145,42.6,0,2026-04-03T23:59:56
CONT-A8EFDD3A,SESS-C92FC161,button_click,/support,Partner API,Technology,17,39.1,0,2026-03-12T02:04:07
CONT-6568AEF1,SESS-D16E4279,page_view,/checkout,Kiosk,Retail,125,86.6,0,2026-03-11T01:19:54
CONT-3F9236EF,SESS-77570198,page_view,/home,IVR,Technology,74,1.4,0,2026-03-29T04:37:24
CONT-FDDB1B57,SESS-E21E9DB8,page_view,/contact,Web,Retail,13,89.9,0,2026-03-29T23:22:43
CONT-C575199D,SESS-08E098A6,form_submit,/billing,Partner API,Healthcare,45,97.4,0,2026-03-24T14:26:50
CONT-0474C5BC,SESS-B6ED2E11,search,/account,Partner API,Technology,31,92.1,0,2026-03-30T09:49:31
CONT-DF9C76AB,SESS-547C3AA8,page_view,/orders,IVR,Technology,61,13.1,0,2026-03-11T11:35:00
CONT-5D46E834,SESS-04A12BF6,chat_close,/billing,Mobile App,Travel,26,76.0,0,2026-03-21T12:49:04
CONT-061BD933,SESS-55DBC57D,page_view,/products,Mobile App,Retail,24,95.1,0,2026-04-04T17:34:42
CONT-0F3E54CE,SESS-1C95EE0A,button_click,/account,Kiosk,Financial Services,130,45.2,0,2026-03-15T13:52:37
CONT-B6933BA5,SESS-A393425A,form_submit,/settings,IVR,Travel,30,22.2,0,2026-03-27T12:37:35
CONT-08CBA726,SESS-ED1C5125,search,/products,Web,Travel,75,67.8,0,2026-03-11T23:08:21
CONT-A72DEA9D,SESS-F16A75E9,chat_close,/home,Kiosk,Travel,26,58.4,0,2026-03-19T23:46:57
CONT-D059864D,SESS-F1EA3434,form_submit,/faq,IVR,Travel,175,73.5,0,2026-04-01T21:27:40
CONT-1D79530C,SESS-1ED2735B,chat_open,/home,Web,Financial Services,16,67.1,0,2026-03-15T00:26:21
CONT-196571BE,SESS-6997502F,search,/billing,Web,Travel,17,21.6,0,2026-03-11T15:53:26
CONT-8685A69F,SESS-38EEB2C5,page_view,/contact,Partner API,Retail,152,14.9,0,2026-03-30T19:55:38
CONT-1556B457,SESS-5DB2DC25,chat_close,/home,Web,Technology,21,87.5,0,2026-03-15T04:12:11
CONT-2D275EC7,SESS-8B22CC62,page_view,/orders,Mobile App,Technology,164,6.2,0,2026-03-25T01:01:01
CONT-89B833B5,SESS-C2042814,chat_open,/checkout,Partner API,Retail,80,31.8,0,2026-03-26T00:02:35
CONT-03AB45E5,SESS-2E85743C,search,/account,IVR,Technology,28,15.2,0,2026-04-03T19:03:29
CONT-2AB1C2B1,SESS-DFB3A3B6,form_submit,/contact,IVR,Financial Services,5,38.6,0,2026-03-09T15:19:23
CONT-10B416F7,SESS-7DDA4673,form_submit,/support,IVR,Travel,32,48.8,0,2026-03-14T00:06:50
CONT-1BBDD520,SESS-EFD86A87,page_view,/settings,Mobile App,Financial Services,36,32.6,0,2026-03-20T09:27:21
CONT-5B34D7B3,SESS-41AEC646,page_view,/contact,Web,Technology,106,61.4,0,2026-03-07T21:22:09
CONT-1D67C6F0,SESS-5DC680A9,search,/contact,IVR,Financial Services,162,82.2,0,2026-04-03T03:06:08
CONT-99FC5C95,SESS-CF2A3D93,page_view,/contact,Mobile App,Healthcare,16,89.2,0,2026-03-09T17:09:34
CONT-C624BCFA,SESS-E0B60938,chat_close,/home,IVR,Technology,73,32.3,0,2026-03-21T05:13:18
