contact_id,session_id,topic_name,business_unit,application_channel,language,num_turns,contained,escalated_to_agent,csat_score,queue_name,session_duration_seconds,confidence_score,derived_resolution_score,session_start
CONT-D2C66107,SESS-CB01626F,Returns & Refunds,Financial Services,Partner API,en,1,1,0,,,70,0.9147,0.8459,2026-03-10T00:12:33
CONT-76880F9D,SESS-966432D7,Technical Troubleshooting,Technology,Web,es,20,1,0,3.0,,1205,0.3115,0.6046,2026-03-08T20:26:58
CONT-81CB18D0,SESS-A0654FB0,Returns & Refunds,Travel,Mobile App,en,20,1,0,,,814,0.4689,0.6676,2026-03-29T16:39:06
CONT-33857482,SESS-DFCE882B,Account Management,Healthcare,Partner API,fr,2,1,0,,,79,0.896,0.8384,2026-03-30T17:13:45
CONT-E6A47DE9,SESS-9F99FFE9,Loyalty Program,Travel,Web,en,15,1,0,,,805,0.9296,0.8518,2026-03-16T03:07:14
CONT-32180164,SESS-392F0219,Account Management,Healthcare,Web,ja,4,1,0,4.8,,219,0.4403,0.7641,2026-03-30T19:59:20
CONT-1C59827B,SESS-09DCD1E7,Returns & Refunds,Technology,Mobile App,ja,17,1,0,1.7,,167,0.7298,0.6939,2026-03-21T22:12:47
CONT-847C9395,SESS-4B608C56,Subscription Management,Financial Services,Partner API,en,11,1,0,,,432,0.5046,0.6818,2026-03-23T17:20:30
CONT-83F635E7,SESS-4DBB5F95,Order Status,Financial Services,Web,en,5,1,0,,,80,0.5531,0.7012,2026-03-22T12:21:51
CONT-17D68E8C,SESS-B5EABDD6,Technical Troubleshooting,Retail,Web,en,6,1,0,,,238,0.8332,0.8133,2026-03-28T05:58:25
CONT-19031451,SESS-3D1616E1,Loyalty Program,Technology,Kiosk,en,12,0,1,3.8,Tech-Escalation,600,1.0,0.628,2026-03-11T06:17:11
CONT-25A979B5,SESS-57575542,Account Management,Healthcare,Web,fr,4,0,1,1.0,Tech-Escalation,96,0.8762,0.4105,2026-03-09T00:36:03
CONT-C57C3900,SESS-0648DBDD,Technical Troubleshooting,Retail,Kiosk,en,20,1,0,,,919,0.8389,0.8156,2026-03-14T11:27:06
CONT-4C8BF938,SESS-895D3B28,Subscription Management,Travel,Mobile App,fr,13,1,0,3.3,,447,0.9143,0.8637,2026-03-28T18:02:36
CONT-18FBD5EE,SESS-1EFC328F,Loyalty Program,Technology,Partner API,en,19,1,0,1.7,,1013,0.5641,0.6276,2026-03-16T21:16:30
CONT-5B886503,SESS-6AA91770,Account Management,Technology,Web,en,7,1,0,,,310,0.6521,0.7408,2026-03-10T22:19:04
CONT-3B74DF21,SESS-42324806,Returns & Refunds,Retail,Mobile App,en,20,1,0,1.5,,1198,0.464,0.5756,2026-03-22T04:35:56
CONT-3DA2E5AD,SESS-C365144C,Billing Inquiry,Travel,Mobile App,ja,13,1,0,2.7,,570,0.7791,0.7736,2026-03-17T01:49:39
CONT-3F5166C9,SESS-3BF49998,Technical Troubleshooting,Financial Services,Web,es,11,1,0,4.2,,501,0.9694,0.9398,2026-03-25T02:22:53
CONT-3FA93B9B,SESS-30FD9EB6,Loyalty Program,Retail,Kiosk,en,18,1,0,4.7,,1280,0.6985,0.8614,2026-03-25T12:26:58
CONT-F88F4B73,SESS-1661A4C6,Order Status,Retail,Partner API,en,18,1,0,4.1,,916,0.7591,0.8496,2026-03-18T15:26:58
CONT-ECDB67B7,SESS-20B91E85,Account Management,Financial Services,Mobile App,en,5,1,0,,,284,0.3349,0.614,2026-03-17T18:40:13
CONT-022C0901,SESS-5B224A8A,Loyalty Program,Travel,Mobile App,en,19,1,0,2.3,,708,0.4031,0.5992,2026-04-05T15:22:47
CONT-928C9AB2,SESS-144B61CD,Product Support,Technology,Web,en,1,1,0,,,96,0.6878,0.7551,2026-04-02T12:27:00
CONT-29278F54,SESS-68A6D551,Subscription Management,Technology,Partner API,en,2,1,0,2.6,,79,0.8794,0.8078,2026-03-14T18:38:14
CONT-BE18D0AB,SESS-933DF00D,Technical Troubleshooting,Technology,Partner API,es,14,0,1,,General-Service,806,0.4743,0.3697,2026-03-16T09:28:52
CONT-A978F973,SESS-AC3DB3F7,Account Management,Travel,Partner API,zh,5,0,1,,General-Service,214,0.633,0.4332,2026-03-08T10:25:10
CONT-94C61502,SESS-7E76CF4C,General Inquiry,Travel,Partner API,en,15,1,0,2.9,,235,0.5619,0.6988,2026-03-11T19:39:52
CONT-43AE61CE,SESS-820E89E9,Subscription Management,Financial Services,Web,en,17,1,0,3.6,,680,0.677,0.7868,2026-03-27T02:22:43
CONT-F0ED30DA,SESS-5AC24C82,Order Status,Technology,IVR,en,6,1,0,4.5,,110,0.9303,0.9421,2026-04-02T10:19:19
CONT-9359D941,SESS-E626C4A4,Subscription Management,Retail,Web,en,13,1,0,4.6,,546,0.7075,0.859,2026-03-10T01:44:40
CONT-D34E306A,SESS-BC7E34EE,Product Support,Technology,Partner API,en,6,1,0,2.1,,341,0.5424,0.643,2026-03-22T15:46:09
CONT-5AEE0328,SESS-EC3677C4,Account Management,Technology,Partner API,fr,15,1,0,,,881,0.6266,0.7306,2026-03-20T20:36:50
CONT-352DD912,SESS-641FFECE,General Inquiry,Travel,IVR,zh,15,0,0,3.1,,391,0.8147,0.5119,2026-03-19T20:03:09
CONT-3EB1EBBC,SESS-921D68E3,Account Management,Travel,Partner API,ja,12,1,0,,,1312,0.845,0.818,2026-04-01T18:19:08
CONT-935549D7,SESS-A1B760AB,Loyalty Program,Travel,Web,pt,9,1,0,1.8,,699,0.5959,0.6464,2026-03-27T05:13:52
CONT-7E36B9D0,SESS-BA9D6DE2,Technical Troubleshooting,Travel,IVR,ja,15,1,0,2.5,,257,0.998,0.8492,2026-03-15T20:58:30
CONT-F7E284D7,SESS-1C25D1F6,Order Status,Retail,Partner API,es,14,1,0,2.7,,2146,1.0,0.862,2026-03-09T17:22:32
CONT-1A5DB3C4,SESS-840ABEB1,General Inquiry,Travel,IVR,es,10,0,0,3.2,,365,0.4691,0.3796,2026-03-17T06:35:13
CONT-F2B8DB1E,SESS-DB6850AE,Loyalty Program,Financial Services,Kiosk,es,8,1,0,,,188,0.3633,0.6253,2026-04-01T12:41:59
CONT-F1FB42B5,SESS-23F8117E,Password Reset,Retail,Kiosk,zh,3,1,0,2.9,,125,1.0,0.874,2026-03-11T18:40:48
CONT-4922E0EF,SESS-343D4DE8,Password Reset,Financial Services,Web,en,6,1,0,,,246,0.7605,0.7842,2026-03-30T04:56:02
CONT-8131E412,SESS-F572FF4A,Technical Troubleshooting,Technology,Mobile App,en,20,1,0,2.0,,2040,0.6192,0.6677,2026-03-16T12:48:53
CONT-002CB4CC,SESS-2C8D0FA5,Billing Inquiry,Technology,Partner API,en,8,1,0,,,1212,1.0,0.88,2026-04-05T22:27:43
CONT-FDE4A093,SESS-836CAD70,Subscription Management,Technology,Mobile App,en,10,1,0,2.8,,413,0.5845,0.7018,2026-03-20T07:30:53
CONT-1FD0F21F,SESS-BD9087BF,Subscription Management,Healthcare,Web,fr,11,1,0,,,747,0.6305,0.7322,2026-03-25T17:56:59
CONT-8DAE0DDA,SESS-4014BFE8,Billing Inquiry,Travel,Partner API,es,17,1,0,2.4,,379,0.9562,0.8265,2026-03-13T01:53:10
CONT-2797DCA9,SESS-19A6DC67,Technical Troubleshooting,Healthcare,Mobile App,en,18,1,0,,,1669,0.7311,0.7724,2026-03-15T11:20:04
CONT-8190B43B,SESS-0AB0DCF8,Product Support,Travel,Partner API,en,15,0,1,,Tech-Escalation,314,0.4541,0.3616,2026-03-09T02:52:51
CONT-0E21B290,SESS-4C6C023A,Account Management,Retail,Kiosk,zh,9,0,1,,Billing-Ops,429,0.6,0.42,2026-04-03T01:03:59
CONT-73FBD023,SESS-6D660C48,Loyalty Program,Travel,Mobile App,zh,20,0,0,4.0,,728,0.9044,0.6018,2026-04-01T11:21:46
CONT-665DE30F,SESS-20E69459,Product Support,Financial Services,Kiosk,es,9,1,0,2.7,,624,0.9756,0.8522,2026-04-03T07:56:18
CONT-C9A7F2DA,SESS-94DD481C,Subscription Management,Retail,Web,en,13,1,0,,,320,0.6314,0.7326,2026-04-02T22:12:15
CONT-F928AFA2,SESS-27863D37,Loyalty Program,Healthcare,Mobile App,en,3,1,0,3.3,,211,0.7896,0.8138,2026-03-26T22:10:20
CONT-24EB9F96,SESS-510060A4,Password Reset,Financial Services,Kiosk,en,13,0,1,,General-Service,1457,0.7841,0.4936,2026-03-27T00:42:10
CONT-D0053274,SESS-C197F6C7,Returns & Refunds,Technology,Web,en,14,0,1,,Tier1-Support,1896,0.808,0.5032,2026-03-07T07:24:14
CONT-A8EE809E,SESS-71564CB6,General Inquiry,Retail,IVR,en,19,1,0,,,1606,0.6353,0.7341,2026-03-22T02:19:12
CONT-BB154D75,SESS-C7D3BF39,Order Status,Retail,Web,en,17,1,0,1.5,,766,0.8822,0.7429,2026-03-30T19:57:27
CONT-F2694B9C,SESS-DA8D0551,Returns & Refunds,Financial Services,Web,ja,11,0,1,,General-Service,1294,0.8458,0.5183,2026-03-16T14:06:38
CONT-284B832C,SESS-A63CC4FC,Password Reset,Financial Services,Mobile App,en,13,1,0,2.6,,552,0.9755,0.8462,2026-03-12T03:29:04
CONT-8F2F06B2,SESS-93008736,Password Reset,Retail,Partner API,es,13,1,0,,,155,0.4156,0.6462,2026-03-12T17:24:56
CONT-2DC310C1,SESS-823DA39F,Password Reset,Retail,Mobile App,es,9,0,0,,,605,0.7028,0.4611,2026-03-08T02:09:09
CONT-73FBD023,SESS-3067B9EB,Returns & Refunds,Financial Services,Mobile App,zh,14,1,0,,,899,0.7129,0.7652,2026-03-22T01:18:21
CONT-C3655F48,SESS-9B1DDF21,General Inquiry,Healthcare,IVR,en,14,1,0,1.2,,881,0.5371,0.5868,2026-03-22T12:41:17
CONT-04979491,SESS-DCE4898D,Returns & Refunds,Technology,IVR,es,9,0,1,,Tech-Escalation,566,0.8989,0.5396,2026-04-03T19:36:32
CONT-60C4B4BA,SESS-0FFD43F2,Technical Troubleshooting,Financial Services,Partner API,en,16,1,0,4.6,,1487,1.0,0.976,2026-03-30T23:01:12
CONT-A70E14EE,SESS-D774B9B2,General Inquiry,Financial Services,Web,en,3,1,0,1.7,,155,0.7548,0.7039,2026-04-01T16:48:57
CONT-795D53D2,SESS-0B063A09,Product Support,Financial Services,Web,fr,4,1,0,3.9,,71,0.5937,0.7715,2026-03-07T23:50:59
CONT-9322EC17,SESS-03A537F8,Order Status,Financial Services,Partner API,pt,15,1,0,,,597,0.9101,0.844,2026-03-20T22:41:22
CONT-839679A3,SESS-08983011,Order Status,Financial Services,Partner API,es,12,1,0,4.8,,371,0.8593,0.9317,2026-03-31T05:14:40
CONT-D9DADC0A,SESS-B43DA0B8,Returns & Refunds,Retail,Kiosk,zh,16,1,0,,,714,0.6646,0.7458,2026-03-26T02:16:46
CONT-0128C885,SESS-30A5F6A9,Returns & Refunds,Travel,IVR,en,17,0,1,,Tier1-Support,882,0.6218,0.4287,2026-03-26T21:46:06
CONT-EC6641ED,SESS-6295E50F,Billing Inquiry,Retail,Web,en,15,1,0,,,518,0.359,0.6236,2026-03-15T10:25:24
CONT-826A6048,SESS-F2882190,Loyalty Program,Financial Services,Partner API,en,3,1,0,,,115,0.604,0.7216,2026-03-12T21:05:37
CONT-7D9DCD41,SESS-A88E93A0,Loyalty Program,Financial Services,IVR,en,12,1,0,4.1,,393,0.7834,0.8594,2026-03-15T17:38:19
CONT-FEF5AA9E,SESS-37906020,Loyalty Program,Travel,Web,en,12,1,0,1.4,,796,0.7464,0.6826,2026-04-01T16:05:12
CONT-3DF2ECE2,SESS-6A938E04,Returns & Refunds,Financial Services,Kiosk,es,12,1,0,,,974,0.8151,0.806,2026-03-12T16:17:14
CONT-8C5F677B,SESS-A61DC413,Product Support,Financial Services,Kiosk,en,9,1,0,2.9,,337,0.6074,0.717,2026-03-08T07:15:17
CONT-C75E13B3,SESS-06B30DEF,Account Management,Technology,Mobile App,en,8,1,0,2.2,,431,0.8148,0.7579,2026-03-22T15:56:50
CONT-8A8E5119,SESS-18770C2A,Loyalty Program,Healthcare,Kiosk,es,16,0,1,1.6,Billing-Ops,1654,0.9382,0.4713,2026-03-10T13:25:44
CONT-382D0E13,SESS-BF3BE333,Billing Inquiry,Retail,Mobile App,en,5,0,1,,Tech-Escalation,161,0.6796,0.4518,2026-03-19T17:55:22
CONT-14C5B00E,SESS-D1B16C5E,Password Reset,Travel,Partner API,en,15,1,0,3.0,,1002,0.9136,0.8454,2026-03-24T22:59:24
CONT-B3C142E4,SESS-35BADAB1,Account Management,Technology,Web,es,1,1,0,2.5,,78,0.6872,0.7249,2026-03-17T13:11:16
CONT-E5C6FBDD,SESS-1454B2AF,Password Reset,Technology,Mobile App,pt,7,0,0,,,147,0.5002,0.3801,2026-03-31T01:55:10
CONT-265CD145,SESS-8E75675C,Loyalty Program,Retail,Kiosk,es,2,1,0,4.2,,105,0.7684,0.8594,2026-03-18T17:30:15
CONT-FB5D5D25,SESS-1F5D2E09,General Inquiry,Travel,IVR,en,11,0,1,,General-Service,254,0.7089,0.4636,2026-03-16T11:22:58
CONT-891E8C3B,SESS-B2130A5A,General Inquiry,Retail,Partner API,en,9,1,0,4.2,,587,0.4698,0.7399,2026-04-02T11:22:32
CONT-ECDB67B7,SESS-DC2F8BBF,Order Status,Travel,Kiosk,en,19,0,0,4.0,,1648,0.6245,0.4898,2026-03-07T20:48:08
CONT-352DD912,SESS-F0C844A4,Subscription Management,Healthcare,Web,en,19,1,0,2.1,,1806,0.5933,0.6633,2026-04-02T09:06:05
CONT-2A4846F9,SESS-8C1FBF5D,Password Reset,Retail,Kiosk,es,8,0,0,2.8,,193,0.6084,0.4114,2026-03-18T01:18:47
CONT-D8ED533B,SESS-CD013610,Order Status,Healthcare,IVR,en,13,1,0,2.7,,548,0.6223,0.7109,2026-03-11T14:24:45
CONT-42B37441,SESS-6C4E5CB1,Password Reset,Technology,Kiosk,es,5,0,0,,,196,0.7668,0.4867,2026-03-09T02:29:27
CONT-0983CDDF,SESS-1E50F999,Password Reset,Travel,IVR,en,20,1,0,,,806,0.6868,0.7547,2026-04-01T07:56:44
CONT-5942D5A4,SESS-4C8D2CC8,Password Reset,Retail,Web,en,5,1,0,,,80,0.7783,0.7913,2026-03-09T14:13:25
CONT-D0A0D651,SESS-6B82E00B,Subscription Management,Financial Services,Web,es,1,1,0,,,42,1.0,0.88,2026-03-31T01:48:50
CONT-B3D4D005,SESS-912BA83B,Subscription Management,Travel,Mobile App,en,18,1,0,4.3,,457,0.3383,0.6933,2026-03-15T03:27:36
CONT-BA9EC941,SESS-74FF02D0,Password Reset,Healthcare,IVR,fr,6,1,0,3.4,,388,0.7693,0.8117,2026-03-22T09:38:02
CONT-9198E88F,SESS-1572F7C1,Billing Inquiry,Retail,Kiosk,en,9,1,0,,,219,0.3941,0.6376,2026-03-30T21:13:15
CONT-31765127,SESS-AE630654,Account Management,Technology,Kiosk,en,7,1,0,,,787,0.9828,0.8731,2026-03-21T13:16:34
CONT-EE33237C,SESS-5DC3D583,General Inquiry,Healthcare,Web,en,19,1,0,,,190,0.6084,0.7234,2026-04-03T21:33:40
CONT-40B10F18,SESS-99B97430,Subscription Management,Financial Services,Kiosk,es,18,1,0,4.8,,2183,0.6048,0.8299,2026-03-13T20:24:05
CONT-CA9CD174,SESS-AF0BED7B,Password Reset,Technology,Web,de,15,1,0,,,499,0.6434,0.7374,2026-03-27T02:22:42
CONT-2C3CD0FB,SESS-0A763DA4,Technical Troubleshooting,Retail,IVR,en,4,1,0,,,91,0.359,0.6236,2026-03-11T07:18:42
CONT-709D1BF8,SESS-3FC88D0A,Billing Inquiry,Retail,Mobile App,en,18,1,0,,,1513,0.3314,0.6126,2026-03-07T22:04:05
CONT-5960E683,SESS-9C1E00C2,Technical Troubleshooting,Travel,Web,en,12,1,0,1.3,,622,0.8773,0.7289,2026-03-26T19:33:59
CONT-080BE1FB,SESS-F41F7E71,Subscription Management,Technology,IVR,fr,3,1,0,,,56,0.5151,0.686,2026-03-20T02:56:32
CONT-22F49DD0,SESS-FFC65895,Returns & Refunds,Retail,Web,en,6,1,0,,,555,0.8066,0.8026,2026-03-29T00:29:04
CONT-EE04BF1C,SESS-D78DA276,Returns & Refunds,Technology,Kiosk,en,13,1,0,1.8,,401,0.9404,0.7842,2026-03-13T18:15:31
CONT-8724DB88,SESS-20D2F672,Password Reset,Technology,Kiosk,en,2,1,0,,,184,0.7538,0.7815,2026-03-22T17:59:00
CONT-C82B4704,SESS-81F55800,Account Management,Financial Services,Mobile App,en,20,1,0,2.7,,520,0.6173,0.7089,2026-03-16T00:29:41
CONT-1E4A025B,SESS-07ABB8D8,Returns & Refunds,Technology,Web,de,4,1,0,2.3,,212,0.6623,0.7029,2026-03-29T11:15:59
CONT-21C3234A,SESS-CA2B3FF4,Account Management,Healthcare,Mobile App,fr,10,0,1,3.8,Tier1-Support,785,0.394,0.3856,2026-03-27T06:50:35
CONT-3E1B02EE,SESS-0F2618B8,General Inquiry,Financial Services,Web,pt,13,0,1,4.4,Tier1-Support,237,0.7362,0.5585,2026-03-27T23:07:09
CONT-1BBAEDE5,SESS-C8B28A4D,Billing Inquiry,Technology,Partner API,en,14,1,0,2.3,,465,0.5746,0.6678,2026-03-09T20:16:42
CONT-6FE11714,SESS-1CD77E49,Billing Inquiry,Retail,IVR,es,19,1,0,2.8,,294,0.7039,0.7496,2026-03-27T21:51:01
CONT-1904C034,SESS-B359CA31,Order Status,Retail,Partner API,en,10,1,0,,,433,0.8307,0.8123,2026-03-25T19:10:12
CONT-050E0E87,SESS-0F55BB78,Account Management,Travel,IVR,en,14,1,0,1.6,,652,0.6735,0.6654,2026-03-31T19:40:29
CONT-C3535C59,SESS-9FA53B72,Account Management,Travel,IVR,en,10,1,0,3.3,,905,0.4375,0.673,2026-03-31T16:22:34
CONT-39305D56,SESS-9BAE7A46,Product Support,Healthcare,Mobile App,en,20,1,0,2.6,,1233,0.3658,0.6023,2026-03-27T21:55:27
CONT-68B103E2,SESS-09FCCEE0,Password Reset,Healthcare,Partner API,en,8,0,1,,General-Service,216,0.4575,0.363,2026-03-10T03:30:01
CONT-F33F0A6A,SESS-0F522265,Returns & Refunds,Technology,Kiosk,en,12,0,1,,Billing-Ops,857,0.6869,0.4548,2026-03-25T16:08:35
CONT-E78EE96F,SESS-90B18CA2,Product Support,Retail,Web,de,13,1,0,4.9,,576,0.4787,0.7855,2026-03-20T10:45:20
CONT-56EF5DC0,SESS-0596E1D0,Loyalty Program,Financial Services,Partner API,en,10,1,0,,,373,0.5473,0.6989,2026-04-05T13:41:00
CONT-7E510E15,SESS-7A7E53C6,Billing Inquiry,Financial Services,IVR,en,11,0,0,3.7,,618,0.5018,0.4227,2026-03-17T12:22:32
CONT-7E5D7635,SESS-10B2FA04,Billing Inquiry,Healthcare,Partner API,en,8,1,0,4.2,,794,0.3649,0.698,2026-03-12T17:40:07
CONT-52C58BE9,SESS-F21C344E,General Inquiry,Retail,Kiosk,en,3,1,0,,,82,1.0,0.88,2026-04-04T03:59:57
CONT-9800E737,SESS-C783AB27,Account Management,Retail,Kiosk,ja,20,0,1,,Tech-Escalation,688,0.437,0.3548,2026-03-09T21:53:07
CONT-13C451B1,SESS-2384691F,Technical Troubleshooting,Travel,Web,en,20,1,0,4.6,,1019,0.6049,0.818,2026-03-31T00:09:01
CONT-677C9846,SESS-2D04D01E,General Inquiry,Retail,Web,es,6,1,0,3.4,,162,0.4808,0.6963,2026-03-08T00:35:36
CONT-457F79CA,SESS-BD839C52,Loyalty Program,Technology,Web,es,17,0,1,,Tier1-Support,4000,0.6497,0.4399,2026-03-27T19:42:14
CONT-53E40F69,SESS-EA8A44DE,Subscription Management,Technology,Web,en,15,1,0,2.1,,211,0.9987,0.8255,2026-03-07T02:16:55
CONT-01A41BA6,SESS-15B8993B,Password Reset,Retail,Partner API,pt,11,1,0,2.4,,709,0.5467,0.6627,2026-03-14T10:55:48
CONT-C791B7D9,SESS-D1D8206D,Account Management,Healthcare,Partner API,es,16,1,0,3.8,,408,0.8347,0.8619,2026-03-30T12:05:25
CONT-FB7B0CD0,SESS-0D637600,Returns & Refunds,Retail,Web,en,7,0,0,4.5,,269,0.3148,0.3959,2026-03-11T11:36:42
CONT-C4CEA818,SESS-75C8E894,Technical Troubleshooting,Travel,Partner API,es,6,1,0,3.4,,783,0.6132,0.7493,2026-03-29T17:32:47
CONT-63EB78AA,SESS-E68C8E93,Returns & Refunds,Retail,Partner API,en,12,1,0,1.7,,1315,0.9557,0.7843,2026-03-24T14:48:19
CONT-2994BF5A,SESS-F28F009E,General Inquiry,Travel,Web,en,5,1,0,1.9,,122,0.9066,0.7766,2026-03-19T17:40:06
CONT-986A0A5D,SESS-73F5FBC3,Product Support,Financial Services,IVR,ja,16,1,0,3.1,,483,0.3267,0.6167,2026-04-04T00:33:03
CONT-67D8D8EC,SESS-6AF7B5EE,Product Support,Technology,Partner API,en,20,1,0,,,692,0.7795,0.7918,2026-03-24T23:55:58
CONT-73D81A47,SESS-6DE2D04E,Order Status,Healthcare,Kiosk,en,6,0,1,,Tier1-Support,203,0.6386,0.4354,2026-03-22T05:04:43
CONT-6D0C4610,SESS-978CE4D6,Technical Troubleshooting,Technology,IVR,es,4,1,0,,,355,0.7213,0.7685,2026-03-11T23:36:20
CONT-602749BC,SESS-D537426A,General Inquiry,Travel,Kiosk,zh,8,0,1,1.1,Billing-Ops,215,0.8404,0.4022,2026-04-05T14:27:39
CONT-4A23F421,SESS-569FC024,Order Status,Retail,IVR,en,6,1,0,,,301,0.1957,0.5583,2026-03-17T16:44:38
CONT-62A47F11,SESS-F97BE97E,Returns & Refunds,Financial Services,Kiosk,es,4,1,0,4.2,,231,0.7784,0.8634,2026-03-30T10:12:55
CONT-FB710219,SESS-8E1E49D1,General Inquiry,Technology,Kiosk,pt,6,1,0,4.5,,271,0.8783,0.9213,2026-03-25T03:29:31
CONT-E283D43E,SESS-9270FB65,Account Management,Technology,Kiosk,de,11,1,0,1.2,,328,0.7673,0.6789,2026-03-21T19:08:26
CONT-C5283F95,SESS-721FA73E,Loyalty Program,Financial Services,Partner API,ja,2,1,0,1.6,,34,0.7814,0.7086,2026-03-25T09:36:59
CONT-68D85989,SESS-E62FD837,Technical Troubleshooting,Healthcare,Partner API,en,6,1,0,4.0,,865,0.501,0.7404,2026-03-08T03:08:39
CONT-0F0BAF3E,SESS-B3A8F806,Subscription Management,Financial Services,Kiosk,de,15,1,0,,,425,0.558,0.7032,2026-04-01T10:00:39
CONT-2DA0412E,SESS-2FCEE49F,Technical Troubleshooting,Healthcare,Partner API,en,5,1,0,4.7,,241,0.4874,0.777,2026-03-11T00:20:47
CONT-FC09A2F8,SESS-7E782F03,Password Reset,Healthcare,Web,en,12,0,0,4.0,,690,0.8694,0.5878,2026-03-17T10:31:30
CONT-491708C5,SESS-533B9074,Returns & Refunds,Retail,Kiosk,pt,15,1,0,,,923,0.3463,0.6185,2026-03-25T10:25:01
CONT-09882179,SESS-64A4821C,Loyalty Program,Travel,IVR,en,16,0,1,3.4,General-Service,1299,0.8875,0.559,2026-03-07T09:12:21
CONT-3F13EAB9,SESS-AF147E89,Account Management,Healthcare,Mobile App,en,18,1,0,5.0,,1324,0.7746,0.9098,2026-03-15T12:51:51
CONT-FA5AAAEC,SESS-F2586EF0,Product Support,Financial Services,Partner API,en,11,1,0,4.4,,561,0.9065,0.9266,2026-03-30T15:04:14
CONT-4498FAB2,SESS-995694C4,Subscription Management,Healthcare,Kiosk,en,6,1,0,1.6,,850,0.5094,0.5998,2026-03-15T04:56:12
CONT-B00512C0,SESS-05A5FCC3,Account Management,Travel,Mobile App,fr,14,1,0,4.2,,1195,0.6828,0.8251,2026-03-13T09:13:15
CONT-8724DB88,SESS-AC166CA2,General Inquiry,Technology,Web,en,2,1,0,4.5,,82,0.3927,0.7271,2026-03-25T06:10:02
CONT-DD78E714,SESS-A2911C33,Subscription Management,Travel,Partner API,fr,7,1,0,,,263,0.5005,0.6802,2026-03-10T14:29:38
CONT-F0C839D5,SESS-34957661,Subscription Management,Travel,Mobile App,en,5,1,0,,,169,0.4804,0.6722,2026-03-14T01:45:23
CONT-41007A83,SESS-723296DE,Loyalty Program,Technology,Web,en,6,1,0,,,204,0.6188,0.7275,2026-03-31T01:08:31
CONT-80DF7521,SESS-547A5DE7,Billing Inquiry,Retail,Mobile App,en,7,1,0,,,331,0.3771,0.6308,2026-04-05T01:17:57
CONT-E7951390,SESS-87F23DE4,Subscription Management,Financial Services,Kiosk,es,19,1,0,,,356,0.7724,0.789,2026-03-13T19:18:41
CONT-D5E666C9,SESS-226E34BB,Technical Troubleshooting,Financial Services,Partner API,en,20,1,0,1.0,,554,0.9149,0.726,2026-04-02T14:57:52
CONT-A26BD14D,SESS-FCBC0BF6,Loyalty Program,Technology,Web,en,3,1,0,,,153,0.8214,0.8086,2026-03-11T19:52:54
CONT-73E600A8,SESS-BFC5F3E4,General Inquiry,Financial Services,Mobile App,es,1,0,1,3.0,Tech-Escalation,104,0.6381,0.4352,2026-04-03T02:31:34
CONT-9802A641,SESS-4DDD931D,Loyalty Program,Healthcare,Kiosk,fr,9,0,1,,Tier1-Support,285,0.8743,0.5297,2026-03-16T15:09:26
CONT-7DD56E05,SESS-906C4571,Subscription Management,Technology,IVR,de,7,1,0,1.9,,424,0.6625,0.679,2026-03-10T12:39:04
CONT-1FD0F21F,SESS-A78295F4,General Inquiry,Retail,Partner API,en,10,0,1,1.2,General-Service,1030,0.6576,0.335,2026-04-03T16:05:30
CONT-B2134DB0,SESS-E87C93CC,Technical Troubleshooting,Technology,Partner API,es,9,0,1,4.8,Tier1-Support,410,0.7042,0.5697,2026-04-01T12:22:45
CONT-782F172F,SESS-0D341A62,Password Reset,Healthcare,IVR,en,3,1,0,1.9,,76,0.7155,0.7002,2026-03-12T23:21:18
CONT-63A986A8,SESS-8408D071,Subscription Management,Healthcare,Partner API,es,10,1,0,,,1033,0.789,0.7956,2026-03-13T08:47:43
CONT-F1252D54,SESS-3AE910D7,Order Status,Retail,Mobile App,en,17,0,1,,Billing-Ops,774,0.6676,0.447,2026-03-18T20:51:38
CONT-8368CBEF,SESS-1D1351D7,Product Support,Technology,Kiosk,en,18,0,0,,,981,0.85,0.52,2026-03-15T02:17:10
CONT-847C9395,SESS-094F2851,Subscription Management,Financial Services,Web,de,4,1,0,,,257,0.6336,0.7334,2026-03-29T00:23:53
CONT-9A25106D,SESS-8BB2A150,Subscription Management,Retail,Partner API,ja,4,0,0,,,217,0.796,0.4984,2026-03-09T01:32:31
CONT-E283D43E,SESS-7549FABA,Billing Inquiry,Technology,Partner API,es,6,1,0,,,146,0.7336,0.7734,2026-03-26T06:29:19
CONT-A6691A45,SESS-F4D4C3F1,Product Support,Financial Services,Mobile App,en,1,0,1,1.7,Tier1-Support,12,0.7965,0.4206,2026-04-04T23:16:08
CONT-9DA05D20,SESS-A16F32B6,Account Management,Retail,Kiosk,en,13,0,1,1.1,General-Service,863,0.8495,0.4058,2026-03-31T01:06:09
CONT-D0D9B3E9,SESS-344105D8,Password Reset,Financial Services,Web,es,10,1,0,3.3,,352,0.7618,0.8027,2026-04-02T18:26:08
CONT-0DB64F18,SESS-5B718E94,Subscription Management,Financial Services,Kiosk,en,7,1,0,,,735,0.9828,0.8731,2026-03-26T12:39:18
CONT-2DBD7AD0,SESS-FABE6A00,Product Support,Technology,Mobile App,en,3,0,1,2.5,Tier1-Support,131,0.7279,0.4412,2026-03-30T13:28:23
CONT-91377CA7,SESS-0A7E2DB1,Account Management,Healthcare,Web,fr,11,0,0,,,957,0.3998,0.3399,2026-04-04T17:21:34
CONT-D7F4AA2A,SESS-E717A2E6,Password Reset,Financial Services,Web,de,19,1,0,1.6,,699,0.9671,0.7828,2026-03-07T00:08:25
CONT-FDE4A093,SESS-217EFBAB,Returns & Refunds,Retail,Mobile App,en,14,1,0,,,1123,0.7739,0.7896,2026-04-03T08:29:03
CONT-EA0A873F,SESS-CAE28A70,Order Status,Technology,Mobile App,es,17,1,0,,,307,0.69,0.756,2026-03-20T11:50:08
CONT-F3878700,SESS-5FD2D38C,Order Status,Travel,Web,en,17,0,0,2.2,,533,0.7662,0.4385,2026-03-26T00:32:10
CONT-0FAF2198,SESS-1DADFBC2,Subscription Management,Technology,Kiosk,en,10,1,0,,,275,0.4949,0.678,2026-03-12T21:17:52
CONT-6EE915D5,SESS-E2D093B2,Subscription Management,Healthcare,Web,pt,1,0,0,4.9,,12,0.9444,0.6718,2026-03-24T12:18:33
CONT-E3C10C4D,SESS-E0FED415,Returns & Refunds,Technology,Kiosk,es,2,0,0,3.4,,70,0.7314,0.4966,2026-03-13T19:37:47
CONT-6BCFE21D,SESS-75F34D53,Product Support,Retail,Web,en,12,0,1,1.0,Tier1-Support,535,0.4865,0.2546,2026-04-04T19:52:04
CONT-D9E700C4,SESS-A1A78698,Password Reset,Healthcare,Web,en,11,0,1,1.6,General-Service,231,0.4989,0.2956,2026-03-29T23:16:18
CONT-54EB4EBA,SESS-5CDBEF7B,Technical Troubleshooting,Retail,Kiosk,en,13,1,0,3.7,,376,0.7733,0.8313,2026-04-01T00:15:15
CONT-F0469CBE,SESS-EDF76467,Returns & Refunds,Financial Services,Partner API,es,12,1,0,4.5,,332,1.0,0.97,2026-04-03T02:13:54
CONT-0457B228,SESS-388762E5,Password Reset,Financial Services,Web,en,1,1,0,3.2,,82,0.8617,0.8367,2026-03-30T14:25:52
CONT-CC8882A8,SESS-C4B9090F,Account Management,Financial Services,IVR,fr,11,0,1,1.4,Tech-Escalation,457,1.0,0.484,2026-03-13T22:12:23
CONT-E813B055,SESS-E306CC96,Password Reset,Retail,Partner API,pt,10,1,0,,,392,0.6937,0.7575,2026-03-21T09:33:21
CONT-9175AA3E,SESS-5CB9F486,General Inquiry,Healthcare,Kiosk,en,18,1,0,,,891,0.8404,0.8162,2026-04-05T23:06:14
CONT-D1368A70,SESS-B939DF2A,Subscription Management,Travel,Kiosk,en,7,1,0,,,458,0.605,0.722,2026-03-19T08:15:13
CONT-D5FCFE79,SESS-C8D33654,Password Reset,Financial Services,Partner API,en,14,1,0,,,454,0.828,0.8112,2026-04-05T14:56:05
CONT-70FEDD86,SESS-5CC20A7D,General Inquiry,Travel,Mobile App,en,2,1,0,,,137,0.6213,0.7285,2026-03-27T21:41:33
CONT-8C095D58,SESS-E0660646,Returns & Refunds,Technology,Web,en,7,1,0,,,120,0.6585,0.7434,2026-03-12T10:53:32
CONT-46ED0FF2,SESS-2653B3BF,Account Management,Technology,Web,en,12,0,0,3.6,,779,1.0,0.616,2026-03-10T21:30:40
CONT-B3597152,SESS-0A9E3173,Returns & Refunds,Retail,IVR,en,6,1,0,2.4,,130,0.6147,0.6899,2026-03-10T08:41:53
CONT-46ED0FF2,SESS-01F3947D,Technical Troubleshooting,Healthcare,Web,en,8,1,0,,,283,0.9712,0.8685,2026-03-08T18:08:37
CONT-602ED0D8,SESS-C7160DFA,Loyalty Program,Healthcare,Partner API,en,4,1,0,1.8,,175,0.5185,0.6154,2026-04-05T15:50:38
CONT-8685A69F,SESS-FE0CCF4E,Subscription Management,Travel,Web,en,18,0,1,4.9,General-Service,1125,0.6191,0.5416,2026-03-12T07:05:50
CONT-56A9AFFA,SESS-E69B6A2D,Account Management,Technology,Kiosk,en,14,1,0,2.5,,300,0.5214,0.6586,2026-03-29T12:03:32
CONT-70C2657E,SESS-4FEF52F4,Technical Troubleshooting,Technology,Mobile App,en,2,1,0,1.2,,253,0.7768,0.6827,2026-03-10T18:35:42
CONT-1B281196,SESS-219A6E98,Returns & Refunds,Financial Services,Partner API,en,5,1,0,4.5,,238,0.65,0.83,2026-04-04T02:31:38
CONT-A72DEA9D,SESS-10A7C450,Loyalty Program,Technology,Web,en,17,1,0,,,905,0.756,0.7824,2026-03-12T04:44:37
CONT-484E0A78,SESS-E54EB596,Order Status,Travel,Mobile App,en,11,0,0,3.7,,585,0.723,0.5112,2026-04-02T06:53:54
CONT-1BE5F2AE,SESS-9A88CC3C,Subscription Management,Healthcare,Partner API,en,4,1,0,4.4,,301,0.7046,0.8458,2026-03-08T17:09:16
CONT-EE1E9881,SESS-374085B3,Technical Troubleshooting,Financial Services,Partner API,de,20,1,0,4.4,,497,0.5775,0.795,2026-03-23T10:48:11
CONT-9198E88F,SESS-DB6A95D5,Account Management,Technology,IVR,en,1,1,0,4.2,,13,1.0,0.952,2026-03-18T00:28:14
CONT-ABFB3C50,SESS-CB99D32F,Loyalty Program,Healthcare,Web,en,14,1,0,2.6,,1050,0.534,0.6696,2026-03-13T21:48:55
CONT-CDEEF082,SESS-51EC1335,Billing Inquiry,Travel,Web,es,11,0,1,,General-Service,415,0.5726,0.409,2026-03-08T16:46:56
CONT-6692371D,SESS-5D711566,Technical Troubleshooting,Technology,Kiosk,zh,10,1,0,1.1,,1127,0.416,0.5324,2026-03-28T04:33:06
CONT-35F0D645,SESS-8C358C5A,Billing Inquiry,Healthcare,Mobile App,en,14,1,0,2.2,,670,0.6783,0.7033,2026-03-12T15:40:11
CONT-2DD476CF,SESS-D14694FE,Technical Troubleshooting,Healthcare,IVR,en,20,1,0,3.5,,1468,0.6792,0.7817,2026-04-03T08:10:15
CONT-500BF0F6,SESS-825D2AAD,Product Support,Technology,Mobile App,en,16,0,1,3.0,Tier1-Support,249,0.6498,0.4399,2026-03-16T06:07:45
CONT-8D621CB8,SESS-6A99CF1A,General Inquiry,Retail,Partner API,es,2,1,0,,,49,0.7159,0.7664,2026-03-22T14:09:38
CONT-6568AEF1,SESS-F064E6EB,Billing Inquiry,Healthcare,Web,es,10,0,1,,Billing-Ops,1056,0.3521,0.3208,2026-03-14T07:07:38
CONT-88910753,SESS-1C4A5DE7,Loyalty Program,Technology,IVR,fr,18,0,1,,Tech-Escalation,497,0.5895,0.4158,2026-03-11T05:04:09
CONT-97271946,SESS-6B0392E0,Billing Inquiry,Technology,Web,en,9,0,0,2.8,,319,0.848,0.5072,2026-03-17T10:31:02
CONT-8D62D59C,SESS-6B5D0148,Order Status,Travel,Web,en,3,1,0,,,120,0.7832,0.7933,2026-03-20T22:39:43
CONT-D5CBC158,SESS-CC498890,Order Status,Healthcare,IVR,es,14,1,0,,,429,0.746,0.7784,2026-03-13T00:51:39
CONT-7CF6FAF4,SESS-5850ABAA,Billing Inquiry,Healthcare,IVR,en,6,0,0,2.9,,427,0.5535,0.3954,2026-03-18T02:45:10
CONT-06567D1C,SESS-C9100999,Technical Troubleshooting,Healthcare,Web,en,11,1,0,2.7,,785,0.7105,0.7462,2026-03-21T19:43:20
CONT-A1034A2B,SESS-E07F8379,Order Status,Retail,Web,fr,17,1,0,2.6,,1422,0.6597,0.7199,2026-03-18T05:35:37
CONT-5C870A01,SESS-F334F0EC,Account Management,Retail,Partner API,de,17,1,0,,,955,0.6919,0.7568,2026-04-02T15:25:13
CONT-9198E88F,SESS-AB5D59D3,Account Management,Retail,Kiosk,en,12,1,0,4.6,,506,0.7518,0.8767,2026-03-26T15:23:39
CONT-DDF1E516,SESS-22B8616A,Subscription Management,Retail,Partner API,en,2,1,0,2.1,,123,0.4501,0.606,2026-03-10T07:50:32
CONT-C56A12D8,SESS-826BD97E,General Inquiry,Retail,Mobile App,en,13,1,0,,,1373,0.3281,0.6112,2026-04-01T13:50:04
CONT-C5283F95,SESS-81008841,Product Support,Technology,Web,en,9,1,0,,,266,0.6811,0.7524,2026-04-02T11:05:47
CONT-2ACC6B30,SESS-62165910,Order Status,Technology,Mobile App,en,19,0,0,,,1087,1.0,0.58,2026-03-28T21:56:45
CONT-9D85579A,SESS-913A9951,Product Support,Travel,Mobile App,en,1,1,0,,,14,0.5985,0.7194,2026-03-18T03:02:51
CONT-E9725B5E,SESS-2299157A,Loyalty Program,Financial Services,Kiosk,en,3,1,0,2.0,,37,0.7063,0.7025,2026-03-15T23:26:57
CONT-E449DC9B,SESS-F67F619B,Password Reset,Financial Services,Partner API,es,14,1,0,,,736,1.0,0.88,2026-03-18T08:28:25
CONT-7C201057,SESS-54AAA6BB,Password Reset,Financial Services,Mobile App,es,18,0,0,,,865,0.9088,0.5435,2026-03-17T01:48:17
CONT-9322EC17,SESS-85433ED3,General Inquiry,Financial Services,Kiosk,es,18,0,1,,General-Service,1142,0.613,0.4252,2026-03-30T15:01:33
CONT-03F9AFE6,SESS-F088CBA6,Subscription Management,Retail,Mobile App,en,10,0,1,2.8,Tier1-Support,191,0.755,0.47,2026-03-14T12:03:09
CONT-E3C10C4D,SESS-6D2171A2,Password Reset,Healthcare,Partner API,zh,16,0,1,3.1,Tier1-Support,292,0.959,0.5696,2026-03-07T04:25:41
CONT-54B73995,SESS-36375097,Account Management,Financial Services,Partner API,en,16,1,0,,,648,0.939,0.8556,2026-03-31T19:02:31
CONT-5F3714A1,SESS-120031BE,Order Status,Technology,Partner API,es,20,1,0,,,670,0.7538,0.7815,2026-04-03T12:58:51
CONT-3EB62EC1,SESS-2B19BF9F,Account Management,Travel,Mobile App,pt,6,1,0,3.1,,304,0.691,0.7624,2026-03-20T07:06:38
CONT-64996B93,SESS-B05A95BB,General Inquiry,Healthcare,Mobile App,en,8,1,0,,,275,0.7785,0.7914,2026-04-01T01:51:44
CONT-5E993463,SESS-A9A5BE8B,Product Support,Financial Services,Mobile App,en,6,1,0,2.7,,153,0.4581,0.6452,2026-03-11T03:36:40
CONT-EBFB580C,SESS-F07D4778,Subscription Management,Financial Services,Mobile App,zh,13,1,0,,,1224,0.8454,0.8182,2026-04-03T23:05:34
CONT-B6238665,SESS-566A03D5,Subscription Management,Technology,Web,zh,9,1,0,,,418,1.0,0.88,2026-03-14T07:14:49
CONT-48BB26E5,SESS-7E30924D,Account Management,Healthcare,Kiosk,en,6,0,1,1.5,General-Service,228,0.9645,0.4758,2026-03-21T22:20:44
CONT-5AEE0328,SESS-9F0807B0,Technical Troubleshooting,Technology,Mobile App,en,15,1,0,2.7,,745,0.495,0.66,2026-03-10T09:49:01
CONT-516E7B34,SESS-C4F8B7BE,Order Status,Financial Services,IVR,en,14,0,1,3.4,Tech-Escalation,1896,0.8981,0.5632,2026-03-10T05:12:25
CONT-CEBB1CD4,SESS-1AF5F9C0,Order Status,Technology,Partner API,en,19,0,0,1.3,,789,0.8454,0.4162,2026-03-27T01:02:43
CONT-BED6E152,SESS-62911802,Loyalty Program,Healthcare,Mobile App,pt,14,1,0,3.7,,491,0.8658,0.8683,2026-03-30T02:08:45
CONT-F8112A37,SESS-F38AE036,Technical Troubleshooting,Technology,Web,ja,17,1,0,,,181,0.496,0.6784,2026-03-30T09:23:54
CONT-88676FE3,SESS-FB0D71F9,Password Reset,Technology,Partner API,en,5,1,0,,,402,0.6501,0.74,2026-03-23T11:11:43
CONT-C527E773,SESS-903385FB,Order Status,Technology,Web,en,17,1,0,,,860,0.4306,0.6522,2026-03-21T03:46:54
CONT-0053BA16,SESS-B4224778,Loyalty Program,Travel,Mobile App,en,20,1,0,,,2709,0.9381,0.8552,2026-03-20T16:36:34
CONT-A835021B,SESS-BC7CF6DA,Returns & Refunds,Healthcare,Kiosk,en,12,1,0,,,475,0.6191,0.7276,2026-03-10T00:30:46
CONT-CC214BEB,SESS-7BC399C8,Billing Inquiry,Technology,Partner API,en,11,1,0,3.2,,912,1.0,0.892,2026-03-10T11:26:54
CONT-1BBAEDE5,SESS-9C9FED3D,Billing Inquiry,Retail,Mobile App,en,14,0,0,,,1109,1.0,0.58,2026-03-17T19:34:23
CONT-D0A6223C,SESS-665366D3,Loyalty Program,Retail,Kiosk,en,9,0,0,4.3,,231,0.5361,0.4724,2026-03-07T11:11:35
CONT-4FD90624,SESS-6B784AF2,Subscription Management,Healthcare,Kiosk,de,1,1,0,1.4,,21,0.7884,0.6994,2026-04-04T19:34:44
CONT-8D62D59C,SESS-71FD7136,Account Management,Technology,Partner API,en,7,1,0,,,347,0.6696,0.7478,2026-03-21T18:10:28
CONT-B23DE3BB,SESS-29A731B8,Product Support,Technology,Kiosk,en,6,1,0,,,435,0.9465,0.8586,2026-03-26T14:09:04
CONT-DDF1E516,SESS-50C3F4C2,Password Reset,Healthcare,Kiosk,en,10,1,0,,,178,0.5806,0.7122,2026-03-14T04:58:12
CONT-95A4F178,SESS-197785CF,Billing Inquiry,Retail,IVR,es,1,1,0,,,73,0.6065,0.7226,2026-03-23T09:04:50
CONT-83F635E7,SESS-F8D5AB8F,Password Reset,Financial Services,Partner API,es,10,0,1,,Tier1-Support,276,0.9037,0.5415,2026-03-27T22:50:20
CONT-32D47C07,SESS-F245C265,Billing Inquiry,Technology,Web,es,7,1,0,,,144,0.6397,0.7359,2026-03-26T16:52:43
CONT-7B229647,SESS-22ABE172,Product Support,Healthcare,Kiosk,es,13,1,0,1.4,,707,0.5852,0.6181,2026-03-11T02:35:29
CONT-7A01B546,SESS-716E3A70,Order Status,Financial Services,IVR,de,15,1,0,,,1072,0.5862,0.7145,2026-03-24T13:41:21
CONT-A0E139B8,SESS-95674AC9,Subscription Management,Retail,IVR,en,9,1,0,,,936,0.6749,0.75,2026-03-08T00:55:47
CONT-E749E83A,SESS-74FFE2D6,Order Status,Financial Services,Partner API,en,10,1,0,2.7,,668,0.8492,0.8017,2026-03-26T10:19:55
CONT-500BF0F6,SESS-BC12BC96,Account Management,Travel,Web,en,11,1,0,,,337,0.2893,0.5957,2026-03-12T05:48:19
CONT-6A3DB3C7,SESS-CC16CE4E,Account Management,Financial Services,IVR,zh,10,1,0,,,555,0.7145,0.7658,2026-03-12T02:40:52
CONT-582EC90D,SESS-8DAB3BFF,Subscription Management,Retail,Partner API,de,15,1,0,1.6,,935,0.6547,0.6579,2026-04-05T11:35:16
CONT-7E5BA1DB,SESS-983F72C9,Account Management,Travel,Kiosk,en,3,1,0,,,103,1.0,0.88,2026-03-16T13:52:05
CONT-C57C3900,SESS-22A966FA,Technical Troubleshooting,Healthcare,IVR,es,20,0,0,,,369,0.8468,0.5187,2026-03-26T11:17:11
CONT-844296C1,SESS-648BB9F8,Loyalty Program,Technology,Mobile App,pt,2,1,0,,,63,0.6328,0.7331,2026-03-27T08:17:02
CONT-9A038902,SESS-4CB49C25,Password Reset,Travel,Mobile App,en,3,1,0,,,110,0.5393,0.6957,2026-03-09T13:17:25
CONT-11706937,SESS-9CB82A69,Billing Inquiry,Financial Services,IVR,en,16,1,0,3.4,,1007,0.9781,0.8952,2026-04-04T03:45:40
CONT-E8545BB1,SESS-4383F8F0,Order Status,Financial Services,Mobile App,en,20,1,0,,,1185,0.7207,0.7683,2026-03-10T20:42:00
CONT-F7EAB5A1,SESS-DF48BBB4,Subscription Management,Technology,Kiosk,en,15,1,0,,,370,0.8034,0.8014,2026-03-13T10:00:06
CONT-90A74461,SESS-141554DE,General Inquiry,Healthcare,Kiosk,en,1,1,0,3.5,,163,0.6239,0.7596,2026-03-20T11:41:44
CONT-84C414BD,SESS-991C7F1E,Order Status,Travel,Partner API,en,19,1,0,4.8,,677,0.5878,0.8231,2026-03-18T10:25:55
CONT-736074C9,SESS-5536F635,Subscription Management,Technology,IVR,en,18,1,0,3.4,,599,0.1509,0.5644,2026-04-04T07:23:18
CONT-0E29A7F6,SESS-B8BA40C3,General Inquiry,Retail,Partner API,fr,17,1,0,1.3,,968,0.5309,0.5904,2026-03-21T10:03:03
CONT-4FB99958,SESS-5782A8FE,Loyalty Program,Financial Services,Kiosk,en,20,1,0,,,340,0.8506,0.8202,2026-03-20T15:54:54
CONT-5E3E70E6,SESS-0FC344E1,Returns & Refunds,Healthcare,IVR,en,15,0,0,,,350,0.6323,0.4329,2026-03-23T16:18:39
CONT-928C9AB2,SESS-6B2B7C5A,Product Support,Technology,Partner API,en,2,1,0,,,215,0.4182,0.6473,2026-03-14T22:02:10
CONT-5586F3A8,SESS-EFCD1422,Password Reset,Healthcare,Web,en,3,1,0,,,53,0.7539,0.7816,2026-03-13T00:21:41
CONT-ABC13444,SESS-8745B1E5,Subscription Management,Retail,Mobile App,en,6,1,0,1.1,,534,0.3851,0.52,2026-03-22T06:00:24
CONT-8FD7DFD9,SESS-EE94B5FD,Loyalty Program,Travel,Partner API,es,1,1,0,3.1,,57,0.8162,0.8125,2026-03-30T07:36:00
CONT-E31BE583,SESS-FFDE7420,Account Management,Technology,Kiosk,en,7,1,0,1.9,,90,0.8597,0.7579,2026-04-05T03:47:06
CONT-75131F0E,SESS-D6DC9580,Product Support,Healthcare,IVR,pt,15,1,0,5.0,,1134,0.6376,0.855,2026-03-30T05:04:39
CONT-022C0901,SESS-0DD82904,Returns & Refunds,Technology,Mobile App,en,16,1,0,,,1516,0.9273,0.8509,2026-03-26T13:49:35
CONT-366D98E1,SESS-55D2886B,Subscription Management,Technology,IVR,es,17,1,0,,,808,0.6097,0.7239,2026-03-18T06:48:12
CONT-0F3E54CE,SESS-E3C3D718,Order Status,Travel,IVR,en,18,0,0,,,448,0.6925,0.457,2026-03-26T21:46:17
CONT-BD7844FC,SESS-8985CB0D,Returns & Refunds,Travel,Partner API,en,1,1,0,,,62,0.6352,0.7341,2026-03-24T18:43:56
CONT-1BBDD520,SESS-35D404E6,Returns & Refunds,Travel,IVR,en,11,0,0,4.2,,131,0.9537,0.6335,2026-03-19T11:05:08
CONT-98C1F3AB,SESS-DE7D221D,Technical Troubleshooting,Healthcare,Web,en,15,1,0,,,751,0.6241,0.7296,2026-04-02T06:09:54
CONT-183AC109,SESS-11DE9ECC,Account Management,Retail,Mobile App,de,20,0,0,3.1,,1495,1.0,0.586,2026-03-08T03:27:29
CONT-5E3E70E6,SESS-7A168DD0,General Inquiry,Financial Services,Web,en,13,1,0,,,108,0.7869,0.7948,2026-03-24T05:28:57
CONT-6BD4E21D,SESS-574762E5,Loyalty Program,Technology,Partner API,en,2,0,0,,,37,0.7998,0.4999,2026-03-17T14:32:44
CONT-B3597152,SESS-79F5E49D,Billing Inquiry,Healthcare,Mobile App,fr,1,1,0,1.5,,48,0.8271,0.7208,2026-03-22T04:58:30
CONT-2F3D2CA2,SESS-D49B3918,Password Reset,Healthcare,Partner API,es,5,1,0,4.9,,165,0.3254,0.7242,2026-03-11T12:34:51
CONT-543B62F5,SESS-3AB5DD63,Product Support,Technology,IVR,fr,19,1,0,,,648,0.7814,0.7926,2026-03-18T17:22:41
CONT-18FBD5EE,SESS-1E8D165D,Order Status,Healthcare,IVR,pt,20,1,0,,,1644,0.4656,0.6662,2026-03-11T13:08:38
CONT-37DF13CE,SESS-54D7EF0D,Returns & Refunds,Healthcare,Kiosk,en,13,0,1,4.8,Tech-Escalation,1076,0.5704,0.5162,2026-03-09T13:48:25
CONT-631FFB92,SESS-7FA733D0,Subscription Management,Healthcare,Web,en,3,1,0,,,166,0.598,0.7192,2026-03-30T15:12:24
CONT-5F5BF040,SESS-FC85679A,Product Support,Technology,Kiosk,fr,7,1,0,2.5,,349,0.8784,0.8014,2026-03-24T13:45:54
CONT-6AD09BC4,SESS-F8F21EDA,Subscription Management,Retail,Mobile App,fr,2,0,1,,General-Service,42,0.564,0.4056,2026-03-29T02:04:05
CONT-9D4FE4F6,SESS-0FA6BFFB,Product Support,Technology,Kiosk,en,2,0,1,3.1,Billing-Ops,99,1.0,0.586,2026-03-31T18:21:02
CONT-6692371D,SESS-CBAC3114,Billing Inquiry,Healthcare,Mobile App,fr,7,1,0,2.0,,186,1.0,0.82,2026-03-15T17:54:38
CONT-20BF38B1,SESS-2E436BDB,Subscription Management,Financial Services,Partner API,es,14,1,0,3.0,,2083,0.6805,0.7522,2026-03-31T19:34:17
CONT-218EC7E1,SESS-4057B889,Order Status,Travel,Kiosk,pt,15,1,0,2.0,,560,0.5616,0.6446,2026-03-19T11:47:37
CONT-20D01F8B,SESS-59A59E21,Account Management,Technology,Kiosk,es,17,1,0,,,729,0.4187,0.6475,2026-03-25T04:05:44
CONT-1FD4F1FC,SESS-53573D35,Loyalty Program,Financial Services,Kiosk,en,12,1,0,,,512,0.9994,0.8798,2026-03-20T01:54:52
CONT-1703774D,SESS-6040D2DB,Technical Troubleshooting,Retail,Mobile App,en,20,0,1,,Tier1-Support,619,0.6519,0.4408,2026-03-23T22:21:21
CONT-9C018372,SESS-AE23609E,General Inquiry,Technology,Mobile App,es,5,1,0,1.9,,80,0.7748,0.7239,2026-03-22T07:41:37
CONT-04168CC1,SESS-5B28AA0C,Returns & Refunds,Technology,Kiosk,en,20,1,0,,,1047,0.7127,0.7651,2026-03-13T04:47:44
CONT-40410578,SESS-CD1EE7EF,Account Management,Healthcare,Kiosk,es,2,1,0,,,78,0.6414,0.7366,2026-03-17T05:29:18
CONT-5F89BB3E,SESS-316FDF6C,General Inquiry,Healthcare,Web,pt,18,1,0,,,1087,0.6942,0.7577,2026-03-23T14:46:23
CONT-35A8B086,SESS-E9E7955C,Order Status,Travel,Web,de,8,1,0,4.1,,431,0.743,0.8432,2026-03-17T03:41:57
CONT-501012B2,SESS-D44B77B3,General Inquiry,Financial Services,IVR,en,11,1,0,2.5,,964,0.8354,0.7842,2026-03-23T19:20:34
CONT-1011DFF7,SESS-6FD5E89F,Subscription Management,Financial Services,Partner API,en,16,1,0,3.9,,802,1.0,0.934,2026-03-28T11:38:01
CONT-97A052C7,SESS-4663D06A,Order Status,Financial Services,Partner API,en,19,1,0,,,1092,0.961,0.8644,2026-03-08T10:21:06
CONT-30A70445,SESS-5EA5CA1F,Technical Troubleshooting,Retail,Partner API,en,12,1,0,3.1,,772,0.3316,0.6186,2026-03-16T01:38:44
CONT-25333582,SESS-0E1F34DA,Loyalty Program,Retail,Partner API,en,6,1,0,2.0,,586,0.727,0.7108,2026-03-28T15:16:32
CONT-A12AA6B8,SESS-3974E63A,Order Status,Retail,Web,en,18,1,0,,,779,0.7563,0.7825,2026-04-04T13:40:03
CONT-614AE913,SESS-BD9C5B99,Loyalty Program,Healthcare,IVR,fr,1,1,0,2.4,,36,0.7454,0.7422,2026-03-27T08:49:01
CONT-517FA6EE,SESS-36DF3759,Technical Troubleshooting,Technology,IVR,en,7,1,0,,,219,0.9549,0.862,2026-04-01T22:29:37
CONT-BC6291D6,SESS-65A7EDFC,Loyalty Program,Technology,Kiosk,en,11,0,1,3.7,Tier1-Support,459,0.6235,0.4714,2026-03-30T13:48:29
CONT-C25D0DD5,SESS-B1C33C26,Product Support,Retail,Kiosk,en,19,1,0,4.9,,487,0.7538,0.8955,2026-03-17T02:31:14
CONT-918E706C,SESS-D68CB3F0,Account Management,Technology,Kiosk,ja,9,1,0,3.5,,450,0.7777,0.8211,2026-03-09T00:16:23
CONT-3E1B02EE,SESS-EC97CAA8,Returns & Refunds,Healthcare,Kiosk,en,16,0,0,4.6,,386,0.3798,0.4279,2026-03-07T00:29:06
CONT-365EEFE0,SESS-5C5F2DB2,Billing Inquiry,Financial Services,Web,fr,13,1,0,,,845,0.9969,0.8788,2026-03-10T11:54:10
CONT-8955E460,SESS-DBE53720,Subscription Management,Travel,Kiosk,pt,14,0,1,2.7,General-Service,338,1.0,0.562,2026-03-20T07:55:00
CONT-BA545D17,SESS-49D5371B,Billing Inquiry,Retail,IVR,es,8,1,0,,,424,0.6986,0.7594,2026-03-27T09:41:06
CONT-EC26DA0F,SESS-28CA4A6A,Product Support,Retail,Partner API,en,7,0,0,1.3,,246,0.4231,0.2472,2026-04-01T11:32:34
CONT-8036C192,SESS-0853E992,Product Support,Retail,Kiosk,en,19,1,0,,,1536,0.5449,0.698,2026-03-30T21:33:41
CONT-58C12708,SESS-E1488646,Billing Inquiry,Technology,IVR,es,9,0,0,,,251,0.8984,0.5394,2026-03-21T09:45:21
CONT-706798AF,SESS-8E112588,Loyalty Program,Financial Services,Web,en,5,0,1,,Tech-Escalation,72,0.3953,0.3381,2026-03-20T15:07:25
CONT-D56F96C4,SESS-5BE59FEA,Billing Inquiry,Retail,IVR,en,13,0,1,3.0,General-Service,574,0.7587,0.4835,2026-04-01T15:35:17
CONT-0EB2F2BC,SESS-855A0CAB,General Inquiry,Financial Services,Web,en,18,0,0,,,1076,0.6396,0.4358,2026-04-05T12:27:37
CONT-2BAD3C8E,SESS-885E1EE9,Loyalty Program,Healthcare,IVR,es,18,1,0,3.6,,3672,0.6544,0.7778,2026-03-29T03:23:42
CONT-ACEB5B2E,SESS-A4314E40,Technical Troubleshooting,Technology,Kiosk,en,14,1,0,2.5,,544,0.5406,0.6662,2026-03-24T16:51:35
CONT-8A8E5119,SESS-423F1C2B,General Inquiry,Retail,Mobile App,fr,8,1,0,3.9,,385,0.823,0.8632,2026-04-04T14:19:00
CONT-7863DAA4,SESS-85B450D2,Returns & Refunds,Technology,Partner API,zh,1,1,0,3.9,,92,0.4021,0.6948,2026-04-04T08:22:50
CONT-E4D6D4F7,SESS-77C92C6A,Order Status,Technology,Partner API,en,13,1,0,,,501,0.7893,0.7957,2026-03-09T02:04:45
CONT-E21901A9,SESS-03601625,Account Management,Healthcare,Kiosk,de,7,1,0,,,445,0.7013,0.7605,2026-03-19T19:16:38
CONT-1F029345,SESS-07D09540,Loyalty Program,Financial Services,Web,fr,2,0,0,2.9,,123,0.5382,0.3893,2026-03-23T09:16:32
CONT-0292D77C,SESS-203E864F,Password Reset,Healthcare,Mobile App,fr,20,1,0,,,2276,0.8985,0.8394,2026-03-11T08:06:43
CONT-C43D01C8,SESS-45CCEBD7,Order Status,Travel,Mobile App,en,4,1,0,4.3,,79,0.485,0.752,2026-03-16T19:43:20
CONT-FFF34D05,SESS-78A100EF,Order Status,Healthcare,Partner API,en,16,1,0,,,381,0.8356,0.8142,2026-03-25T20:23:25
CONT-76880F9D,SESS-41270FCC,Order Status,Retail,Partner API,fr,2,1,0,2.0,,41,0.6338,0.6735,2026-03-07T15:09:34
CONT-3DA2E5AD,SESS-CEEA3B37,Loyalty Program,Technology,Web,en,12,1,0,,,704,0.6868,0.7547,2026-03-18T05:54:35
CONT-2DA0412E,SESS-6D97FEA8,Subscription Management,Healthcare,IVR,pt,5,0,0,,,261,0.4868,0.3747,2026-03-26T15:28:25
CONT-F813C05C,SESS-CCCC1ACE,Billing Inquiry,Retail,Partner API,en,4,1,0,4.5,,255,0.5774,0.801,2026-03-27T04:10:19
CONT-355135A8,SESS-87782F61,Order Status,Healthcare,Mobile App,en,5,1,0,4.3,,183,0.7475,0.857,2026-03-28T22:09:05
CONT-53AB19B0,SESS-3E2E0CF7,Billing Inquiry,Retail,IVR,fr,13,1,0,2.7,,618,0.7048,0.7439,2026-03-27T08:23:06
CONT-A27EF3B8,SESS-3F2F32DE,Returns & Refunds,Retail,Kiosk,en,8,1,0,2.2,,227,0.6401,0.688,2026-04-02T15:55:46
CONT-E502232A,SESS-13210493,Technical Troubleshooting,Financial Services,IVR,en,6,1,0,,,268,0.425,0.65,2026-03-28T13:35:52
CONT-32D47C07,SESS-639BE7FD,Loyalty Program,Travel,Partner API,es,16,1,0,1.9,,541,0.7775,0.725,2026-04-03T19:03:32
CONT-3D9B8BA5,SESS-BD1BE660,Billing Inquiry,Technology,IVR,en,6,1,0,3.6,,124,0.9313,0.8885,2026-03-08T11:06:24
CONT-F7E284D7,SESS-BA6ED87E,Returns & Refunds,Retail,Partner API,en,2,1,0,4.2,,191,0.451,0.7324,2026-03-24T01:06:57
CONT-67719A65,SESS-BEC48BA5,Billing Inquiry,Travel,Partner API,pt,8,0,0,,,807,0.6713,0.4485,2026-03-30T20:24:57
CONT-3CA68666,SESS-A1F623A5,Technical Troubleshooting,Travel,IVR,en,3,1,0,3.4,,172,0.6007,0.7443,2026-03-23T17:27:09
CONT-180921EE,SESS-BD806B4D,Order Status,Financial Services,Partner API,fr,3,1,0,5.0,,233,0.7812,0.9125,2026-04-04T03:21:29
CONT-6568AEF1,SESS-C6B9204D,Account Management,Technology,Mobile App,en,17,0,1,2.6,Billing-Ops,466,0.467,0.3428,2026-03-08T07:07:18
CONT-9C84AB83,SESS-653AB8D2,Loyalty Program,Retail,Kiosk,pt,17,0,1,,Billing-Ops,316,0.7376,0.475,2026-03-26T18:40:10
CONT-0049CD55,SESS-FBE290A6,Technical Troubleshooting,Technology,Partner API,en,17,1,0,4.7,,1071,0.8302,0.9141,2026-03-19T01:54:18
CONT-FEF5AA9E,SESS-01C4638B,Password Reset,Financial Services,Kiosk,ja,9,0,1,,Tier1-Support,374,0.4686,0.3674,2026-04-02T01:23:41
CONT-F0D81814,SESS-77087EC3,Returns & Refunds,Financial Services,Web,es,10,1,0,,,296,0.9305,0.8522,2026-03-16T18:13:36
CONT-241D77CF,SESS-CD53E66A,Subscription Management,Travel,Mobile App,es,17,1,0,4.8,,568,0.7287,0.8795,2026-03-15T08:41:00
CONT-A21053E1,SESS-81BECAD3,Technical Troubleshooting,Retail,IVR,es,18,1,0,,,421,0.7673,0.7869,2026-03-22T03:42:12
CONT-9A038902,SESS-A999ACE8,Returns & Refunds,Travel,Mobile App,en,15,1,0,,,509,0.9093,0.8437,2026-03-11T22:55:46
CONT-D0053274,SESS-03A630A7,Product Support,Healthcare,Partner API,en,18,1,0,,,1279,0.6009,0.7204,2026-03-26T12:51:41
CONT-69DC1146,SESS-8A1D60B8,Returns & Refunds,Retail,Kiosk,fr,20,1,0,2.0,,828,0.5898,0.6559,2026-03-29T16:48:24
CONT-64996B93,SESS-7082DC8E,Technical Troubleshooting,Financial Services,Mobile App,en,20,1,0,4.8,,381,0.5285,0.7994,2026-03-12T13:46:46
CONT-C9A7F2DA,SESS-8DB20518,General Inquiry,Financial Services,Web,en,3,1,0,,,151,0.7651,0.786,2026-03-13T23:17:09
CONT-072C6F63,SESS-DD6D5CE5,Loyalty Program,Healthcare,Kiosk,en,15,0,1,,Tier1-Support,733,0.6397,0.4359,2026-03-24T04:57:38
CONT-48B0FA09,SESS-407C68FC,Password Reset,Healthcare,Kiosk,es,2,1,0,,,156,0.7127,0.7651,2026-04-01T22:56:56
CONT-9A043A83,SESS-D08DBD99,Loyalty Program,Healthcare,Web,en,8,0,1,,Billing-Ops,545,0.3452,0.3181,2026-03-16T12:56:52
CONT-1A9DC80D,SESS-541D568A,General Inquiry,Healthcare,Partner API,en,5,1,0,,,21,0.7568,0.7827,2026-03-20T22:18:23
CONT-8A6FF16D,SESS-9961AF97,Loyalty Program,Travel,Web,en,1,1,0,4.2,,19,0.6575,0.815,2026-03-22T00:15:47
CONT-5F89BB3E,SESS-21603F17,Password Reset,Technology,Kiosk,en,4,1,0,,,149,1.0,0.88,2026-04-04T02:14:04
CONT-56569C5C,SESS-0964D931,Billing Inquiry,Retail,Web,en,15,1,0,3.6,,852,0.7332,0.8093,2026-03-10T20:37:22
CONT-072C6F63,SESS-52171349,Product Support,Travel,Partner API,fr,8,1,0,,,590,0.7737,0.7895,2026-03-19T03:44:17
CONT-6AD09BC4,SESS-36BA0F11,Loyalty Program,Retail,Web,en,16,0,1,3.8,Tech-Escalation,543,0.9143,0.5937,2026-03-25T16:45:45
CONT-DCD1B514,SESS-060ACFC8,Loyalty Program,Healthcare,Mobile App,fr,20,0,1,2.1,General-Service,459,0.7646,0.4318,2026-04-03T16:00:25
CONT-8FB4F9BC,SESS-0924B409,Account Management,Travel,Web,es,1,1,0,4.0,,17,0.7408,0.8363,2026-04-04T21:20:35
CONT-383D89DD,SESS-92B58EB6,Product Support,Financial Services,Partner API,es,13,1,0,,,652,1.0,0.88,2026-04-05T23:41:42
CONT-E9000E83,SESS-B1F28206,Subscription Management,Healthcare,Partner API,es,2,0,1,2.0,Billing-Ops,34,0.5798,0.3519,2026-03-27T04:38:09
CONT-9102C815,SESS-764D96FB,Technical Troubleshooting,Travel,IVR,pt,17,0,0,2.5,,1244,0.7671,0.4568,2026-03-27T09:04:51
CONT-E1A8A078,SESS-70FEF3D3,Subscription Management,Retail,Web,en,12,1,0,,,597,0.5088,0.6835,2026-03-12T19:57:17
CONT-E9F09257,SESS-D1210539,Loyalty Program,Travel,Partner API,en,8,0,0,,,250,0.949,0.5596,2026-04-02T02:54:28
CONT-B1A444B9,SESS-B3D8ABDF,Loyalty Program,Technology,Partner API,es,6,1,0,3.5,,260,0.7751,0.82,2026-03-09T11:33:16
CONT-84B89D0B,SESS-30679BC0,Order Status,Retail,IVR,en,18,0,1,1.7,Billing-Ops,750,0.4634,0.2874,2026-03-16T22:55:19
CONT-7C36ABA4,SESS-514676D4,General Inquiry,Technology,IVR,pt,13,0,0,,,1017,0.8006,0.5002,2026-03-10T06:56:53
CONT-30A70445,SESS-A3A5CA27,Loyalty Program,Retail,IVR,en,5,1,0,,,891,0.4969,0.6788,2026-03-15T02:10:36
CONT-0457B228,SESS-C599A9E6,General Inquiry,Healthcare,Mobile App,es,14,0,1,2.2,Billing-Ops,1025,0.4377,0.3071,2026-03-25T22:53:55
CONT-F3878700,SESS-349E0E45,Loyalty Program,Travel,Partner API,en,9,1,0,,,442,0.8953,0.8381,2026-03-11T07:02:51
CONT-A1EF07FB,SESS-5A34FBD2,General Inquiry,Financial Services,Mobile App,pt,12,1,0,2.4,,154,0.659,0.7076,2026-03-14T05:01:31
CONT-D2C66107,SESS-394F3F27,Order Status,Healthcare,IVR,es,17,1,0,,,542,0.5596,0.7038,2026-03-28T02:26:01
CONT-E296B4E3,SESS-07198A69,General Inquiry,Retail,Kiosk,en,18,1,0,,,1013,0.9241,0.8496,2026-03-14T06:16:51
CONT-39D6C32D,SESS-3D956481,Subscription Management,Retail,Kiosk,es,20,1,0,,,825,0.7411,0.7764,2026-04-05T14:22:36
CONT-8A5EFD86,SESS-3D53E17A,Billing Inquiry,Technology,IVR,en,6,1,0,,,287,0.7004,0.7602,2026-04-04T22:09:19
CONT-2F3DC9A4,SESS-89B423B1,Loyalty Program,Travel,Web,en,9,1,0,,,209,0.9217,0.8487,2026-03-10T10:45:34
CONT-ABFB3C50,SESS-ED302A5B,General Inquiry,Retail,IVR,es,17,1,0,2.2,,907,0.779,0.7436,2026-03-30T11:29:18
CONT-1BE96E87,SESS-5C64F464,General Inquiry,Healthcare,Web,de,19,1,0,,,523,0.6082,0.7233,2026-04-02T19:51:26
CONT-D57DE04F,SESS-6A2CE41E,Loyalty Program,Technology,Kiosk,es,1,1,0,1.7,,40,0.3932,0.5593,2026-03-08T00:56:25
CONT-2EF97BB9,SESS-17793F94,Account Management,Travel,Web,en,1,0,1,,Billing-Ops,16,0.5799,0.412,2026-03-22T14:55:28
CONT-360F1BC6,SESS-AA946F7C,Technical Troubleshooting,Financial Services,Partner API,en,12,1,0,4.0,,733,0.5694,0.7678,2026-03-27T11:16:44
CONT-0C128D34,SESS-928AD945,Account Management,Travel,Kiosk,en,20,1,0,,,485,0.5371,0.6948,2026-03-23T11:30:00
CONT-B368D1F6,SESS-69DA20D7,Loyalty Program,Retail,Mobile App,fr,13,1,0,,,442,0.6292,0.7317,2026-03-16T02:08:31
CONT-7A01B546,SESS-1A9B5C83,General Inquiry,Healthcare,IVR,es,1,0,1,,Tier1-Support,163,0.9109,0.5444,2026-03-26T02:02:55
CONT-8C5F677B,SESS-6D0E9007,Password Reset,Financial Services,Kiosk,es,14,0,1,2.9,General-Service,1157,0.9337,0.5475,2026-03-14T17:38:22
CONT-18E61FC8,SESS-F6CB3B02,Returns & Refunds,Travel,IVR,en,15,1,0,4.8,,368,0.4555,0.7702,2026-04-01T19:09:21
CONT-522CB634,SESS-D649DA80,Technical Troubleshooting,Technology,Mobile App,es,20,0,1,3.7,Tier1-Support,460,0.9669,0.6088,2026-03-27T06:30:12
CONT-0049CD55,SESS-37BF32A0,Returns & Refunds,Technology,Kiosk,es,3,1,0,4.6,,96,0.4497,0.7559,2026-03-13T12:50:14
CONT-8F2F06B2,SESS-A1C33358,Product Support,Financial Services,Mobile App,en,19,1,0,,,655,0.6523,0.7409,2026-03-19T02:19:48
CONT-D21F2B0F,SESS-71532A28,Subscription Management,Travel,Mobile App,pt,16,1,0,2.4,,840,0.7502,0.7441,2026-03-24T08:12:10
CONT-E18E39B1,SESS-B7D0A75E,Product Support,Healthcare,Partner API,en,11,1,0,2.4,,299,0.8371,0.7788,2026-03-27T16:33:26
CONT-25B8BD68,SESS-9BD1A37A,Subscription Management,Healthcare,Partner API,en,6,1,0,,,182,0.6687,0.7475,2026-03-31T18:22:05
CONT-4C8BF938,SESS-DDA943D0,Billing Inquiry,Financial Services,Web,en,6,1,0,,,404,0.5716,0.7086,2026-03-19T20:46:11
CONT-EBFB580C,SESS-0361E881,Order Status,Financial Services,Kiosk,en,17,1,0,3.5,,540,0.8183,0.8373,2026-03-31T16:42:21
CONT-7F8B9A1E,SESS-63E9C039,Returns & Refunds,Technology,Web,en,4,1,0,,,106,0.623,0.7292,2026-03-08T17:02:29
CONT-A4EACDEB,SESS-E5D4A8D8,Subscription Management,Financial Services,Mobile App,en,14,1,0,,,873,1.0,0.88,2026-03-12T03:23:14
CONT-E9BFC889,SESS-19E9A098,Billing Inquiry,Travel,Web,en,4,0,1,2.5,Tech-Escalation,257,0.7945,0.4678,2026-03-22T19:27:32
CONT-31F23454,SESS-0ADFCC83,Returns & Refunds,Financial Services,Mobile App,en,4,1,0,,,245,0.4854,0.6742,2026-03-14T08:48:47
CONT-784F7696,SESS-FC6B2CB5,Billing Inquiry,Travel,Partner API,en,15,1,0,,,718,0.694,0.7576,2026-03-07T06:46:03
CONT-1D79530C,SESS-430A4F56,Billing Inquiry,Technology,IVR,es,15,1,0,2.5,,813,0.7233,0.7393,2026-03-19T19:35:35
CONT-352925F3,SESS-90263952,General Inquiry,Retail,Partner API,en,20,0,0,,,1122,0.6377,0.4351,2026-03-27T04:14:21
CONT-3C69B329,SESS-26617059,Returns & Refunds,Technology,Kiosk,zh,7,1,0,,,324,0.4544,0.6618,2026-03-30T07:11:47
CONT-665DE30F,SESS-38319E13,Loyalty Program,Travel,Partner API,en,17,1,0,,,627,0.9782,0.8713,2026-03-11T09:39:05
CONT-D98272A5,SESS-DED83F01,Loyalty Program,Technology,IVR,en,11,1,0,,,595,0.6958,0.7583,2026-03-21T05:16:11
CONT-75400705,SESS-8898A850,Billing Inquiry,Travel,IVR,es,6,1,0,2.8,,836,0.4278,0.6391,2026-04-03T09:33:22
CONT-33F6BAE3,SESS-B95A7966,Account Management,Retail,Kiosk,en,3,0,1,,General-Service,68,1.0,0.58,2026-03-21T12:35:01
CONT-2712C571,SESS-FD701967,Product Support,Travel,Kiosk,pt,20,1,0,4.8,,919,0.6515,0.8486,2026-03-27T13:21:56
CONT-AA7D31FA,SESS-C0E1AF26,Technical Troubleshooting,Healthcare,Partner API,de,4,1,0,,,87,0.7895,0.7958,2026-03-11T09:24:08
CONT-839679A3,SESS-8ED5B1C0,Account Management,Technology,Partner API,en,7,0,1,2.4,Tech-Escalation,433,0.4811,0.3364,2026-03-12T07:07:33
CONT-FDF3AAFA,SESS-8AA4D70A,Order Status,Healthcare,Kiosk,en,6,0,1,1.2,Billing-Ops,246,0.6329,0.3252,2026-03-21T00:40:49
CONT-8A139577,SESS-FC868CFC,Technical Troubleshooting,Technology,Web,ja,13,1,0,2.9,,677,0.4761,0.6644,2026-03-17T01:56:34
CONT-5D4EE767,SESS-42173980,Billing Inquiry,Healthcare,Partner API,en,14,0,1,,Billing-Ops,1326,0.8832,0.5333,2026-03-11T20:04:55
CONT-661D10CC,SESS-C8BC33E6,Returns & Refunds,Retail,Mobile App,en,3,0,0,4.4,,107,0.6567,0.5267,2026-03-25T19:54:05
CONT-BEEDBF5C,SESS-C066131F,Returns & Refunds,Healthcare,Mobile App,en,14,0,1,4.0,Billing-Ops,576,0.5443,0.4577,2026-03-18T22:11:21
CONT-CB9E6681,SESS-BD7BDA96,Technical Troubleshooting,Technology,Kiosk,en,13,1,0,3.2,,445,0.6459,0.7504,2026-03-31T01:05:21
CONT-6DD64E83,SESS-E5FEBBCA,Product Support,Healthcare,Mobile App,en,3,1,0,3.9,,352,0.8893,0.8897,2026-03-24T00:56:57
CONT-A6A2FC29,SESS-758049AD,Billing Inquiry,Technology,Mobile App,es,13,1,0,,,1018,0.774,0.7896,2026-03-19T18:41:40
CONT-2FFD4540,SESS-820F61E8,Returns & Refunds,Travel,Kiosk,en,2,1,0,4.3,,45,0.6917,0.8347,2026-03-18T22:23:43
CONT-C91693EC,SESS-BB39D1C8,Returns & Refunds,Technology,Mobile App,de,9,0,0,2.4,,720,0.4483,0.3233,2026-03-18T12:18:27
CONT-8F2F06B2,SESS-1DF670C3,Subscription Management,Retail,Web,zh,20,0,0,4.7,,1309,1.0,0.682,2026-03-13T13:31:29
CONT-5C870A01,SESS-217EA05F,Technical Troubleshooting,Financial Services,Mobile App,en,17,1,0,2.7,,1436,0.9828,0.8551,2026-03-17T22:41:11
CONT-C3535C59,SESS-06EFCA73,Technical Troubleshooting,Healthcare,Kiosk,en,17,1,0,3.1,,866,0.8936,0.8434,2026-03-14T11:14:13
CONT-B7DAD708,SESS-0D404DF1,Returns & Refunds,Financial Services,Partner API,en,15,1,0,3.3,,435,0.8592,0.8417,2026-03-09T01:19:59
CONT-02B5DABA,SESS-8B0B66E3,Technical Troubleshooting,Healthcare,IVR,es,7,1,0,4.6,,463,0.758,0.8792,2026-03-07T03:50:32
CONT-1E075300,SESS-9D40B9C8,General Inquiry,Financial Services,IVR,es,1,1,0,,,98,0.5922,0.7169,2026-03-21T18:09:53
CONT-46BC6C71,SESS-7A76B348,Password Reset,Healthcare,Web,en,11,0,1,2.4,Tech-Escalation,439,0.7191,0.4316,2026-04-01T00:58:40
CONT-E8C2470E,SESS-486E8720,General Inquiry,Retail,IVR,en,13,1,0,4.2,,313,0.7454,0.8502,2026-03-13T11:02:14
CONT-5B9BB87C,SESS-1EC7D503,Order Status,Financial Services,Kiosk,en,9,0,0,,,143,0.9094,0.5438,2026-03-10T02:39:05
CONT-9359D941,SESS-2759AD69,Billing Inquiry,Retail,IVR,de,16,1,0,,,735,0.5958,0.7183,2026-03-18T22:54:03
CONT-9945776A,SESS-49E025F0,Order Status,Healthcare,Partner API,en,3,1,0,1.6,,81,0.6531,0.6572,2026-03-09T09:34:08
CONT-4A147ED5,SESS-8FB26498,Product Support,Travel,IVR,en,5,0,1,4.7,Tier1-Support,337,0.8095,0.6058,2026-03-20T02:04:14
CONT-FC3EC9B7,SESS-6201B8D3,Product Support,Healthcare,Kiosk,en,5,1,0,1.7,,146,0.5308,0.6143,2026-03-18T15:27:17
CONT-2985EF51,SESS-C86CA752,Product Support,Financial Services,Mobile App,fr,2,0,0,,,132,0.5555,0.4022,2026-04-01T13:19:52
CONT-D93F9CB4,SESS-27AD15F4,Product Support,Travel,Mobile App,en,8,1,0,4.3,,370,0.7248,0.8479,2026-04-03T12:48:22
CONT-5ACACB7B,SESS-D8251B4D,Order Status,Healthcare,Mobile App,fr,20,1,0,,,1078,0.8717,0.8287,2026-03-30T12:42:33
CONT-A0DAC9F6,SESS-F83941EF,Product Support,Travel,Kiosk,ja,17,1,0,4.2,,356,0.3178,0.6791,2026-03-20T21:04:13
CONT-6000AA54,SESS-9AD93022,Loyalty Program,Travel,IVR,en,12,0,0,,,381,1.0,0.58,2026-04-02T18:55:30
CONT-75400705,SESS-A02A4892,Account Management,Technology,Web,en,13,0,1,,Billing-Ops,1955,1.0,0.58,2026-03-30T13:14:45
CONT-9539F6EC,SESS-1F73E3DA,Billing Inquiry,Healthcare,IVR,en,6,1,0,4.7,,238,0.3436,0.7194,2026-03-16T14:27:42
CONT-EE656F37,SESS-800C4E55,Product Support,Travel,Mobile App,en,20,1,0,3.8,,219,0.5772,0.7589,2026-03-29T01:58:37
CONT-48496111,SESS-EB2E14C9,Loyalty Program,Financial Services,Kiosk,en,17,0,0,,,674,0.9601,0.564,2026-03-14T18:23:20
CONT-8F174F7A,SESS-E929AA34,Product Support,Financial Services,Partner API,de,7,1,0,1.8,,526,0.7455,0.7062,2026-03-22T19:09:18
CONT-FB7B0CD0,SESS-C520DF88,Product Support,Financial Services,Kiosk,es,1,1,0,1.1,,26,0.5078,0.5691,2026-04-04T04:48:02
CONT-D0053274,SESS-E8E4CA6F,Returns & Refunds,Retail,Web,zh,10,0,0,1.7,,520,0.8394,0.4378,2026-03-14T12:24:31
CONT-46BC6C71,SESS-C481A10C,Technical Troubleshooting,Technology,IVR,es,17,1,0,1.9,,961,0.4931,0.6112,2026-03-18T00:07:05
CONT-5D1F6B2C,SESS-9F584C9A,Technical Troubleshooting,Retail,Kiosk,en,6,1,0,1.8,,396,0.7852,0.7221,2026-03-29T06:52:03
CONT-4D5AF4AF,SESS-E1FF1DD3,Billing Inquiry,Healthcare,Mobile App,de,18,1,0,4.7,,423,0.5431,0.7992,2026-03-18T08:58:02
CONT-D4A7F8F0,SESS-82012502,Loyalty Program,Technology,Partner API,es,19,1,0,3.9,,1283,0.6531,0.7952,2026-04-05T14:00:49
CONT-DFA573F8,SESS-6393AD37,Technical Troubleshooting,Financial Services,Web,en,9,1,0,3.3,,1043,0.8002,0.8181,2026-03-09T20:58:05
CONT-E254A7FC,SESS-AFB7D88B,Product Support,Healthcare,IVR,en,6,1,0,1.1,,200,0.698,0.6452,2026-03-30T09:38:00
CONT-FF16BEB2,SESS-099E4790,Loyalty Program,Technology,Web,en,20,1,0,2.2,,928,0.5543,0.6537,2026-03-29T03:43:19
CONT-11706937,SESS-3E0DCA84,Password Reset,Healthcare,Mobile App,es,4,1,0,,,103,0.8403,0.8161,2026-03-24T19:16:29
CONT-709D1BF8,SESS-B69F15D6,Subscription Management,Healthcare,Web,en,13,1,0,1.6,,964,0.8208,0.7243,2026-03-07T00:47:14
CONT-7A7B0C0D,SESS-550594E1,Product Support,Healthcare,Mobile App,es,12,1,0,3.8,,1331,0.5916,0.7646,2026-03-12T00:21:26
CONT-7E36B9D0,SESS-88E3D2FC,Billing Inquiry,Retail,Kiosk,en,14,0,0,,,1708,0.5198,0.3879,2026-03-27T12:37:18
CONT-A5BBB22C,SESS-E7795A05,Subscription Management,Technology,IVR,ja,17,0,1,2.1,Tier1-Support,413,0.348,0.2652,2026-03-22T04:45:34
CONT-7475373D,SESS-7889BB7B,Subscription Management,Healthcare,IVR,en,7,1,0,,,239,0.5993,0.7197,2026-03-21T00:46:50
CONT-CBFDBA51,SESS-5CA1FA9D,Technical Troubleshooting,Financial Services,Mobile App,en,11,1,0,1.9,,674,0.7488,0.7135,2026-03-26T19:19:34
CONT-54EB4EBA,SESS-012E0114,Billing Inquiry,Healthcare,Mobile App,en,2,1,0,4.4,,43,0.6215,0.8126,2026-03-17T02:03:00
CONT-1756AFC1,SESS-D4BE8182,Billing Inquiry,Healthcare,Mobile App,ja,9,0,0,2.3,,321,0.3448,0.2759,2026-03-26T23:09:17
CONT-07B53AA1,SESS-D2EA74FD,Order Status,Retail,Partner API,ja,12,0,1,,Billing-Ops,297,0.5458,0.3983,2026-03-14T22:31:46
CONT-9175AA3E,SESS-77A02FF7,Product Support,Technology,Kiosk,en,10,1,0,2.7,,1056,0.7383,0.7573,2026-03-25T12:17:18
CONT-47A69FEA,SESS-D9120024,Returns & Refunds,Financial Services,Partner API,en,8,0,1,2.8,Tier1-Support,532,0.4003,0.3281,2026-03-08T22:21:44
CONT-561236A3,SESS-A5C6F315,Billing Inquiry,Retail,Web,en,10,1,0,,,915,0.9602,0.8641,2026-03-26T00:23:49
CONT-265CD145,SESS-9C09EC64,Returns & Refunds,Financial Services,Web,en,17,1,0,3.6,,229,0.5589,0.7396,2026-03-08T05:43:52
CONT-B6238665,SESS-66E6709D,Returns & Refunds,Travel,Web,fr,2,1,0,3.8,,120,0.8289,0.8596,2026-03-21T05:52:49
CONT-805EE297,SESS-8D5FFD4E,Product Support,Retail,Kiosk,en,7,0,1,,Tech-Escalation,208,0.6389,0.4356,2026-03-11T03:43:46
CONT-13868820,SESS-22BC837F,Billing Inquiry,Retail,IVR,en,9,1,0,,,281,0.7221,0.7688,2026-03-08T10:02:44
CONT-55B394AC,SESS-C53A33E9,Technical Troubleshooting,Healthcare,Web,en,12,1,0,3.2,,1100,0.5458,0.7103,2026-03-08T21:19:04
CONT-031F3205,SESS-799D67FF,Subscription Management,Retail,IVR,en,12,1,0,,,977,0.5437,0.6975,2026-03-19T20:36:22
CONT-871A0DB6,SESS-F90213E2,Order Status,Healthcare,Web,en,1,1,0,,,26,0.8637,0.8255,2026-03-13T09:18:48
CONT-F53A3B0C,SESS-941FCB13,Password Reset,Retail,Mobile App,en,8,1,0,,,621,0.8703,0.8281,2026-03-23T06:14:58
CONT-4FB99958,SESS-ECF833B9,Billing Inquiry,Retail,IVR,en,16,1,0,,,324,0.6068,0.7227,2026-03-24T22:49:50
CONT-DA4E67F3,SESS-DD7AFD0E,Order Status,Healthcare,Web,en,4,1,0,,,292,0.7083,0.7633,2026-03-22T19:22:14
CONT-F4D37CD8,SESS-E6657674,Returns & Refunds,Technology,Mobile App,pt,12,0,1,,Billing-Ops,281,0.7917,0.4967,2026-03-31T05:40:59
CONT-B660CA2B,SESS-EF18131E,Product Support,Financial Services,Web,en,11,1,0,5.0,,320,1.0,1.0,2026-03-22T13:51:11
CONT-2DC310C1,SESS-42707798,Product Support,Healthcare,Web,en,14,1,0,,,1581,0.8208,0.8083,2026-04-05T14:21:47
CONT-E60A79C7,SESS-EF2BD557,General Inquiry,Financial Services,Kiosk,fr,8,1,0,,,809,0.713,0.7652,2026-03-11T19:30:00
CONT-CB773050,SESS-1FD2C195,Account Management,Travel,Partner API,en,3,1,0,1.4,,212,0.9955,0.7822,2026-03-20T01:16:46
CONT-598FA4DE,SESS-95004083,Account Management,Retail,Partner API,es,17,0,1,2.8,Tier1-Support,880,0.649,0.4276,2026-04-04T12:10:26
CONT-63042C12,SESS-DAD63038,Product Support,Travel,Partner API,en,10,1,0,,,160,0.6834,0.7534,2026-04-04T16:44:52
CONT-4DBE01EF,SESS-74AA2663,Returns & Refunds,Travel,Mobile App,fr,9,1,0,,,659,0.8891,0.8356,2026-03-23T01:22:56
CONT-8019F275,SESS-76EFCAAE,Account Management,Financial Services,IVR,en,6,1,0,3.8,,362,0.5917,0.7647,2026-04-04T21:28:43
CONT-A6A2FC29,SESS-C77BA9B5,Subscription Management,Technology,Kiosk,en,3,0,0,3.3,,40,0.601,0.4384,2026-03-13T14:04:02
CONT-1FD4F1FC,SESS-06C54939,Password Reset,Financial Services,Kiosk,en,14,1,0,3.1,,521,0.6374,0.741,2026-03-25T17:02:22
CONT-708249C8,SESS-4BBF919D,Password Reset,Travel,Web,en,1,1,0,2.0,,64,1.0,0.82,2026-03-09T14:41:27
CONT-9A4C0FEA,SESS-57D6659E,General Inquiry,Financial Services,Kiosk,en,8,0,1,2.8,Billing-Ops,385,0.6567,0.4307,2026-03-09T15:48:10
CONT-82D46098,SESS-6A6C23D1,Product Support,Financial Services,IVR,en,13,1,0,,,497,0.7249,0.77,2026-03-28T15:52:48
CONT-E679AFDB,SESS-7FA2B7C7,Product Support,Travel,Kiosk,es,5,1,0,2.6,,135,0.724,0.7456,2026-04-03T07:04:19
CONT-4DBE01EF,SESS-876C1798,Subscription Management,Travel,IVR,fr,3,1,0,,,175,0.7419,0.7768,2026-03-20T03:35:04
CONT-37928E88,SESS-B5B850A4,Order Status,Travel,Web,es,6,1,0,5.0,,352,0.7867,0.9147,2026-03-25T23:38:29
CONT-BA545D17,SESS-A22F75ED,Order Status,Technology,Web,fr,14,0,1,,Tech-Escalation,216,0.8274,0.511,2026-03-09T03:18:52
CONT-0A004048,SESS-CB0D287E,Subscription Management,Technology,IVR,en,11,1,0,1.1,,328,0.4808,0.5583,2026-03-08T19:00:45
CONT-9FAA0D68,SESS-852B38F6,Account Management,Travel,Web,en,2,1,0,2.4,,46,0.7867,0.7587,2026-04-04T16:01:43
CONT-1BE5F2AE,SESS-D7EA4226,Loyalty Program,Retail,Kiosk,zh,12,1,0,2.2,,469,0.3636,0.5774,2026-03-10T18:40:51
CONT-A40FBA90,SESS-49721DD5,General Inquiry,Healthcare,Web,de,9,0,0,,,535,0.4121,0.3448,2026-03-07T14:58:23
CONT-1FD4F1FC,SESS-70E56864,Product Support,Travel,Partner API,es,2,1,0,,,97,0.7477,0.7791,2026-03-12T17:04:22
CONT-D38BF37F,SESS-196B5029,Loyalty Program,Retail,Kiosk,es,18,0,1,,Tier1-Support,1368,1.0,0.58,2026-03-18T12:08:12
CONT-31765127,SESS-A0158DC1,Billing Inquiry,Technology,IVR,en,3,1,0,2.7,,59,0.6895,0.7378,2026-03-23T03:47:13
CONT-834B0D71,SESS-CF3BC1C9,Account Management,Retail,Kiosk,en,16,1,0,4.0,,605,0.7867,0.8547,2026-03-12T02:35:07
CONT-12B50FCB,SESS-D29AD52A,Password Reset,Healthcare,Mobile App,ja,20,1,0,2.0,,1017,0.6295,0.6718,2026-04-03T03:13:17
CONT-CB4536C2,SESS-B5BF2491,Account Management,Financial Services,Partner API,en,14,1,0,2.8,,480,0.4767,0.6587,2026-03-24T11:30:36
CONT-D7F4AA2A,SESS-587E8719,Password Reset,Healthcare,Mobile App,fr,11,1,0,2.0,,889,0.7918,0.7367,2026-03-30T23:19:17
CONT-FEF5AA9E,SESS-86B54C1F,Order Status,Travel,Mobile App,en,17,0,0,4.1,,1318,0.6379,0.5012,2026-03-08T06:01:27
CONT-D4A7F8F0,SESS-FFAA86D8,Password Reset,Travel,Web,de,4,0,1,1.0,Billing-Ops,120,0.4843,0.2537,2026-03-18T14:50:36
CONT-F17A1D7A,SESS-D404C0C6,Billing Inquiry,Technology,Web,en,20,0,1,3.1,Tech-Escalation,1108,0.492,0.3828,2026-03-12T12:33:09
CONT-D882D7CC,SESS-334377C3,Subscription Management,Retail,Partner API,en,13,1,0,,,1761,0.4385,0.6554,2026-04-05T02:08:45
CONT-5150F456,SESS-3AD1732C,Returns & Refunds,Financial Services,Partner API,en,13,1,0,,,684,1.0,0.88,2026-03-13T20:38:17
CONT-DFEE0F80,SESS-6DD3D3A4,Product Support,Technology,IVR,en,4,0,0,4.4,,256,0.7351,0.558,2026-03-08T19:48:38
CONT-18133EEF,SESS-1B783C38,Subscription Management,Retail,Mobile App,en,10,1,0,,,250,0.4236,0.6494,2026-03-23T01:44:59
CONT-BED647CE,SESS-8047701D,Product Support,Retail,Partner API,en,13,1,0,4.6,,922,1.0,0.976,2026-04-03T23:14:29
CONT-FA91AFEB,SESS-8A1BD1DC,Order Status,Travel,IVR,zh,12,0,1,,Tier1-Support,412,0.4722,0.3689,2026-03-15T13:19:02
CONT-CC4FC211,SESS-D0D4AB5F,Loyalty Program,Healthcare,Partner API,en,3,1,0,,,30,0.5038,0.6815,2026-03-19T09:06:57
CONT-9721F2DB,SESS-DB820AE4,Order Status,Technology,Mobile App,en,2,1,0,3.0,,83,1.0,0.88,2026-03-28T06:43:21
CONT-9FAA0D68,SESS-8E5D26D7,Order Status,Technology,Partner API,en,13,1,0,,,870,0.761,0.7844,2026-03-17T13:46:31
CONT-8499AEDD,SESS-A4458267,Returns & Refunds,Financial Services,Partner API,en,6,1,0,3.6,,210,0.5834,0.7494,2026-04-02T01:54:22
CONT-7E36B9D0,SESS-A92BA96B,Technical Troubleshooting,Financial Services,Mobile App,en,3,1,0,4.6,,311,0.7401,0.872,2026-03-14T18:00:16
CONT-CA1B35CD,SESS-BF1F619A,Subscription Management,Technology,IVR,es,17,1,0,,,215,0.5653,0.7061,2026-03-11T07:15:18
CONT-948EE7A5,SESS-ADCBD42C,Subscription Management,Technology,Kiosk,en,20,1,0,3.8,,534,0.5907,0.7643,2026-03-13T06:48:08
CONT-8955E460,SESS-36350F91,Technical Troubleshooting,Technology,Kiosk,en,19,0,1,,Tier1-Support,1190,0.6785,0.4514,2026-03-21T14:09:29
CONT-18370923,SESS-2BEA6DA4,Returns & Refunds,Healthcare,Web,es,19,1,0,,,811,0.9627,0.8651,2026-03-16T15:15:19
CONT-7A7B0C0D,SESS-B1DE6DD1,Returns & Refunds,Technology,IVR,es,1,1,0,2.2,,29,1.0,0.832,2026-04-01T18:43:37
CONT-0A004048,SESS-7F31A4EC,Account Management,Financial Services,Partner API,es,11,1,0,,,328,0.7178,0.7671,2026-04-02T23:39:44
CONT-31FC9B33,SESS-4BD846AD,Order Status,Retail,Kiosk,es,7,0,0,4.2,,264,0.7247,0.5419,2026-03-12T01:38:24
CONT-371B993C,SESS-26D85FF6,Account Management,Healthcare,Partner API,es,17,1,0,,,992,0.7868,0.7947,2026-03-24T10:09:52
CONT-2712C571,SESS-1598B535,Loyalty Program,Financial Services,Mobile App,pt,9,1,0,,,256,0.4754,0.6702,2026-04-05T10:14:58
CONT-F1FB42B5,SESS-8ACFA069,Product Support,Travel,Kiosk,en,3,1,0,,,602,0.6032,0.7213,2026-03-31T02:05:03
CONT-DA09AC79,SESS-4B2964A5,Loyalty Program,Retail,Kiosk,es,10,0,0,4.7,,680,0.3785,0.4334,2026-03-17T19:05:02
CONT-573408E8,SESS-9ACD8218,Product Support,Retail,Mobile App,en,2,1,0,2.8,,75,0.6746,0.7378,2026-03-27T18:25:36
CONT-BC6BCCB9,SESS-85811A7B,Password Reset,Healthcare,Kiosk,en,11,0,1,4.6,General-Service,653,0.1555,0.3382,2026-03-09T21:29:46
CONT-183AC109,SESS-D11975DB,Order Status,Technology,IVR,en,13,0,0,,,642,0.4701,0.368,2026-03-20T15:12:11
CONT-218EC7E1,SESS-964DF978,Technical Troubleshooting,Retail,IVR,es,5,1,0,,,271,0.4927,0.6771,2026-03-10T03:01:11
CONT-15E91EA3,SESS-04B29A21,Returns & Refunds,Travel,Mobile App,pt,9,1,0,,,240,0.6453,0.7381,2026-04-02T11:45:35
CONT-196571BE,SESS-654A985C,Billing Inquiry,Technology,Partner API,en,15,1,0,2.9,,356,0.6049,0.716,2026-03-09T22:06:24
CONT-D38BF37F,SESS-F182DFAE,Subscription Management,Retail,Kiosk,de,13,0,1,,Tier1-Support,283,0.3334,0.3134,2026-04-04T21:46:06
CONT-376EBA00,SESS-B7FDCEEB,Returns & Refunds,Retail,Web,en,19,0,1,1.8,Tech-Escalation,1564,0.4408,0.2843,2026-04-05T03:38:42
CONT-65299E98,SESS-6CD72704,Subscription Management,Financial Services,IVR,en,18,1,0,2.3,,722,0.8506,0.7782,2026-03-07T00:10:18
CONT-31765127,SESS-42436533,Order Status,Healthcare,IVR,fr,10,1,0,2.8,,309,0.535,0.682,2026-03-07T07:35:02
CONT-31169D6C,SESS-99EB9C3E,Product Support,Travel,Mobile App,en,12,1,0,2.7,,614,0.9236,0.8314,2026-03-23T14:15:58
CONT-C95B5F94,SESS-6D213CE0,General Inquiry,Financial Services,IVR,en,13,0,0,,,288,0.67,0.448,2026-03-19T13:07:30
CONT-94A15F1C,SESS-7F1CEB49,Order Status,Healthcare,Partner API,es,17,1,0,2.0,,268,0.6214,0.6686,2026-03-28T19:03:14
CONT-AFA70D65,SESS-D327A4C6,General Inquiry,Healthcare,Kiosk,en,10,1,0,,,456,0.5291,0.6916,2026-03-09T09:11:57
CONT-384EE088,SESS-9308657B,General Inquiry,Healthcare,IVR,en,9,1,0,2.6,,305,0.4184,0.6234,2026-03-31T11:35:01
CONT-64649E09,SESS-A9932F45,Order Status,Travel,Web,en,18,1,0,4.1,,842,0.9111,0.9104,2026-04-05T10:50:03
CONT-6D100E9B,SESS-9DD86946,Password Reset,Retail,Kiosk,de,17,1,0,1.6,,393,0.5755,0.6262,2026-04-01T05:13:21
CONT-AF638CF5,SESS-EE41E3A7,Billing Inquiry,Healthcare,Partner API,en,9,0,0,3.8,,543,0.9424,0.605,2026-03-29T15:06:08
CONT-1395DFC8,SESS-633B8AA8,Order Status,Travel,Kiosk,en,6,1,0,,,109,0.6662,0.7465,2026-04-05T20:51:56
CONT-E3E0671B,SESS-77EA5E27,Returns & Refunds,Travel,Web,en,14,1,0,,,741,0.6796,0.7518,2026-04-03T02:04:54
CONT-4A79D131,SESS-DA23D349,General Inquiry,Retail,Partner API,es,13,0,1,,Billing-Ops,131,0.8002,0.5001,2026-03-30T16:08:29
CONT-8F174F7A,SESS-923D398C,Returns & Refunds,Technology,IVR,en,12,1,0,2.9,,1334,0.7233,0.7633,2026-04-02T01:40:11
CONT-240FBB65,SESS-6B14F666,Technical Troubleshooting,Technology,Web,de,13,0,1,,General-Service,313,0.5974,0.419,2026-03-11T03:58:05
CONT-22F49DD0,SESS-7B9A4351,Loyalty Program,Technology,Mobile App,en,1,1,0,4.6,,129,0.882,0.9288,2026-04-03T15:07:32
CONT-3E76FC10,SESS-89F87101,Billing Inquiry,Technology,IVR,en,4,1,0,,,262,0.7713,0.7885,2026-03-26T06:40:16
CONT-03614F35,SESS-B3FDD5F9,Loyalty Program,Travel,Partner API,es,14,1,0,1.7,,420,0.6599,0.666,2026-03-10T16:32:33
CONT-54BEC99E,SESS-ED8A427B,Product Support,Financial Services,Kiosk,en,6,0,1,4.6,General-Service,255,0.8099,0.6,2026-03-28T08:35:27
CONT-D451228D,SESS-40544ADA,Password Reset,Retail,IVR,de,3,1,0,3.3,,331,0.9237,0.8675,2026-03-29T08:14:05
CONT-F72C7C84,SESS-9FEEECF1,Product Support,Healthcare,IVR,en,6,0,0,,,114,0.7448,0.4779,2026-03-31T09:45:08
CONT-546D6D27,SESS-5AFFC7D6,Account Management,Travel,Mobile App,en,3,0,1,,Tech-Escalation,208,0.8238,0.5095,2026-03-13T05:48:09
CONT-6EAE0CBD,SESS-7C0FBB8F,Password Reset,Retail,Web,en,11,1,0,,,337,1.0,0.88,2026-03-15T18:34:06
CONT-2C9AEBC1,SESS-0D0BC9D0,Loyalty Program,Retail,Partner API,en,15,0,1,,Tier1-Support,311,0.4834,0.3734,2026-03-28T02:33:39
CONT-DFEE8563,SESS-BDD4CA27,Password Reset,Technology,Partner API,en,4,0,1,,Tech-Escalation,205,1.0,0.58,2026-03-22T04:20:17
CONT-DF86C870,SESS-34F10266,Loyalty Program,Financial Services,Mobile App,en,10,0,0,,,270,0.6468,0.4387,2026-03-17T19:42:05
CONT-F7E9CBF4,SESS-2F40B982,Order Status,Financial Services,Mobile App,fr,3,0,0,3.8,,255,0.6964,0.5066,2026-03-28T21:37:55
CONT-1102BEA4,SESS-53C7C0EC,General Inquiry,Retail,Kiosk,en,20,1,0,4.4,,731,0.8131,0.8892,2026-03-28T19:07:37
CONT-EEE7D297,SESS-62A0EEC0,Account Management,Financial Services,Web,es,16,0,1,1.5,Billing-Ops,842,0.9061,0.4524,2026-03-16T01:25:00
CONT-EFE14AFF,SESS-D2CA18FA,Billing Inquiry,Healthcare,Mobile App,en,12,1,0,1.8,,1164,0.7614,0.7126,2026-03-26T05:25:57
CONT-D0A0D651,SESS-C0CA817E,Password Reset,Travel,Partner API,en,8,1,0,,,426,0.7428,0.7771,2026-03-27T08:35:09
CONT-CC799AD9,SESS-6F5F7C9C,Returns & Refunds,Healthcare,Kiosk,ja,17,1,0,,,1019,0.711,0.7644,2026-03-26T14:28:02
CONT-D0D12F5C,SESS-0B2A32F6,Product Support,Technology,IVR,fr,19,0,0,4.1,,849,0.9393,0.6217,2026-03-20T08:06:41
CONT-9B245002,SESS-2FFD5379,General Inquiry,Healthcare,Mobile App,es,5,1,0,,,555,0.3985,0.6394,2026-03-15T11:47:46
CONT-97D82E62,SESS-6EBA3884,Password Reset,Healthcare,Mobile App,es,11,0,1,4.6,Tier1-Support,494,0.5623,0.5009,2026-04-03T22:54:55
CONT-8A1BAD63,SESS-DC6F8C1A,Order Status,Travel,IVR,en,4,0,1,,Billing-Ops,148,0.7805,0.4922,2026-04-04T17:46:58
CONT-DE4F77CB,SESS-F9E439FF,Loyalty Program,Financial Services,Partner API,fr,20,1,0,1.4,,1335,0.6776,0.655,2026-03-07T03:00:16
CONT-4D839842,SESS-E3977689,Technical Troubleshooting,Travel,Kiosk,pt,16,1,0,,,226,0.507,0.6828,2026-04-03T03:03:43
CONT-73F10C4C,SESS-84DD81A8,Account Management,Technology,Partner API,en,8,0,1,1.0,Tech-Escalation,612,0.1519,0.1208,2026-03-20T02:40:41
CONT-4D9A6369,SESS-C08F234E,Subscription Management,Travel,Web,en,7,0,1,,Billing-Ops,638,0.8042,0.5017,2026-03-27T05:00:35
CONT-0AAF1D30,SESS-CE913348,Technical Troubleshooting,Technology,Kiosk,en,4,1,0,,,393,0.6603,0.7441,2026-03-23T16:49:37
CONT-CF9F00E0,SESS-B191F9CB,General Inquiry,Healthcare,Partner API,es,20,0,0,3.4,,259,0.7861,0.5184,2026-03-12T05:33:11
CONT-CE385FC6,SESS-EA65988A,Subscription Management,Travel,Web,es,3,0,0,2.7,,288,0.8849,0.516,2026-04-03T14:54:47
CONT-7D9DCD41,SESS-EE8FC00E,Account Management,Healthcare,Partner API,en,7,1,0,,,210,0.7174,0.767,2026-04-03T16:07:22
CONT-A4BE3E94,SESS-2557047E,Billing Inquiry,Technology,Partner API,en,3,1,0,3.6,,97,0.5361,0.7304,2026-03-27T05:05:11
CONT-56EF5DC0,SESS-558CD21B,General Inquiry,Technology,Kiosk,en,10,1,0,1.8,,792,0.4605,0.5922,2026-03-19T22:47:20
CONT-07752F8F,SESS-1C438DE7,Password Reset,Financial Services,Mobile App,en,19,1,0,2.5,,496,0.4792,0.6417,2026-03-23T06:02:02
CONT-8FD213EE,SESS-E4F8C5AD,Account Management,Healthcare,Mobile App,en,12,1,0,4.7,,219,0.7293,0.8737,2026-04-03T05:08:12
CONT-EC8CC18F,SESS-EC5AE5F8,Loyalty Program,Travel,Web,de,10,1,0,2.1,,897,0.663,0.6912,2026-03-20T09:53:02
CONT-37DF13CE,SESS-5F42DE3C,Technical Troubleshooting,Healthcare,Kiosk,zh,4,1,0,1.8,,72,0.868,0.7552,2026-03-20T17:30:10
CONT-9576B18E,SESS-A7EEB774,Technical Troubleshooting,Technology,Kiosk,en,19,0,0,,,2335,0.5708,0.4083,2026-03-07T01:42:45
CONT-22F49DD0,SESS-BA351CBC,Loyalty Program,Travel,Web,es,13,1,0,3.5,,436,0.8031,0.8312,2026-03-24T11:44:44
CONT-6A995B0D,SESS-71502260,Billing Inquiry,Travel,Kiosk,es,13,1,0,2.0,,1537,0.596,0.6584,2026-03-16T04:21:30
CONT-265CD145,SESS-6CCB7D1B,Returns & Refunds,Financial Services,Partner API,en,17,1,0,4.9,,341,0.8263,0.9245,2026-03-22T20:28:21
CONT-7BD823DA,SESS-579CE8D4,Loyalty Program,Healthcare,IVR,en,7,1,0,3.2,,505,0.7012,0.7725,2026-03-16T07:22:47
CONT-1756AFC1,SESS-81FC6E18,Account Management,Financial Services,IVR,en,3,0,0,3.2,,95,0.8989,0.5516,2026-04-03T12:27:11
CONT-7E510E15,SESS-35BFCAFD,Returns & Refunds,Travel,Kiosk,en,2,1,0,4.8,,122,0.5463,0.8065,2026-03-10T18:27:34
CONT-67EF7131,SESS-1EF2AB7B,Order Status,Healthcare,Web,es,12,1,0,,,552,0.4297,0.6519,2026-03-20T07:00:01
CONT-3FB5E4DE,SESS-BA9CF8A3,Technical Troubleshooting,Retail,Web,en,8,1,0,1.3,,539,0.6476,0.637,2026-03-08T15:00:31
CONT-FC3EC9B7,SESS-CFB345EB,Account Management,Healthcare,Partner API,fr,10,1,0,,,344,0.6934,0.7574,2026-03-13T13:28:39
CONT-2D885172,SESS-E4E04A9C,Order Status,Healthcare,Partner API,pt,1,1,0,3.7,,45,0.879,0.8736,2026-03-15T00:43:14
CONT-AFFFB1F9,SESS-43D47794,Technical Troubleshooting,Financial Services,Partner API,en,11,1,0,,,701,0.6687,0.7475,2026-03-20T04:23:52
CONT-ED212692,SESS-2C1F0638,Billing Inquiry,Financial Services,Partner API,en,2,0,1,3.6,Tier1-Support,141,0.7801,0.528,2026-03-23T04:21:14
CONT-24EB9F96,SESS-C30E8EA3,General Inquiry,Healthcare,Web,en,14,0,0,3.1,,484,0.6751,0.456,2026-03-18T08:50:27
CONT-517FA6EE,SESS-5D21D284,Returns & Refunds,Retail,Partner API,en,11,1,0,,,449,0.8011,0.8004,2026-03-26T23:13:47
CONT-FD5B7F3F,SESS-29D0494B,Billing Inquiry,Financial Services,Web,en,14,1,0,3.1,,502,0.6219,0.7348,2026-03-09T22:18:37
CONT-37928E88,SESS-E207EB61,Billing Inquiry,Retail,Mobile App,es,8,1,0,,,1165,0.8879,0.8352,2026-03-27T09:03:46
CONT-CA34F343,SESS-158F656B,General Inquiry,Technology,Kiosk,zh,13,1,0,1.7,,368,0.8142,0.7277,2026-04-02T14:52:36
CONT-C8F9A39F,SESS-6FFD1A32,Order Status,Technology,Partner API,en,10,0,0,1.7,,479,0.7783,0.4133,2026-03-31T12:43:30
CONT-666A84A9,SESS-13225AA0,Password Reset,Healthcare,Partner API,es,11,1,0,5.0,,533,0.9379,0.9752,2026-04-03T17:43:50
CONT-182EAA99,SESS-E5AA9371,Account Management,Healthcare,Partner API,en,20,1,0,4.9,,1100,0.6876,0.869,2026-03-14T20:31:23
CONT-6F44D9E7,SESS-A313E77E,Billing Inquiry,Technology,Partner API,en,5,1,0,,,417,0.7467,0.7787,2026-03-15T16:41:55
CONT-792C90DB,SESS-0C74FC82,Account Management,Travel,IVR,en,10,1,0,,,480,0.7628,0.7851,2026-03-09T10:43:58
CONT-66871CBA,SESS-E9683526,Technical Troubleshooting,Travel,Web,ja,12,1,0,3.3,,507,0.7018,0.7787,2026-03-11T01:57:22
CONT-DDF1E516,SESS-84C243F4,Technical Troubleshooting,Healthcare,Web,en,19,1,0,2.5,,597,0.5498,0.6699,2026-03-27T14:12:01
CONT-6BF2F517,SESS-7C0C3D9A,Order Status,Healthcare,Mobile App,en,16,0,1,,General-Service,392,0.4216,0.3486,2026-03-15T07:53:38
CONT-2351A2FE,SESS-B1098621,Loyalty Program,Retail,Mobile App,en,5,1,0,2.8,,131,0.6651,0.734,2026-03-15T08:47:11
CONT-81CB18D0,SESS-FCB6A06E,Technical Troubleshooting,Retail,Mobile App,es,5,0,1,3.1,Tier1-Support,237,0.6457,0.4443,2026-03-18T20:32:34
CONT-B3E699C8,SESS-C05681F6,Returns & Refunds,Healthcare,IVR,en,12,0,0,2.1,,130,1.0,0.526,2026-03-10T04:07:46
CONT-D77DB9E3,SESS-891E26B9,Account Management,Retail,Web,en,3,1,0,,,257,0.7892,0.7957,2026-03-21T22:10:57
CONT-D23F120B,SESS-1E826C7A,Billing Inquiry,Healthcare,Mobile App,en,16,1,0,1.1,,2246,0.5045,0.5678,2026-03-25T00:36:23
CONT-8CD76F38,SESS-59F8C685,General Inquiry,Financial Services,Mobile App,ja,16,0,1,,Tech-Escalation,2219,0.507,0.3828,2026-04-03T08:21:56
CONT-B5AA3CDC,SESS-7A162C7F,Subscription Management,Travel,IVR,es,17,1,0,2.4,,876,0.4452,0.6221,2026-04-04T17:19:21
CONT-3EC71A6E,SESS-C702B754,Returns & Refunds,Retail,Web,en,1,1,0,4.1,,45,0.7772,0.8569,2026-03-25T11:05:44
CONT-A1034A2B,SESS-425A5B03,Product Support,Technology,IVR,en,19,1,0,,,774,0.8428,0.8171,2026-03-08T22:40:21
CONT-0C0677F1,SESS-6AAE1A86,Billing Inquiry,Retail,Partner API,de,16,1,0,4.1,,758,0.5955,0.7842,2026-03-15T22:23:31
CONT-FA7BC49D,SESS-341DFF8A,Account Management,Retail,Web,en,16,1,0,3.9,,509,0.8622,0.8789,2026-03-13T21:53:42
CONT-7D9DCD41,SESS-F52B1E39,Technical Troubleshooting,Travel,Mobile App,en,5,0,1,1.9,Tier1-Support,150,0.8831,0.4672,2026-03-26T17:21:08
CONT-B660CA2B,SESS-72F8684C,Subscription Management,Technology,Partner API,de,16,1,0,,,1489,0.3663,0.6265,2026-03-27T01:32:59
CONT-41007A83,SESS-C1580AE1,Password Reset,Retail,IVR,en,20,1,0,3.3,,1764,1.0,0.898,2026-03-10T07:09:31
CONT-FB710219,SESS-F16E5E5A,Billing Inquiry,Retail,Kiosk,en,15,0,1,3.0,Tech-Escalation,779,0.8198,0.5079,2026-03-24T21:51:22
CONT-76320956,SESS-07180DE5,Subscription Management,Retail,Mobile App,en,5,0,1,2.2,Tech-Escalation,416,0.6449,0.39,2026-03-25T06:27:09
CONT-39432F52,SESS-074EB80F,General Inquiry,Financial Services,IVR,en,9,1,0,2.4,,448,0.4372,0.6189,2026-03-08T06:04:01
CONT-ED395817,SESS-BD1FB564,Account Management,Healthcare,IVR,es,3,1,0,3.0,,145,0.7996,0.7998,2026-03-19T12:47:20
CONT-9D77FF72,SESS-90AC0DA1,Returns & Refunds,Healthcare,Web,en,16,1,0,3.4,,974,0.9131,0.8692,2026-03-15T06:02:49
CONT-FD62163C,SESS-FDE0FF36,Returns & Refunds,Financial Services,IVR,es,7,1,0,,,196,0.5935,0.7174,2026-03-09T12:46:15
CONT-7F8B9A1E,SESS-20B58CE7,Returns & Refunds,Travel,IVR,fr,15,0,1,,Tier1-Support,2090,0.6699,0.448,2026-04-01T12:55:48
CONT-8345279A,SESS-94B36E30,Password Reset,Technology,Mobile App,en,15,1,0,2.8,,756,0.6866,0.7426,2026-04-01T03:22:27
CONT-39432F52,SESS-318A7BAD,Returns & Refunds,Healthcare,Mobile App,en,8,1,0,,,218,1.0,0.88,2026-03-11T23:14:25
CONT-A0E83BAB,SESS-2D7FC995,Loyalty Program,Travel,Web,en,16,1,0,,,521,0.4745,0.6698,2026-03-17T08:53:19
CONT-778CEBFE,SESS-16EDDE7C,Technical Troubleshooting,Healthcare,Kiosk,en,15,1,0,1.1,,511,0.2997,0.4859,2026-03-29T08:16:03
CONT-3494CE78,SESS-DD222CBB,Account Management,Technology,IVR,es,10,1,0,,,302,0.5064,0.6826,2026-03-17T05:13:06
CONT-3E72516F,SESS-E6FFD742,Account Management,Retail,IVR,en,9,0,1,3.4,Tier1-Support,582,0.5653,0.4301,2026-03-15T21:43:15
CONT-63B2BE4A,SESS-8F4D3BF0,Loyalty Program,Healthcare,IVR,en,5,1,0,,,380,0.9797,0.8719,2026-03-23T14:22:37
CONT-D11E127D,SESS-9BFF6E06,Product Support,Healthcare,Web,en,10,1,0,,,714,0.6569,0.7428,2026-03-22T13:39:44
CONT-7E977441,SESS-5E931020,Subscription Management,Healthcare,Mobile App,fr,9,0,0,1.5,,437,0.395,0.248,2026-03-14T11:20:25
CONT-789CC026,SESS-E55609E2,Product Support,Financial Services,Web,en,1,1,0,2.6,,41,0.5279,0.6672,2026-03-29T05:09:12
CONT-7797177D,SESS-8A0C5478,Subscription Management,Healthcare,Mobile App,es,4,1,0,2.7,,271,1.0,0.862,2026-03-26T23:04:46
CONT-22A8C560,SESS-2A32CE5C,Order Status,Technology,Mobile App,en,2,1,0,4.9,,120,0.3018,0.7147,2026-04-03T19:32:02
CONT-8C1FF59B,SESS-BD842C3D,Subscription Management,Travel,Mobile App,fr,2,1,0,,,71,0.7245,0.7698,2026-03-23T20:43:13
CONT-D6D3B140,SESS-BC29957F,Subscription Management,Travel,IVR,ja,4,1,0,2.3,,188,0.5538,0.6595,2026-04-02T06:19:12
CONT-AF96AF85,SESS-82184899,Returns & Refunds,Healthcare,Kiosk,en,13,1,0,1.3,,673,0.4515,0.5586,2026-03-08T07:45:07
CONT-55B394AC,SESS-B6C0B67C,Account Management,Financial Services,Web,en,13,1,0,2.2,,329,0.8292,0.7637,2026-03-26T23:55:27
CONT-6E1293C4,SESS-8C19507B,Order Status,Financial Services,Web,de,4,1,0,2.3,,97,0.8076,0.761,2026-04-05T05:43:34
CONT-AB10F938,SESS-A64D29F8,Password Reset,Travel,Mobile App,ja,14,0,1,,Tier1-Support,275,1.0,0.58,2026-03-20T03:17:05
CONT-7DC4E7E8,SESS-9D0B0428,Order Status,Healthcare,Mobile App,en,16,1,0,1.9,,449,0.6553,0.6761,2026-03-09T04:43:13
CONT-708249C8,SESS-D562E59D,Password Reset,Financial Services,Mobile App,en,15,1,0,3.4,,817,0.5869,0.7388,2026-03-23T03:21:36
CONT-5129B72E,SESS-9B2DDAE9,General Inquiry,Financial Services,IVR,en,10,0,1,,General-Service,487,0.8151,0.506,2026-03-26T00:34:26
CONT-6F607AF5,SESS-B523C648,Password Reset,Travel,IVR,pt,17,1,0,1.5,,1352,0.8583,0.7333,2026-03-10T02:15:44
CONT-DB4A7617,SESS-56EDD852,Order Status,Retail,Kiosk,en,19,0,0,,,766,0.6707,0.4483,2026-03-14T23:32:18
CONT-D5985611,SESS-7C71197E,Order Status,Technology,IVR,en,9,1,0,1.1,,1646,0.89,0.722,2026-03-18T18:07:48
CONT-072C6F63,SESS-A82EFD99,Product Support,Healthcare,Kiosk,en,20,1,0,,,514,0.72,0.768,2026-03-08T16:21:44
CONT-4D5AF4AF,SESS-59C20FD3,Billing Inquiry,Financial Services,IVR,en,12,1,0,,,438,0.6729,0.7492,2026-03-29T16:11:28
CONT-AD61C79D,SESS-D5C13DD5,Order Status,Financial Services,Partner API,en,2,0,1,,General-Service,42,0.6176,0.427,2026-03-10T18:10:36
CONT-F8112A37,SESS-6B12B566,Subscription Management,Travel,Web,en,13,0,0,2.7,,1723,0.8158,0.4883,2026-03-24T19:17:12
CONT-35E1F6AA,SESS-AB860F6C,Returns & Refunds,Retail,Partner API,es,9,0,1,,General-Service,90,0.9433,0.5573,2026-03-29T06:04:37
CONT-1AE591B4,SESS-13A679B0,Account Management,Healthcare,Web,en,14,1,0,2.0,,1203,0.6281,0.6712,2026-03-28T21:34:25
CONT-81DF11A8,SESS-2233C005,Product Support,Healthcare,IVR,es,11,1,0,1.0,,756,0.5281,0.5712,2026-04-02T01:59:28
CONT-ADBB79C4,SESS-78A9106A,Technical Troubleshooting,Retail,Web,en,2,1,0,,,67,0.9997,0.8799,2026-03-26T01:47:00
CONT-4402E1FA,SESS-972F6D9B,Order Status,Financial Services,Mobile App,es,16,1,0,1.3,,607,0.3261,0.5084,2026-03-30T20:30:18
CONT-E254A7FC,SESS-7C85CBA2,Technical Troubleshooting,Retail,Mobile App,en,6,1,0,,,258,0.6843,0.7537,2026-04-04T05:45:10
CONT-738FFC0A,SESS-B216FFC8,Subscription Management,Travel,Kiosk,pt,5,0,1,,Tech-Escalation,458,0.7029,0.4612,2026-03-18T23:29:56
CONT-97A052C7,SESS-3D4CEB8A,Returns & Refunds,Retail,Partner API,en,16,1,0,,,555,0.909,0.8436,2026-03-30T18:50:38
CONT-D2AF8338,SESS-C2125CF5,Technical Troubleshooting,Technology,Mobile App,en,9,1,0,4.4,,432,0.55,0.784,2026-04-01T06:22:55
CONT-02FF92DC,SESS-9545B13E,Order Status,Technology,IVR,en,19,1,0,,,1698,0.7387,0.7755,2026-03-20T17:17:33
CONT-2518AAAA,SESS-AD177F0A,Loyalty Program,Financial Services,Mobile App,en,7,1,0,2.4,,313,0.7356,0.7382,2026-04-03T23:26:30
CONT-DCDC67E3,SESS-BE5C3C7C,Subscription Management,Technology,Partner API,en,17,0,1,2.5,Tech-Escalation,399,0.5945,0.3878,2026-03-18T13:58:03
CONT-C624BCFA,SESS-EB8BB0E3,Account Management,Retail,Mobile App,fr,16,1,0,,,716,0.6611,0.7444,2026-03-16T19:00:46
CONT-AEA9D8E2,SESS-AE2ED453,Subscription Management,Retail,Kiosk,en,1,1,0,1.9,,95,0.7435,0.7114,2026-03-17T18:47:01
CONT-E78EE96F,SESS-25341627,Billing Inquiry,Healthcare,Mobile App,es,7,1,0,,,522,0.7019,0.7608,2026-03-15T13:41:21
CONT-8B0573A0,SESS-F276FF85,General Inquiry,Financial Services,Partner API,en,5,1,0,3.8,,421,0.7795,0.8398,2026-03-20T12:16:05
CONT-5D1F6B2C,SESS-E0FB9AC3,General Inquiry,Healthcare,Kiosk,en,14,1,0,,,630,0.6973,0.7589,2026-03-18T23:03:03
CONT-93D5ACD9,SESS-C0D6328F,Order Status,Technology,Partner API,de,17,0,1,,General-Service,428,0.8014,0.5006,2026-03-15T10:33:47
CONT-BDD6040E,SESS-4FE26606,Loyalty Program,Retail,Partner API,fr,20,1,0,3.7,,872,0.5996,0.7618,2026-03-10T15:44:15
CONT-8C095D58,SESS-8D1DA3EF,Loyalty Program,Retail,Partner API,fr,1,1,0,1.2,,86,0.45,0.552,2026-03-07T22:37:03
CONT-A04A0522,SESS-9D7D13D8,Order Status,Financial Services,IVR,es,15,0,0,,,520,0.9055,0.5422,2026-03-13T03:59:37
CONT-1E48127F,SESS-BC9E8B55,Password Reset,Healthcare,Partner API,en,13,1,0,3.8,,702,0.6904,0.8042,2026-03-30T12:20:15
CONT-D49AC9AA,SESS-5689DEEB,Product Support,Financial Services,Web,fr,12,0,0,2.6,,623,0.7359,0.4504,2026-04-04T01:57:54
CONT-9539F6EC,SESS-DFE3CA11,Product Support,Travel,IVR,en,4,0,1,,Tier1-Support,71,0.6301,0.432,2026-03-27T11:45:44
CONT-32180164,SESS-AB8E0CB4,Loyalty Program,Technology,Mobile App,fr,10,1,0,4.5,,1179,0.5681,0.7972,2026-03-17T21:50:19
CONT-D92310A8,SESS-39B08093,General Inquiry,Technology,IVR,fr,1,1,0,4.3,,36,0.5917,0.7947,2026-03-22T17:08:46
CONT-20B85123,SESS-90F27F7F,Product Support,Travel,IVR,en,10,1,0,4.9,,424,0.5834,0.8274,2026-03-11T12:56:15
CONT-FE6B157D,SESS-A88FDC5B,Billing Inquiry,Financial Services,Mobile App,es,15,0,1,,Tier1-Support,897,0.7395,0.4758,2026-04-02T02:02:38
CONT-A0E139B8,SESS-939BA066,Subscription Management,Healthcare,Kiosk,de,14,1,0,,,995,0.4898,0.6759,2026-03-31T16:32:46
CONT-29D0E066,SESS-FC0CFF82,Billing Inquiry,Technology,IVR,ja,14,1,0,,,510,0.6549,0.742,2026-04-04T04:17:12
CONT-2994BF5A,SESS-431B1B29,General Inquiry,Technology,IVR,en,13,0,0,,,763,0.5414,0.3966,2026-03-20T08:05:38
CONT-98BD48F4,SESS-2530D48B,General Inquiry,Travel,Kiosk,es,10,0,1,1.8,Tech-Escalation,774,0.9373,0.4829,2026-03-14T12:40:44
CONT-835F0F56,SESS-69971DA9,General Inquiry,Retail,IVR,en,7,0,1,3.8,Tech-Escalation,172,0.6018,0.4687,2026-03-14T04:19:57
CONT-C95B5F94,SESS-DABD6870,Product Support,Retail,Mobile App,es,5,1,0,,,162,1.0,0.88,2026-04-04T15:48:11
CONT-518322B2,SESS-C6198FCE,Password Reset,Financial Services,Partner API,en,19,0,0,,,656,1.0,0.58,2026-03-12T01:07:07
CONT-CD505C7F,SESS-18EC14C8,Technical Troubleshooting,Retail,Web,es,19,1,0,3.9,,397,0.5021,0.7348,2026-03-22T20:53:55
CONT-565C63AA,SESS-7C077490,Loyalty Program,Financial Services,Mobile App,en,4,0,0,2.3,,118,0.5309,0.3504,2026-03-17T13:30:28
CONT-ED9DF594,SESS-EC7ABD1E,Subscription Management,Financial Services,Kiosk,zh,3,1,0,3.4,,114,0.5582,0.7273,2026-03-10T03:09:23
CONT-5B7FB4C7,SESS-4E6D43EC,Order Status,Financial Services,Kiosk,en,3,1,0,4.5,,82,0.9317,0.9427,2026-03-17T06:02:20
CONT-B91B0E79,SESS-9EEBB4D0,Loyalty Program,Financial Services,Kiosk,en,16,1,0,4.9,,1490,0.8899,0.95,2026-03-14T03:24:09
CONT-B23DE3BB,SESS-DF6D3435,Subscription Management,Travel,Mobile App,en,19,1,0,,,1163,0.7185,0.7674,2026-04-02T18:01:37
CONT-397882A9,SESS-A93757BF,Account Management,Financial Services,Partner API,pt,12,1,0,2.7,,398,0.5094,0.6658,2026-03-11T20:29:03
CONT-523DE999,SESS-537361C1,General Inquiry,Travel,Web,en,6,1,0,,,333,0.4653,0.6661,2026-04-05T08:55:50
CONT-48496111,SESS-73717160,Billing Inquiry,Healthcare,Kiosk,en,14,1,0,,,344,0.9306,0.8522,2026-04-01T02:41:32
CONT-04E64420,SESS-6FA6A2BD,Billing Inquiry,Financial Services,IVR,en,10,1,0,,,1398,0.7787,0.7915,2026-03-11T21:03:09
CONT-EE656F37,SESS-D46DE9E8,Account Management,Healthcare,Kiosk,en,15,1,0,3.7,,1302,0.6508,0.7823,2026-03-18T12:02:19
CONT-007452AF,SESS-8640B35C,Password Reset,Retail,Mobile App,en,9,1,0,,,180,0.8224,0.809,2026-03-25T04:45:17
CONT-4AA4EEF8,SESS-7B937F47,Billing Inquiry,Financial Services,Web,en,17,1,0,4.4,,1069,0.7143,0.8497,2026-03-25T19:54:04
CONT-9EA271CE,SESS-5FD7AFBA,Password Reset,Financial Services,Partner API,en,5,1,0,,,193,0.8924,0.837,2026-04-02T22:10:08
CONT-394E74FB,SESS-59E5B9AD,Product Support,Travel,Mobile App,en,4,1,0,3.2,,98,0.5452,0.7101,2026-03-28T22:55:36
CONT-8F2DD05C,SESS-7416164A,Loyalty Program,Technology,Kiosk,en,9,0,1,,Billing-Ops,219,0.717,0.4668,2026-03-24T15:39:01
CONT-1F94FF23,SESS-7500F6ED,Order Status,Retail,IVR,zh,11,1,0,,,255,0.5632,0.7053,2026-03-11T23:46:43
CONT-F23E54AC,SESS-B7B1A27E,Billing Inquiry,Healthcare,Mobile App,en,9,0,1,4.4,General-Service,263,0.6479,0.5232,2026-03-23T07:49:03
CONT-6AD09BC4,SESS-F8596C3B,Technical Troubleshooting,Technology,IVR,fr,2,1,0,,,36,0.7174,0.767,2026-03-13T06:54:42
CONT-4768E22D,SESS-1177019F,Account Management,Travel,Kiosk,en,14,1,0,,,1322,0.7271,0.7708,2026-03-31T17:33:19
CONT-C35955FD,SESS-E94D64E6,Technical Troubleshooting,Financial Services,Partner API,fr,6,0,1,,General-Service,676,0.9668,0.5667,2026-03-30T14:27:17
CONT-FE6B157D,SESS-A3D978D2,Order Status,Healthcare,Mobile App,pt,18,1,0,3.5,,1283,0.7149,0.796,2026-03-12T05:54:43
CONT-3B3A17AE,SESS-AD0DF07F,General Inquiry,Technology,IVR,en,17,1,0,3.8,,770,0.8528,0.8691,2026-04-03T22:35:41
CONT-706798AF,SESS-28ACD3D8,Product Support,Healthcare,Kiosk,en,14,0,1,1.4,General-Service,494,0.3235,0.2134,2026-03-12T15:00:13
CONT-0A595E3F,SESS-309D04AD,Subscription Management,Healthcare,Mobile App,pt,11,1,0,,,660,0.4738,0.6695,2026-03-16T11:30:30
CONT-4A5F57C6,SESS-2BFB3161,Returns & Refunds,Healthcare,Web,en,19,1,0,,,476,0.7,0.76,2026-03-13T05:40:28
CONT-8AFA8545,SESS-A62C23CC,Returns & Refunds,Travel,IVR,en,2,1,0,3.8,,84,0.4176,0.695,2026-04-01T06:26:14
CONT-C91693EC,SESS-B4680941,Technical Troubleshooting,Healthcare,Web,en,7,1,0,2.2,,345,0.8932,0.7893,2026-03-17T15:32:54
CONT-240FBB65,SESS-30F4DDA8,Returns & Refunds,Travel,Web,en,3,1,0,,,68,0.9545,0.8618,2026-03-08T14:39:05
CONT-F12DB116,SESS-08D5CA67,Subscription Management,Technology,IVR,en,5,1,0,3.0,,87,1.0,0.88,2026-03-08T14:26:27
CONT-16873307,SESS-AB9D77F1,Account Management,Healthcare,Mobile App,es,16,1,0,4.7,,558,0.7291,0.8736,2026-03-07T22:59:28
CONT-3B8B5B4A,SESS-FD3BBDAE,Technical Troubleshooting,Healthcare,IVR,en,8,0,1,4.5,General-Service,114,0.6876,0.545,2026-03-22T13:22:34
CONT-6EC8C75F,SESS-A80602C7,Account Management,Travel,Web,en,12,1,0,1.4,,615,0.6828,0.6571,2026-03-20T17:39:19
CONT-5E4BA846,SESS-80D08817,Password Reset,Financial Services,Mobile App,en,14,0,1,,Tier1-Support,446,0.5107,0.3843,2026-03-31T05:24:20
CONT-EA0A873F,SESS-9F9891B4,Loyalty Program,Financial Services,Partner API,en,2,1,0,1.4,,176,0.7062,0.6665,2026-03-17T05:22:34
CONT-D5A6DEA7,SESS-A9472C6A,Account Management,Retail,Mobile App,en,12,0,1,,General-Service,1352,0.5947,0.4179,2026-03-19T11:05:40
CONT-1904C034,SESS-7158FE87,Password Reset,Financial Services,Partner API,en,12,1,0,,,413,0.8631,0.8252,2026-03-18T16:21:48
CONT-DECA8575,SESS-7E7E9038,Loyalty Program,Financial Services,Partner API,en,20,1,0,2.9,,337,0.4573,0.6569,2026-03-21T05:19:16
CONT-17BBA9B7,SESS-77F51273,Subscription Management,Travel,Kiosk,en,13,0,0,4.1,,1122,0.4656,0.4322,2026-04-03T02:14:13
CONT-51B4E3C4,SESS-E61E3AC4,Returns & Refunds,Technology,Kiosk,en,2,0,0,,,30,1.0,0.58,2026-03-09T13:49:42
CONT-657E3D2F,SESS-3031542F,Product Support,Healthcare,Web,en,4,1,0,,,77,0.7368,0.7747,2026-03-19T08:43:16
CONT-1AD5DDAC,SESS-B2C96BC4,Returns & Refunds,Travel,Web,en,19,0,1,1.5,General-Service,885,0.1379,0.1452,2026-03-30T11:56:12
CONT-FFF92BFF,SESS-B2C67749,Order Status,Financial Services,Kiosk,es,8,1,0,1.2,,304,0.7897,0.6879,2026-03-29T00:48:48
CONT-34E0C040,SESS-83FF4907,Loyalty Program,Financial Services,Web,es,18,0,1,4.5,Billing-Ops,995,0.8807,0.6223,2026-04-03T14:54:23
CONT-F4FF61B4,SESS-02CBDB32,Order Status,Retail,Partner API,pt,15,1,0,1.5,,531,0.8425,0.727,2026-03-11T02:58:51
CONT-1AD5DDAC,SESS-584E73AF,Account Management,Travel,Web,en,8,1,0,4.5,,236,0.4179,0.7372,2026-04-04T00:28:28
CONT-A7974DC8,SESS-0121C59D,Password Reset,Retail,Mobile App,fr,12,1,0,2.0,,246,0.4076,0.583,2026-03-24T08:45:34
CONT-62991E9E,SESS-E2BAE8E5,Returns & Refunds,Healthcare,Web,ja,20,1,0,,,1638,0.3971,0.6388,2026-03-21T04:10:56
CONT-2F3DC9A4,SESS-4BAE3FB2,Password Reset,Financial Services,Partner API,en,19,1,0,1.7,,1001,0.6468,0.6607,2026-03-07T19:24:39
CONT-C634179E,SESS-D5541418,Product Support,Financial Services,Partner API,es,20,0,0,2.4,,840,0.9727,0.5331,2026-03-10T15:44:04
CONT-B8DF1C73,SESS-46B1CBB1,Technical Troubleshooting,Retail,Partner API,en,1,1,0,2.5,,34,0.8223,0.7789,2026-03-30T06:22:31
CONT-A6858059,SESS-92761C10,Loyalty Program,Technology,Partner API,en,11,0,1,4.5,Tier1-Support,502,0.6696,0.5378,2026-03-08T04:36:46
CONT-6418397D,SESS-57ACE016,Password Reset,Financial Services,Mobile App,en,17,0,0,4.3,,3020,0.4117,0.4227,2026-03-21T08:16:03
CONT-0340C606,SESS-4804EBBB,Account Management,Financial Services,Kiosk,en,13,1,0,1.7,,1259,0.8313,0.7345,2026-04-03T01:20:52
CONT-8D30B623,SESS-85B5CEC6,Loyalty Program,Healthcare,Kiosk,es,1,0,1,,Tech-Escalation,33,1.0,0.58,2026-03-22T01:17:42
CONT-B0FB3B70,SESS-1EB1DBF9,Returns & Refunds,Travel,Kiosk,en,5,0,0,,,73,0.5956,0.4182,2026-04-02T16:03:33
CONT-B3C142E4,SESS-AFA903A8,Password Reset,Retail,Mobile App,es,6,0,1,3.5,Tier1-Support,129,0.7824,0.523,2026-03-13T12:03:37
CONT-1F94FF23,SESS-36EA07E8,Returns & Refunds,Travel,Partner API,en,3,0,1,,Tech-Escalation,68,0.7866,0.4946,2026-03-12T03:17:51
CONT-70B01D60,SESS-FB65515D,Account Management,Financial Services,IVR,en,3,0,0,3.4,,119,0.6041,0.4456,2026-03-15T08:46:13
CONT-E8C2470E,SESS-6118FDF9,Technical Troubleshooting,Technology,Kiosk,zh,4,0,0,,,225,0.6463,0.4385,2026-03-09T16:59:09
CONT-2B38C0C5,SESS-68779AFC,General Inquiry,Technology,Mobile App,en,1,1,0,,,23,1.0,0.88,2026-03-12T00:33:26
CONT-714B777A,SESS-124A9E1F,Subscription Management,Technology,IVR,de,20,1,0,,,667,0.2565,0.5826,2026-03-14T23:20:40
CONT-10E58658,SESS-C6B74C2E,Returns & Refunds,Technology,Mobile App,en,7,0,0,2.4,,188,0.4465,0.3226,2026-03-15T14:19:03
CONT-53E40F69,SESS-EB9E14BA,General Inquiry,Healthcare,IVR,pt,13,0,1,,Tech-Escalation,953,0.7643,0.4857,2026-04-05T01:01:38
CONT-2102D627,SESS-6B53CF3B,General Inquiry,Travel,Kiosk,de,3,1,0,4.7,,170,0.626,0.8324,2026-03-28T07:27:47
CONT-3F5166C9,SESS-D3C92637,Order Status,Technology,Partner API,ja,6,1,0,,,226,0.6258,0.7303,2026-03-21T04:20:05
CONT-13C451B1,SESS-64D54784,Loyalty Program,Healthcare,Partner API,en,10,1,0,,,425,0.8671,0.8268,2026-04-04T07:53:35
CONT-03C53221,SESS-90B5024B,Technical Troubleshooting,Technology,IVR,es,11,0,1,,Tier1-Support,601,0.8,0.5,2026-03-26T05:44:12
CONT-BE18D0AB,SESS-85A2992C,General Inquiry,Travel,IVR,pt,11,0,0,2.3,,663,0.8769,0.4888,2026-03-13T16:01:21
CONT-7C36ABA4,SESS-5AF7D6FD,Technical Troubleshooting,Technology,Partner API,en,10,1,0,,,531,0.7718,0.7887,2026-03-25T08:17:24
CONT-33857482,SESS-E544DE5E,Password Reset,Travel,Kiosk,en,18,0,1,2.6,Tier1-Support,1641,0.567,0.3828,2026-03-25T22:04:49
CONT-D926F90D,SESS-94F2DFD1,Loyalty Program,Financial Services,Partner API,en,10,0,0,1.0,,267,0.4628,0.2451,2026-03-14T21:37:48
CONT-B5FF2ABD,SESS-9D685B8B,General Inquiry,Financial Services,Mobile App,en,4,0,1,,Tier1-Support,199,0.3293,0.3117,2026-03-15T11:22:30
CONT-918E706C,SESS-F31B0921,Returns & Refunds,Healthcare,IVR,zh,5,1,0,,,294,0.6782,0.7513,2026-03-22T17:41:57
CONT-E8B3FCF6,SESS-222609A2,Billing Inquiry,Healthcare,Partner API,en,19,1,0,2.3,,1677,0.5656,0.6642,2026-03-11T17:38:53
CONT-5E6A2FE7,SESS-9C559176,General Inquiry,Healthcare,Kiosk,en,18,1,0,3.2,,712,0.9244,0.8618,2026-03-17T20:31:03
CONT-9D77FF72,SESS-EB295FDC,Order Status,Healthcare,Partner API,de,10,1,0,3.4,,1025,0.564,0.7296,2026-04-05T19:30:59
CONT-CDEA3958,SESS-D2AEFD23,Billing Inquiry,Technology,Partner API,en,12,1,0,3.4,,598,0.7589,0.8076,2026-03-23T11:50:04
CONT-58FA09BB,SESS-BF680342,Product Support,Travel,IVR,es,11,0,1,1.2,Tier1-Support,615,0.6475,0.331,2026-03-31T02:30:37
CONT-66C9AEE3,SESS-80E5529F,Returns & Refunds,Travel,IVR,en,3,0,0,2.0,,289,0.3221,0.2488,2026-03-27T13:33:55
CONT-E60361CD,SESS-AE7C4A58,Account Management,Travel,Partner API,es,4,1,0,,,138,0.7896,0.7958,2026-03-07T03:24:21
CONT-B4B26708,SESS-2718C6B6,Technical Troubleshooting,Travel,IVR,es,4,1,0,3.6,,235,0.9706,0.9042,2026-03-20T01:37:48
CONT-07026EEE,SESS-0FD2E0CE,Account Management,Healthcare,Partner API,en,17,0,1,2.4,Tech-Escalation,1559,0.6429,0.4012,2026-03-15T03:46:08
CONT-4C61B980,SESS-7237625F,Account Management,Healthcare,Mobile App,en,17,1,0,4.5,,1657,0.5572,0.7929,2026-03-16T01:49:56
CONT-8BD2F211,SESS-CC9BAD7A,Subscription Management,Healthcare,Kiosk,en,15,1,0,,,1172,1.0,0.88,2026-03-22T23:15:16
CONT-35F50638,SESS-6CB16B48,Technical Troubleshooting,Healthcare,Web,en,4,1,0,2.8,,370,0.7212,0.7565,2026-03-28T17:39:27
CONT-606E0745,SESS-C40F7193,Password Reset,Retail,IVR,fr,19,1,0,1.1,,696,0.3943,0.5237,2026-03-26T12:16:26
CONT-5E83A9CC,SESS-38D2E1FF,Subscription Management,Travel,Kiosk,en,12,1,0,,,646,0.477,0.6708,2026-04-02T07:26:48
CONT-728BBFB3,SESS-102F0888,Loyalty Program,Financial Services,IVR,de,11,1,0,3.4,,305,0.4619,0.6888,2026-03-24T16:39:44
CONT-0FC9F9CF,SESS-C40D1185,Product Support,Technology,IVR,es,14,1,0,4.5,,474,0.6944,0.8478,2026-03-27T04:30:34
CONT-D77A335A,SESS-BE8E45C2,Billing Inquiry,Healthcare,IVR,en,9,1,0,,,474,0.5799,0.712,2026-03-08T00:17:06
CONT-E60361CD,SESS-F7FC17FA,Loyalty Program,Financial Services,IVR,en,1,0,1,,Tier1-Support,84,0.6584,0.4434,2026-03-13T16:12:22
CONT-A4BE3E94,SESS-31B37BB2,General Inquiry,Healthcare,Kiosk,zh,13,1,0,,,362,0.7453,0.7781,2026-03-29T18:49:01
CONT-C1EC0E00,SESS-BDAA2AC5,Returns & Refunds,Travel,Kiosk,ja,18,1,0,2.7,,2613,0.767,0.7688,2026-03-16T22:16:48
CONT-5960E683,SESS-71D7899D,Technical Troubleshooting,Travel,Partner API,es,9,1,0,,,323,0.3945,0.6378,2026-04-02T05:51:31
CONT-1B6952B6,SESS-CD277ACF,Password Reset,Travel,IVR,de,4,1,0,,,156,0.747,0.7788,2026-03-11T05:50:08
CONT-74AB07CD,SESS-2D002D12,Order Status,Financial Services,IVR,es,6,0,0,,,212,0.3669,0.3268,2026-03-20T08:57:48
CONT-D39FAF79,SESS-46661BD7,Password Reset,Retail,IVR,de,4,0,1,2.7,Billing-Ops,107,0.9909,0.5584,2026-03-31T18:03:55
CONT-8FEE6925,SESS-79718779,General Inquiry,Retail,Partner API,es,7,1,0,,,739,0.5227,0.6891,2026-03-09T10:51:01
CONT-9B6D2E67,SESS-1294F4C5,Loyalty Program,Financial Services,Mobile App,de,10,1,0,,,669,0.4643,0.6657,2026-03-18T14:42:52
CONT-D0053274,SESS-5CF62BC9,Technical Troubleshooting,Retail,Partner API,en,18,0,1,2.9,Tier1-Support,1868,0.749,0.4736,2026-03-21T02:56:09
CONT-5CF309F5,SESS-CDF6C41B,Technical Troubleshooting,Travel,Partner API,en,6,1,0,,,474,0.357,0.6228,2026-03-20T08:23:26
CONT-6D74AAE3,SESS-4EDA78AC,Billing Inquiry,Technology,Web,es,18,1,0,4.8,,1208,0.6985,0.8674,2026-03-17T19:59:16
CONT-4028A215,SESS-C4E0997F,Billing Inquiry,Financial Services,IVR,en,9,0,0,4.6,,670,0.883,0.6292,2026-03-23T13:45:07
CONT-3D416402,SESS-65EC887E,Password Reset,Travel,Mobile App,en,3,1,0,,,139,0.5798,0.7119,2026-03-23T20:46:41
CONT-F7E67B00,SESS-BDEE21C5,Billing Inquiry,Financial Services,IVR,en,6,0,1,,Billing-Ops,428,0.688,0.4552,2026-04-05T18:25:42
CONT-3D23FAD7,SESS-4EA84346,Password Reset,Travel,IVR,en,10,1,0,,,264,0.516,0.6864,2026-03-25T16:59:41
CONT-A1034A2B,SESS-080FE255,Account Management,Retail,IVR,en,17,0,0,,,313,0.5979,0.4192,2026-03-07T11:29:06
CONT-2ACC6B30,SESS-2F2B21E0,Subscription Management,Technology,Kiosk,es,11,1,0,,,952,0.7356,0.7742,2026-03-14T09:31:08
CONT-2EF97BB9,SESS-46A697EF,General Inquiry,Financial Services,Web,fr,8,1,0,,,260,0.861,0.8244,2026-03-11T20:59:13
CONT-26DB5B6F,SESS-15A7126B,Order Status,Healthcare,Kiosk,pt,13,1,0,4.9,,352,0.7191,0.8816,2026-04-04T03:42:38
CONT-6130B825,SESS-6DB90114,Account Management,Travel,Mobile App,fr,3,1,0,3.0,,120,0.8558,0.8223,2026-04-04T10:06:18
CONT-BED6E152,SESS-738A2B1A,Returns & Refunds,Healthcare,Kiosk,es,19,1,0,1.6,,329,0.53,0.608,2026-03-21T07:24:02
CONT-F5F192D3,SESS-0B1CE14C,Product Support,Retail,Kiosk,en,10,1,0,2.8,,167,0.6481,0.7272,2026-03-24T12:16:09
CONT-15063F9F,SESS-F077090F,Order Status,Travel,Kiosk,en,9,1,0,,,832,0.5989,0.7196,2026-03-20T18:18:12
CONT-53AEBDF4,SESS-DA6938F2,Returns & Refunds,Healthcare,IVR,es,12,1,0,4.2,,394,0.8743,0.9017,2026-03-22T10:43:53
CONT-2144C67A,SESS-C6EA8347,Technical Troubleshooting,Financial Services,Partner API,fr,18,1,0,,,1527,0.6823,0.7529,2026-03-25T09:27:29
CONT-AFFFB1F9,SESS-5D99E628,Account Management,Travel,Partner API,en,1,1,0,2.9,,67,0.4846,0.6678,2026-04-03T02:14:23
CONT-585F81EF,SESS-CB31EF56,Product Support,Retail,Mobile App,pt,4,0,1,4.8,Tech-Escalation,408,1.0,0.688,2026-03-19T15:39:32
CONT-52A9CF20,SESS-BBE6E15F,Order Status,Travel,Mobile App,en,16,1,0,,,977,0.2831,0.5932,2026-03-28T10:09:00
CONT-A27EF3B8,SESS-01655DD5,Billing Inquiry,Healthcare,Kiosk,de,6,1,0,,,191,0.8226,0.809,2026-03-22T09:43:28
CONT-D38BF37F,SESS-35A60ACD,Account Management,Financial Services,Partner API,es,9,1,0,,,312,0.9544,0.8618,2026-03-30T01:11:23
CONT-4339E67C,SESS-719988F8,Product Support,Financial Services,IVR,ja,2,1,0,3.4,,127,0.5587,0.7275,2026-03-23T18:34:48
CONT-BA5D06EA,SESS-73E3C3CE,Password Reset,Retail,Web,de,8,0,1,3.2,General-Service,364,0.5212,0.4005,2026-03-29T03:20:02
CONT-DFF515E2,SESS-7A29F5F0,Order Status,Healthcare,Mobile App,en,1,1,0,1.8,,40,0.5891,0.6436,2026-03-29T07:59:06
CONT-9698EB16,SESS-85A5A771,Technical Troubleshooting,Travel,Mobile App,pt,8,0,0,4.2,,723,1.0,0.652,2026-03-24T22:34:00
CONT-F7E284D7,SESS-82761797,Account Management,Travel,Partner API,en,17,1,0,3.1,,321,0.3154,0.6122,2026-03-11T12:44:11
CONT-F1FB42B5,SESS-0319AA41,Billing Inquiry,Retail,Partner API,es,6,1,0,4.6,,231,0.3963,0.7345,2026-04-03T04:46:49
CONT-4922E0EF,SESS-39EEF184,Returns & Refunds,Financial Services,Web,en,7,0,1,4.6,Tech-Escalation,321,0.8498,0.6159,2026-03-23T11:25:55
CONT-B3597152,SESS-2405D692,Returns & Refunds,Financial Services,Mobile App,en,15,1,0,2.8,,1643,0.7403,0.7641,2026-03-07T14:39:29
CONT-1BE96E87,SESS-080F5F83,Account Management,Travel,Mobile App,en,5,1,0,,,199,0.3043,0.6017,2026-03-08T13:12:24
CONT-EDA11B00,SESS-E549ACBA,Account Management,Travel,Web,es,15,0,0,,,681,0.7143,0.4657,2026-03-21T05:49:27
CONT-A92917C8,SESS-9B5AA91F,Order Status,Retail,Partner API,es,16,1,0,,,1049,0.5583,0.7033,2026-03-19T08:30:17
CONT-FF6A346C,SESS-C2B4288C,Loyalty Program,Financial Services,Partner API,es,16,0,0,1.7,,550,0.4044,0.2638,2026-03-31T01:36:02
CONT-84C7CDDA,SESS-D11E7F2D,Loyalty Program,Travel,IVR,pt,3,0,0,,,33,0.4783,0.3713,2026-03-31T10:10:42
CONT-4A147ED5,SESS-29B49C82,Product Support,Technology,Mobile App,zh,10,1,0,,,174,0.7673,0.7869,2026-03-08T19:28:38
CONT-E43906E6,SESS-A71A7803,Subscription Management,Travel,Partner API,es,3,1,0,3.2,,98,0.5924,0.729,2026-03-11T03:20:06
CONT-DA929313,SESS-65EF0D31,General Inquiry,Technology,IVR,en,12,0,1,1.2,Tier1-Support,297,0.0535,0.0934,2026-04-01T23:09:40
CONT-5150F456,SESS-1AC231B4,Account Management,Healthcare,Kiosk,en,1,1,0,2.6,,110,0.4999,0.656,2026-03-12T16:28:16
CONT-FDB6F293,SESS-45B77FFA,Product Support,Financial Services,Web,en,11,1,0,,,383,0.409,0.6436,2026-03-08T04:32:55
CONT-D13B80D2,SESS-34BF9CB8,Account Management,Financial Services,IVR,de,18,1,0,2.0,,1441,0.7287,0.7115,2026-03-30T01:09:59
CONT-51B1C117,SESS-05686711,Order Status,Travel,Kiosk,de,15,1,0,1.4,,408,0.6216,0.6326,2026-04-02T13:03:01
CONT-6FE11714,SESS-D33A7647,Technical Troubleshooting,Travel,Web,de,8,1,0,1.4,,978,0.6854,0.6582,2026-04-04T18:00:46
CONT-8E149ABE,SESS-7F92D2EB,Billing Inquiry,Travel,Mobile App,en,7,1,0,1.5,,280,0.5117,0.5947,2026-03-12T11:54:05
CONT-94C61502,SESS-1200ED0D,Product Support,Travel,Partner API,pt,7,1,0,1.2,,100,0.668,0.6392,2026-03-25T11:29:20
CONT-B00512C0,SESS-6169ADB7,Order Status,Technology,Web,en,13,1,0,3.2,,706,0.9199,0.86,2026-03-15T11:12:20
CONT-8D621CB8,SESS-27A678AD,Technical Troubleshooting,Financial Services,Mobile App,en,11,1,0,2.6,,127,0.475,0.646,2026-03-20T12:33:28
CONT-86820FA2,SESS-C748A7BB,Subscription Management,Financial Services,Web,en,3,1,0,,,94,0.6993,0.7597,2026-04-04T21:25:13
CONT-CBFDBA51,SESS-AC0BC4C7,Account Management,Financial Services,IVR,en,12,1,0,4.6,,491,0.6757,0.8463,2026-03-14T16:43:52
CONT-9294A840,SESS-D3EE425A,Order Status,Technology,Mobile App,zh,9,1,0,2.5,,513,0.5193,0.6577,2026-03-13T02:25:51
CONT-9A25106D,SESS-2381096A,Subscription Management,Technology,IVR,en,10,1,0,2.1,,782,0.7867,0.7407,2026-03-24T06:22:32
CONT-8388F7D5,SESS-4690191E,Technical Troubleshooting,Financial Services,Mobile App,en,6,1,0,,,221,1.0,0.88,2026-03-27T17:13:37
CONT-475D9B8A,SESS-9F1D1C8C,Product Support,Healthcare,Kiosk,es,18,0,0,3.5,,2047,0.8866,0.5646,2026-03-26T07:53:22
CONT-89688D3A,SESS-55ABF146,Order Status,Healthcare,Partner API,es,8,0,1,,General-Service,58,1.0,0.58,2026-03-23T15:53:00
CONT-22F49DD0,SESS-405DE718,General Inquiry,Travel,Kiosk,en,3,0,1,3.7,Tech-Escalation,216,1.0,0.622,2026-03-15T21:51:44
CONT-9A14F1E9,SESS-F5ABBBCE,Account Management,Retail,Kiosk,en,9,0,1,4.2,General-Service,845,1.0,0.652,2026-04-02T14:32:07
CONT-3E72516F,SESS-C9B8CDD1,Loyalty Program,Travel,Mobile App,en,12,1,0,3.6,,908,0.9697,0.9039,2026-03-17T21:27:01
CONT-6631691B,SESS-E968F6EC,Returns & Refunds,Healthcare,Kiosk,es,15,1,0,3.3,,2218,0.7433,0.7953,2026-03-30T10:52:13
CONT-4B4913F4,SESS-9E903F9F,Product Support,Healthcare,Kiosk,pt,19,1,0,,,330,0.6385,0.7354,2026-03-21T17:17:58
CONT-FDE7ADF9,SESS-BAD80440,Subscription Management,Travel,Mobile App,fr,11,1,0,,,621,0.715,0.766,2026-03-31T00:25:15
CONT-CB773050,SESS-CFACE6D4,Loyalty Program,Healthcare,Web,fr,15,1,0,2.7,,317,0.3738,0.6115,2026-03-30T08:38:55
CONT-366D98E1,SESS-99574475,Technical Troubleshooting,Financial Services,Web,fr,4,1,0,,,114,0.8615,0.8246,2026-03-26T14:45:23
CONT-93D66731,SESS-986B72BC,Loyalty Program,Travel,Kiosk,en,4,1,0,4.6,,461,0.8833,0.9293,2026-03-14T16:57:13
CONT-9800E737,SESS-1587F0FD,Returns & Refunds,Technology,IVR,en,19,1,0,,,1601,0.6838,0.7535,2026-03-23T07:42:20
CONT-FDF3AAFA,SESS-A1CE5D08,Order Status,Technology,Web,en,1,1,0,3.5,,15,0.609,0.7536,2026-03-24T20:55:43
CONT-20F00A8D,SESS-9A2920B5,General Inquiry,Technology,Mobile App,en,18,1,0,,,688,0.6006,0.7202,2026-03-09T16:45:53
CONT-EC26DA0F,SESS-8086D880,Order Status,Financial Services,Web,en,8,1,0,,,369,0.7883,0.7953,2026-03-07T23:27:21
CONT-7CF6FAF4,SESS-9CA79983,Returns & Refunds,Healthcare,IVR,en,4,1,0,3.8,,298,0.6444,0.7858,2026-03-21T00:40:43
CONT-D8ED533B,SESS-90AD3056,Account Management,Financial Services,IVR,en,17,1,0,,,242,0.6034,0.7214,2026-03-17T18:48:19
CONT-B1A444B9,SESS-D3BF6A2D,Loyalty Program,Travel,Kiosk,en,3,1,0,4.5,,137,0.9446,0.9478,2026-03-19T01:26:11
CONT-AE6DA704,SESS-062AA43F,Password Reset,Retail,Partner API,en,17,1,0,3.4,,540,0.8025,0.825,2026-04-02T18:59:50
CONT-E37426F8,SESS-0FF0ED18,Password Reset,Financial Services,IVR,en,4,1,0,4.2,,212,0.7088,0.8355,2026-03-28T17:17:43
CONT-F73903A4,SESS-1BE7F4C5,General Inquiry,Financial Services,IVR,en,2,0,0,,,156,0.5678,0.4071,2026-04-05T13:50:14
CONT-543B62F5,SESS-A340E09E,Password Reset,Technology,Kiosk,en,20,1,0,,,633,0.6976,0.759,2026-03-31T22:25:37
CONT-E9A25BE8,SESS-7B81D10E,Product Support,Healthcare,IVR,en,3,1,0,,,91,0.8016,0.8006,2026-03-07T03:45:59
CONT-3CA51706,SESS-8DDFF14C,Technical Troubleshooting,Financial Services,IVR,en,16,0,0,,,466,0.7453,0.4781,2026-03-14T06:22:26
CONT-7863DAA4,SESS-5E01B0E2,Product Support,Financial Services,Web,en,13,1,0,,,547,0.743,0.7772,2026-04-05T19:25:02
CONT-D6D3B140,SESS-6BD9925F,Technical Troubleshooting,Retail,Web,en,3,1,0,4.6,,101,0.6322,0.8289,2026-03-25T09:20:15
CONT-538D06D2,SESS-F7C8B563,Order Status,Healthcare,Partner API,en,13,1,0,,,615,0.7404,0.7762,2026-04-01T03:42:08
CONT-5960E683,SESS-B42FA5D9,Billing Inquiry,Retail,Web,en,10,0,1,5.0,Billing-Ops,445,1.0,0.7,2026-03-15T17:06:04
CONT-3EB1EBBC,SESS-C32270B4,Product Support,Financial Services,Kiosk,en,13,1,0,,,320,0.6872,0.7549,2026-04-04T15:29:08
CONT-3934ABB8,SESS-973A3E75,Loyalty Program,Technology,Web,en,5,0,1,4.5,Billing-Ops,86,0.7744,0.5798,2026-03-22T20:42:12
CONT-DBD78AA0,SESS-3FD16B9B,Returns & Refunds,Travel,IVR,en,2,1,0,4.7,,45,0.6443,0.8397,2026-03-14T14:32:49
CONT-FDDFC276,SESS-4B2A905F,Billing Inquiry,Travel,Mobile App,ja,9,1,0,,,321,0.7562,0.7825,2026-03-29T15:38:03
CONT-527DC99D,SESS-E1C022E6,General Inquiry,Healthcare,Web,zh,6,1,0,3.6,,192,0.5809,0.7484,2026-03-13T17:09:09
CONT-65B79BE2,SESS-FAEECA7D,Order Status,Financial Services,Kiosk,en,4,1,0,2.1,,423,0.7569,0.7288,2026-03-28T11:42:13
CONT-99FC5C95,SESS-0C77FF0D,Billing Inquiry,Financial Services,Mobile App,en,1,1,0,3.5,,31,0.6498,0.7699,2026-03-13T07:45:43
CONT-3FB5E4DE,SESS-273F922F,Order Status,Retail,Partner API,en,14,1,0,2.8,,1679,0.653,0.7292,2026-03-21T21:56:24
CONT-1C8C3EF2,SESS-10F11709,Product Support,Financial Services,Partner API,es,18,0,1,1.2,Tech-Escalation,532,0.563,0.2972,2026-04-05T17:11:38
CONT-F12211E6,SESS-13BC3E54,Order Status,Retail,Partner API,ja,14,1,0,,,450,0.5811,0.7124,2026-03-28T05:08:04
CONT-7E8553C7,SESS-A56D66C8,General Inquiry,Technology,Web,es,20,1,0,2.2,,414,0.4752,0.6221,2026-04-05T14:38:08
CONT-E0388EC7,SESS-DA033F3D,Billing Inquiry,Retail,Kiosk,fr,16,0,1,3.4,Tech-Escalation,434,0.8183,0.5313,2026-03-22T13:40:22
CONT-4124E096,SESS-8CAC23C9,Loyalty Program,Healthcare,Kiosk,ja,12,1,0,1.5,,426,0.6586,0.6534,2026-03-28T20:31:29
CONT-34E0C040,SESS-EBF2A16D,Technical Troubleshooting,Financial Services,Kiosk,en,17,1,0,,,1628,0.959,0.8636,2026-03-15T11:19:21
CONT-15B354A7,SESS-96D03005,Password Reset,Financial Services,Mobile App,pt,6,1,0,2.7,,226,0.5738,0.6915,2026-03-22T13:18:30
CONT-F17A1D7A,SESS-2470B926,Loyalty Program,Healthcare,Mobile App,en,10,1,0,2.2,,266,0.8386,0.7674,2026-03-27T19:03:31
CONT-3D23FAD7,SESS-92092EED,Returns & Refunds,Healthcare,Kiosk,es,7,1,0,,,276,0.6227,0.7291,2026-03-08T08:31:20
CONT-CC214BEB,SESS-CF0C5A38,Billing Inquiry,Healthcare,Mobile App,en,11,1,0,3.3,,301,0.5461,0.7164,2026-03-24T10:23:09
CONT-8FD213EE,SESS-56B576EF,Loyalty Program,Travel,Mobile App,zh,7,0,0,2.3,,379,0.4369,0.3128,2026-03-18T21:05:30
CONT-E1685AF2,SESS-081B9226,Technical Troubleshooting,Technology,IVR,en,6,1,0,3.1,,487,0.5932,0.7233,2026-03-27T03:58:04
CONT-75DB3D8C,SESS-123EA7C4,Technical Troubleshooting,Technology,Kiosk,en,5,1,0,4.9,,204,0.4326,0.767,2026-04-05T20:13:57
CONT-40410578,SESS-81F24624,Account Management,Retail,Mobile App,en,15,1,0,,,665,0.6343,0.7337,2026-04-05T16:26:14
CONT-9E5D752C,SESS-5E329C8D,Technical Troubleshooting,Technology,IVR,zh,4,1,0,1.5,,173,0.9943,0.7877,2026-03-10T20:01:30
CONT-9A3096A3,SESS-3D768A75,Loyalty Program,Retail,IVR,de,7,0,0,,,348,0.5411,0.3964,2026-04-02T15:24:51
CONT-EB4895BF,SESS-94980316,Billing Inquiry,Healthcare,Partner API,en,13,1,0,1.3,,379,0.819,0.7056,2026-03-16T19:20:18
CONT-D0780970,SESS-E95EC121,Password Reset,Healthcare,Web,en,15,1,0,4.1,,1461,0.7564,0.8486,2026-03-13T15:44:28
CONT-365EEFE0,SESS-C6733EFD,Technical Troubleshooting,Retail,Web,es,20,1,0,,,1351,0.8219,0.8088,2026-03-08T11:27:02
CONT-67719A65,SESS-440189FD,General Inquiry,Healthcare,Kiosk,en,2,0,1,,Tier1-Support,209,0.3101,0.304,2026-03-25T04:59:18
CONT-8CD76F38,SESS-CDC61027,Subscription Management,Travel,Kiosk,en,14,1,0,4.3,,933,0.8967,0.9167,2026-04-01T13:00:07
CONT-BEE0A158,SESS-7D03155A,Subscription Management,Financial Services,Mobile App,de,15,1,0,,,300,0.5229,0.6892,2026-03-11T21:02:30
CONT-5F8DEEC0,SESS-230C2C38,Returns & Refunds,Financial Services,Web,es,15,1,0,3.0,,402,0.5542,0.7017,2026-03-30T02:16:32
CONT-7E79E32D,SESS-0E968B84,Returns & Refunds,Retail,Kiosk,de,6,1,0,1.5,,200,0.7485,0.6894,2026-03-17T17:10:55
CONT-98742EB8,SESS-384DDE14,Subscription Management,Healthcare,IVR,ja,10,1,0,1.8,,751,0.9163,0.7745,2026-03-31T13:50:03
CONT-45FBCE6B,SESS-53EFD81B,Billing Inquiry,Technology,IVR,en,5,1,0,4.3,,135,0.5311,0.7704,2026-03-22T01:55:09
CONT-45FBCE6B,SESS-199B571D,Account Management,Healthcare,Partner API,en,16,1,0,3.3,,1575,0.8293,0.8297,2026-03-30T17:13:28
CONT-60C4B4BA,SESS-93D73E66,Technical Troubleshooting,Financial Services,Partner API,pt,16,1,0,,,751,0.7947,0.7979,2026-03-21T19:33:59
CONT-C91693EC,SESS-646D865E,General Inquiry,Technology,Partner API,en,19,1,0,,,834,0.8049,0.802,2026-03-20T23:14:10
CONT-29D0E066,SESS-0A770B3F,Technical Troubleshooting,Healthcare,Web,es,9,0,0,,,328,0.7538,0.4815,2026-04-04T17:12:26
CONT-B4E7B8DB,SESS-899FE077,Subscription Management,Retail,Web,fr,16,1,0,,,288,0.5624,0.705,2026-03-20T13:57:01
CONT-21A27918,SESS-C2EDA903,Order Status,Travel,Web,es,15,1,0,2.5,,446,0.6251,0.7,2026-03-13T05:11:32
CONT-1749B008,SESS-01A7125D,Subscription Management,Travel,Mobile App,de,7,0,0,,,179,0.5933,0.4173,2026-03-07T09:46:45
CONT-B23DE3BB,SESS-726B3EC9,Product Support,Healthcare,Kiosk,pt,20,1,0,4.5,,360,0.8097,0.8939,2026-03-24T22:11:13
CONT-F20E549F,SESS-BC17762F,Order Status,Technology,IVR,es,7,0,1,,Tech-Escalation,297,0.359,0.3236,2026-04-01T18:28:03
CONT-0128C885,SESS-9687B8F7,Password Reset,Retail,Web,en,4,1,0,,,108,0.7673,0.7869,2026-03-28T14:21:19
CONT-602ED0D8,SESS-1AD14995,Billing Inquiry,Technology,Mobile App,es,12,1,0,,,387,0.5606,0.7042,2026-03-21T06:30:59
CONT-C3655F48,SESS-65A42B8A,General Inquiry,Financial Services,Web,en,11,1,0,,,470,0.7687,0.7875,2026-03-17T16:38:34
CONT-19031451,SESS-F7699F2B,Password Reset,Travel,IVR,en,3,0,1,1.9,Tier1-Support,56,0.81,0.438,2026-03-09T17:43:03
CONT-C7684141,SESS-6A214B34,Returns & Refunds,Travel,Mobile App,en,6,1,0,3.4,,165,0.6964,0.7826,2026-03-20T14:56:50
CONT-97CC68D2,SESS-94A7D220,Order Status,Retail,IVR,en,5,0,1,,General-Service,218,0.5946,0.4178,2026-04-01T21:36:39
CONT-1AD5DDAC,SESS-01DE51B9,Password Reset,Travel,Kiosk,en,16,1,0,,,386,0.6429,0.7372,2026-03-17T18:55:10
CONT-FC875612,SESS-862A6989,Password Reset,Financial Services,Web,es,15,1,0,2.4,,1778,0.4277,0.6151,2026-03-25T15:11:30
CONT-A33C66F1,SESS-42A2CCA1,General Inquiry,Travel,Web,es,5,1,0,4.9,,616,0.6481,0.8532,2026-03-26T05:07:17
CONT-1C8C3EF2,SESS-FABD019C,Technical Troubleshooting,Travel,Kiosk,en,14,1,0,1.8,,639,0.4827,0.6011,2026-03-11T01:37:40
CONT-A44FA092,SESS-0910C6C7,Technical Troubleshooting,Technology,Partner API,en,1,0,1,,Tier1-Support,28,0.5994,0.4198,2026-03-26T02:05:17
CONT-923C3277,SESS-6F134CB3,Account Management,Financial Services,IVR,en,8,1,0,3.2,,190,0.6582,0.7553,2026-03-15T08:04:04
CONT-9728BBC9,SESS-BF24FBA5,General Inquiry,Retail,IVR,fr,13,0,1,,General-Service,455,1.0,0.58,2026-03-18T16:08:46
CONT-736FB02A,SESS-597A8556,General Inquiry,Travel,IVR,en,10,1,0,4.8,,222,0.7205,0.8762,2026-03-21T22:45:13
CONT-DAD7DF87,SESS-084E274C,Order Status,Retail,Web,en,10,1,0,4.1,,518,0.4859,0.7404,2026-03-28T21:08:13
CONT-A27EF3B8,SESS-8327DE8F,Password Reset,Technology,Kiosk,en,10,1,0,4.0,,674,0.6203,0.7881,2026-03-23T19:30:10
CONT-FF45ED55,SESS-3580311A,Billing Inquiry,Travel,Mobile App,en,8,0,0,,,80,0.832,0.5128,2026-03-18T18:12:46
CONT-CEBB1CD4,SESS-F14A6FC9,Subscription Management,Financial Services,Web,en,12,1,0,2.5,,274,0.4904,0.6462,2026-03-09T16:58:55
CONT-AE1936A8,SESS-D29D5269,Account Management,Financial Services,Kiosk,en,13,1,0,,,878,0.6306,0.7322,2026-03-25T18:22:04
CONT-F3A21467,SESS-768787DF,Technical Troubleshooting,Retail,Partner API,pt,5,1,0,2.7,,387,0.942,0.8388,2026-04-05T22:01:13
CONT-D24B85F8,SESS-6CD98073,Technical Troubleshooting,Healthcare,Mobile App,en,9,1,0,3.6,,273,0.8587,0.8595,2026-03-19T14:33:19
CONT-08C3AC78,SESS-EA9D3660,Product Support,Healthcare,Web,es,9,0,1,,Billing-Ops,255,1.0,0.58,2026-03-22T10:54:28
CONT-97271946,SESS-6B13FED7,Subscription Management,Retail,Web,en,3,1,0,1.0,,88,0.9052,0.7221,2026-03-31T22:26:21
CONT-B2134DB0,SESS-3E440493,Billing Inquiry,Technology,Mobile App,en,18,0,0,3.5,,1334,0.7632,0.5153,2026-03-14T01:02:55
CONT-5960E683,SESS-4BEE063A,Billing Inquiry,Travel,Web,en,19,1,0,4.4,,567,0.6697,0.8319,2026-04-05T15:06:40
CONT-EEAD5EDB,SESS-4F2910C2,Password Reset,Travel,Mobile App,en,11,0,1,2.9,Tech-Escalation,135,0.7449,0.472,2026-03-29T03:58:38
CONT-4689F57D,SESS-4EF172EB,Account Management,Retail,Partner API,en,17,1,0,,,937,0.7267,0.7707,2026-03-22T12:08:09
CONT-9835F24D,SESS-C5D2A193,Product Support,Financial Services,IVR,en,20,1,0,,,150,0.4469,0.6588,2026-04-01T03:53:58
CONT-C82B4704,SESS-D3B541CF,Order Status,Financial Services,Partner API,en,13,1,0,,,370,0.7583,0.7833,2026-03-10T21:42:06
CONT-3F6A3B9C,SESS-914E774A,Password Reset,Financial Services,Web,en,20,1,0,2.2,,1063,0.666,0.6984,2026-03-18T22:35:02
CONT-0F1AF68D,SESS-7B7624C5,Order Status,Healthcare,Mobile App,es,16,1,0,,,1047,0.4948,0.6779,2026-03-15T20:28:16
CONT-90751BFA,SESS-4A6B169B,Technical Troubleshooting,Healthcare,Partner API,en,16,1,0,,,1031,0.7949,0.798,2026-03-11T12:09:07
CONT-D0053274,SESS-C36C04E4,Loyalty Program,Financial Services,Kiosk,en,14,1,0,,,784,0.6636,0.7454,2026-03-25T14:39:42
CONT-D21F2B0F,SESS-DCF87C7D,General Inquiry,Retail,IVR,en,4,1,0,,,536,0.7986,0.7994,2026-03-16T10:22:02
CONT-52E7627C,SESS-901B0361,Product Support,Travel,Web,de,7,1,0,,,175,0.7497,0.7799,2026-03-23T04:50:39
CONT-789CC026,SESS-A307A109,Order Status,Financial Services,Kiosk,en,16,1,0,4.4,,1123,0.5824,0.797,2026-03-31T12:22:53
CONT-FB5D5D25,SESS-98C1F793,Technical Troubleshooting,Technology,Kiosk,es,10,1,0,,,859,0.7764,0.7906,2026-03-19T06:42:19
CONT-262858D2,SESS-27A4B23E,Product Support,Retail,Partner API,de,16,0,1,1.4,Billing-Ops,175,0.7599,0.388,2026-03-23T00:23:08
CONT-8BE18ECC,SESS-95602CB6,Loyalty Program,Travel,IVR,pt,9,1,0,2.4,,315,0.8074,0.767,2026-03-17T13:55:02
CONT-E3E0671B,SESS-F8F320C4,Billing Inquiry,Healthcare,Web,en,13,1,0,3.7,,1024,0.739,0.8176,2026-03-22T16:34:28
CONT-D9DADC0A,SESS-81EE3A2F,Subscription Management,Travel,Partner API,ja,8,1,0,2.2,,971,0.6643,0.6977,2026-03-30T21:10:22
CONT-7E79E32D,SESS-0D0069DC,Order Status,Healthcare,Web,en,8,1,0,3.8,,520,0.861,0.8724,2026-03-19T01:59:41
CONT-35E1F6AA,SESS-88E85631,Billing Inquiry,Retail,IVR,en,15,1,0,,,632,0.8558,0.8223,2026-03-28T15:05:10
CONT-CA5C704C,SESS-37C9E545,Subscription Management,Healthcare,IVR,fr,2,1,0,3.5,,62,0.6155,0.7562,2026-03-18T11:19:18
CONT-8AFA8545,SESS-9212F94A,Order Status,Financial Services,IVR,en,16,1,0,,,325,0.7483,0.7793,2026-03-11T14:38:06
CONT-D13B80D2,SESS-430A9D14,Loyalty Program,Healthcare,Mobile App,en,4,1,0,3.1,,217,0.9359,0.8604,2026-03-09T16:02:38
CONT-075918F5,SESS-07747A41,Order Status,Healthcare,Web,es,8,1,0,1.7,,574,0.643,0.6592,2026-03-12T12:03:58
CONT-B1EDDD3B,SESS-AD6D0317,Order Status,Financial Services,Web,en,1,1,0,,,22,0.7866,0.7946,2026-03-28T03:29:43
CONT-AF124F1F,SESS-82BF0E7C,Technical Troubleshooting,Retail,Partner API,pt,16,1,0,3.9,,1392,0.851,0.8744,2026-03-29T16:05:52
CONT-573408E8,SESS-4C512AC8,Loyalty Program,Travel,Kiosk,en,17,1,0,3.5,,1456,0.6576,0.773,2026-03-24T06:12:35
CONT-E37426F8,SESS-FC47F1BD,General Inquiry,Technology,Web,en,20,0,1,2.2,Tier1-Support,675,0.5526,0.353,2026-04-05T17:11:21
CONT-E4E13113,SESS-0B967227,Subscription Management,Travel,Mobile App,fr,19,1,0,,,821,0.6843,0.7537,2026-04-02T03:52:28
CONT-D4378876,SESS-2DA271B4,Order Status,Financial Services,IVR,es,13,1,0,3.2,,657,0.6741,0.7616,2026-04-05T10:33:23
CONT-049CDD4E,SESS-A3C3B9DD,Loyalty Program,Healthcare,Mobile App,en,8,0,0,1.2,,330,0.5447,0.2899,2026-03-18T02:00:13
CONT-51260000,SESS-67D1E324,Technical Troubleshooting,Financial Services,Kiosk,en,9,1,0,,,707,0.7153,0.7661,2026-03-28T12:06:33
CONT-73FBD023,SESS-40F00955,Technical Troubleshooting,Retail,Mobile App,en,6,1,0,,,241,0.5505,0.7002,2026-03-25T03:13:54
CONT-553B0D98,SESS-93F58394,Subscription Management,Retail,Mobile App,es,19,1,0,5.0,,381,0.9616,0.9846,2026-04-02T05:04:42
CONT-1BE96E87,SESS-74440160,General Inquiry,Financial Services,Partner API,en,10,1,0,,,623,0.3752,0.6301,2026-03-27T14:10:51
CONT-067C0A1A,SESS-7F1EFA21,Password Reset,Technology,Web,en,19,1,0,1.6,,1342,0.8845,0.7498,2026-03-16T12:32:36
CONT-889F69DF,SESS-604DE9FC,Returns & Refunds,Healthcare,IVR,fr,9,1,0,1.5,,433,1.0,0.79,2026-03-16T13:57:44
CONT-FDB6F293,SESS-21A07B4E,Loyalty Program,Financial Services,Kiosk,en,19,1,0,2.5,,967,0.4166,0.6166,2026-03-10T05:20:46
CONT-E1A8A078,SESS-9E11623F,Account Management,Retail,Partner API,fr,19,1,0,,,1057,0.749,0.7796,2026-03-08T10:24:47
CONT-A6691A45,SESS-BE86F8E9,Product Support,Healthcare,Web,zh,15,0,1,,Billing-Ops,466,0.8147,0.5059,2026-03-30T19:57:52
CONT-70B01D60,SESS-8C9A44ED,Order Status,Financial Services,Web,en,5,1,0,,,82,0.8981,0.8392,2026-03-28T08:26:11
CONT-986926C7,SESS-D6EA7317,Loyalty Program,Travel,IVR,de,13,0,0,4.5,,343,0.503,0.4712,2026-04-05T09:30:31
CONT-C37C711F,SESS-6E3A9D27,Returns & Refunds,Financial Services,Partner API,en,2,1,0,3.0,,83,0.7866,0.7946,2026-03-19T23:44:14
CONT-AA0D5BB0,SESS-698F22FE,Product Support,Retail,Kiosk,ja,16,1,0,3.9,,789,0.5515,0.7546,2026-03-30T19:17:01
CONT-555DCC18,SESS-F7C02D41,General Inquiry,Technology,Mobile App,en,5,1,0,,,164,0.4734,0.6694,2026-03-20T07:44:51
CONT-60C50868,SESS-753316A1,Subscription Management,Retail,Partner API,ja,11,0,0,,,429,0.915,0.546,2026-03-11T11:04:41
CONT-FD62163C,SESS-113E8877,Technical Troubleshooting,Technology,Web,zh,11,1,0,3.8,,490,0.8719,0.8768,2026-03-31T15:12:44
CONT-3EF8247E,SESS-CB72F026,Product Support,Financial Services,IVR,en,15,1,0,4.9,,1605,0.5824,0.827,2026-03-12T23:16:47
CONT-A33C73B8,SESS-56ADAB6C,Billing Inquiry,Travel,Partner API,en,7,1,0,3.4,,279,1.0,0.904,2026-03-11T04:39:01
CONT-A5017B90,SESS-322D423F,Subscription Management,Technology,Web,es,16,1,0,,,1701,0.3655,0.6262,2026-03-15T07:32:08
CONT-2462F6FC,SESS-F712BB09,Password Reset,Travel,IVR,fr,9,1,0,,,507,0.7001,0.76,2026-03-31T13:16:01
CONT-328C8820,SESS-7832402C,Returns & Refunds,Financial Services,Web,es,1,0,1,4.0,General-Service,73,0.551,0.4604,2026-03-20T22:11:41
CONT-D135EEC8,SESS-A362E4F4,Technical Troubleshooting,Travel,Kiosk,es,3,1,0,2.7,,81,0.5648,0.6879,2026-03-21T18:13:05
CONT-E931400E,SESS-983C8DA5,Loyalty Program,Technology,Kiosk,es,7,1,0,,,222,0.8631,0.8252,2026-04-04T05:16:20
CONT-5CF309F5,SESS-C048A78E,Product Support,Technology,Partner API,de,13,1,0,,,286,0.5755,0.7102,2026-03-17T01:11:29
CONT-F2008436,SESS-86E2CE78,Technical Troubleshooting,Healthcare,IVR,en,10,1,0,4.6,,152,0.9014,0.9366,2026-03-22T17:50:01
CONT-D21F2B0F,SESS-D65E0A4A,Account Management,Travel,Mobile App,en,14,1,0,,,1341,0.6346,0.7338,2026-03-31T12:40:55
CONT-CA1B35CD,SESS-AECED49F,Order Status,Financial Services,Mobile App,en,15,1,0,,,560,0.7906,0.7962,2026-03-13T16:55:32
CONT-5B9BB87C,SESS-783B7EC8,Subscription Management,Technology,Kiosk,fr,12,1,0,,,1299,0.7817,0.7927,2026-03-20T15:40:28
CONT-278B0611,SESS-5B97B7CB,Technical Troubleshooting,Healthcare,IVR,en,10,1,0,,,294,0.3762,0.6305,2026-03-27T13:56:07
CONT-03C10A66,SESS-35BFA8F4,Product Support,Financial Services,Kiosk,en,14,0,1,,Tier1-Support,320,0.7146,0.4658,2026-03-30T08:44:17
CONT-C7F7BC27,SESS-791A43C5,Account Management,Retail,Mobile App,en,17,1,0,3.7,,512,0.739,0.8176,2026-03-27T19:19:33
CONT-B2D0F776,SESS-C9E6142F,Billing Inquiry,Technology,Partner API,en,20,1,0,3.4,,641,0.4884,0.6994,2026-03-17T20:47:40
CONT-84B89D0B,SESS-C096025D,General Inquiry,Financial Services,Mobile App,en,7,1,0,3.2,,154,1.0,0.892,2026-03-17T04:57:36
CONT-37DF13CE,SESS-68BBA218,Subscription Management,Travel,Partner API,fr,5,1,0,,,381,1.0,0.88,2026-03-28T17:16:21
CONT-50146A24,SESS-3C7E5FE6,Loyalty Program,Technology,Partner API,en,13,1,0,2.0,,803,0.614,0.6656,2026-03-08T19:16:37
CONT-F0D81814,SESS-D95A3731,General Inquiry,Travel,Mobile App,en,16,0,1,,Tier1-Support,1582,0.6934,0.4574,2026-03-25T07:07:15
CONT-F813C05C,SESS-3CE41E44,Returns & Refunds,Travel,IVR,en,7,1,0,1.7,,357,0.6914,0.6786,2026-04-05T22:37:30
CONT-1011DFF7,SESS-63574E0B,Technical Troubleshooting,Retail,Partner API,en,5,1,0,,,38,1.0,0.88,2026-03-28T01:33:13
CONT-E5C6FBDD,SESS-4B2C1981,Loyalty Program,Retail,Web,en,15,1,0,4.2,,900,0.766,0.8584,2026-04-02T03:09:40
CONT-319ADD31,SESS-0FD18897,Subscription Management,Technology,Mobile App,es,16,0,1,1.2,General-Service,689,0.7327,0.3651,2026-03-19T20:28:44
CONT-1C3E1942,SESS-05420CFD,Loyalty Program,Travel,Partner API,en,2,1,0,2.1,,62,0.8233,0.7553,2026-03-27T14:32:20
CONT-C814CDA6,SESS-39FD6F37,Returns & Refunds,Financial Services,IVR,en,8,0,0,2.9,,163,0.7372,0.4689,2026-03-16T02:48:33
CONT-CB2EC90E,SESS-5C0E9599,Technical Troubleshooting,Retail,Partner API,en,20,0,1,,General-Service,1252,0.6603,0.4441,2026-03-10T22:26:38
CONT-DF3EF03A,SESS-926BEBE0,Product Support,Travel,Kiosk,en,8,1,0,1.7,,446,0.5017,0.6027,2026-03-29T16:13:06
CONT-99347F4B,SESS-B0082CA5,Order Status,Travel,Partner API,en,5,1,0,3.1,,125,0.7473,0.7849,2026-03-08T16:13:09
CONT-45FB6A8F,SESS-CC116ED2,Password Reset,Financial Services,Partner API,pt,10,1,0,3.8,,671,0.325,0.658,2026-03-24T05:29:56
CONT-6F44D9E7,SESS-186EAF87,Account Management,Retail,Partner API,es,19,1,0,,,1161,0.5914,0.7166,2026-04-03T14:17:04
CONT-DDFCE02B,SESS-40F42D6C,Returns & Refunds,Healthcare,Web,pt,3,1,0,2.2,,119,0.4321,0.6048,2026-03-29T16:17:16
CONT-579DF1A4,SESS-7919EE16,Order Status,Healthcare,Partner API,en,9,0,0,1.9,,241,0.8932,0.4713,2026-03-25T12:42:59
CONT-92059235,SESS-19EBCD9A,Returns & Refunds,Travel,Partner API,en,2,1,0,3.3,,91,0.6234,0.7474,2026-03-28T14:01:51
CONT-DFEE8563,SESS-28DD8CDF,Product Support,Financial Services,Mobile App,en,14,1,0,3.9,,583,0.7978,0.8531,2026-03-11T02:32:07
CONT-73F0210F,SESS-CD98D821,Technical Troubleshooting,Financial Services,Mobile App,pt,1,0,0,2.5,,58,0.685,0.424,2026-03-09T21:46:12
CONT-384EE088,SESS-BF677780,Password Reset,Technology,Partner API,en,14,1,0,,,1205,0.8941,0.8376,2026-04-02T02:15:33
CONT-022C0901,SESS-A2158EFB,Account Management,Healthcare,Web,en,8,1,0,,,458,0.7109,0.7644,2026-04-04T20:27:09
CONT-7ABD2E1C,SESS-DE24251B,Account Management,Retail,IVR,en,3,0,1,,Tech-Escalation,198,0.7629,0.4852,2026-03-07T07:27:07
CONT-24C3E988,SESS-A6A482BF,Account Management,Technology,Partner API,de,20,1,0,2.5,,1689,0.8799,0.802,2026-03-23T19:34:30
CONT-7475373D,SESS-CFC6B1CA,Order Status,Travel,Mobile App,de,9,1,0,,,218,0.4828,0.6731,2026-03-28T04:07:39
CONT-54B73995,SESS-929DC881,Product Support,Financial Services,Mobile App,en,10,1,0,3.5,,293,0.8952,0.8681,2026-03-20T13:48:15
CONT-CA9CD174,SESS-30859EE7,Billing Inquiry,Financial Services,Partner API,fr,19,1,0,4.6,,329,0.779,0.8876,2026-03-26T12:23:40
CONT-CD455A0F,SESS-289596C1,General Inquiry,Financial Services,Mobile App,pt,8,1,0,,,444,0.9325,0.853,2026-04-04T08:10:30
CONT-F65C7BC9,SESS-07E90894,General Inquiry,Retail,IVR,en,14,1,0,1.1,,697,0.4314,0.5386,2026-03-27T22:35:46
CONT-7E34666D,SESS-E4197E94,Order Status,Technology,Web,es,3,1,0,2.9,,75,0.4636,0.6594,2026-03-08T23:48:37
CONT-391F772D,SESS-43DCD068,Loyalty Program,Retail,Web,en,7,1,0,3.3,,226,0.6634,0.7634,2026-04-05T04:21:57
CONT-9FEF63CA,SESS-27DD010D,Loyalty Program,Financial Services,Web,en,5,1,0,4.2,,111,0.9941,0.9496,2026-04-04T07:15:04
CONT-0771D8A6,SESS-43BF978E,General Inquiry,Travel,IVR,en,19,1,0,,,383,0.9692,0.8677,2026-03-16T01:58:47
CONT-8B7D5EC6,SESS-787D58EC,Returns & Refunds,Retail,Kiosk,en,17,1,0,,,1547,0.8797,0.8319,2026-03-09T12:48:08
CONT-677C9846,SESS-B0D6BAC4,Order Status,Retail,Partner API,en,14,0,1,4.0,General-Service,412,0.7685,0.5474,2026-03-22T19:45:28
CONT-35E1F6AA,SESS-2F0D331A,General Inquiry,Travel,Web,en,9,1,0,,,186,0.8822,0.8329,2026-03-18T17:43:54
CONT-16527B74,SESS-953AB114,Subscription Management,Healthcare,Kiosk,en,20,1,0,3.6,,855,0.6181,0.7632,2026-03-09T11:56:10
CONT-94BD3247,SESS-D9E57160,Technical Troubleshooting,Healthcare,Partner API,en,17,1,0,,,364,0.2045,0.5618,2026-03-25T11:23:16
CONT-B00512C0,SESS-19551536,Order Status,Retail,Web,de,13,1,0,5.0,,311,0.9226,0.969,2026-03-20T05:09:13
CONT-EA5BC624,SESS-7E885CBB,Subscription Management,Retail,Kiosk,en,4,0,1,4.1,Billing-Ops,140,0.6661,0.5124,2026-03-23T05:45:24
CONT-FFF34D05,SESS-59700122,Subscription Management,Technology,Kiosk,de,14,1,0,4.3,,927,1.0,0.958,2026-03-08T09:53:48
CONT-8FA7E38A,SESS-1E5BFE36,General Inquiry,Retail,Partner API,de,12,1,0,,,1187,0.5055,0.6822,2026-03-30T12:42:59
CONT-E21901A9,SESS-A6C99764,General Inquiry,Financial Services,IVR,en,8,1,0,2.2,,111,1.0,0.832,2026-03-19T22:33:21
CONT-DD5C02DB,SESS-EAA0385F,Password Reset,Financial Services,Partner API,de,2,1,0,,,348,0.7377,0.7751,2026-03-14T09:33:57
CONT-F1A616CA,SESS-523D4EBE,General Inquiry,Technology,Web,en,1,0,1,3.0,Tech-Escalation,20,0.8926,0.537,2026-03-16T02:12:39
CONT-EE33237C,SESS-BC044E3A,Order Status,Financial Services,Web,en,19,0,1,,Billing-Ops,796,0.6774,0.451,2026-03-18T09:16:30
CONT-8FEE6925,SESS-520334A1,Password Reset,Financial Services,Partner API,en,8,1,0,1.0,,611,0.7669,0.6668,2026-04-02T01:55:53
CONT-7159BED8,SESS-CFF9F8C5,Billing Inquiry,Healthcare,Kiosk,zh,8,1,0,4.2,,175,0.6351,0.806,2026-03-17T01:30:16
CONT-C25F08D5,SESS-FF33191F,Subscription Management,Financial Services,Mobile App,es,6,1,0,,,398,0.8021,0.8008,2026-03-14T10:44:07
CONT-8310C5F2,SESS-0B5F6593,Technical Troubleshooting,Technology,Kiosk,en,18,1,0,1.1,,941,0.8867,0.7207,2026-03-23T04:44:41
CONT-5620E539,SESS-7BC07EE1,Account Management,Retail,Web,es,18,1,0,,,647,0.7357,0.7743,2026-03-17T10:44:59
CONT-BB89F78B,SESS-D57A3D63,Billing Inquiry,Healthcare,IVR,de,2,1,0,2.1,,11,0.6101,0.67,2026-04-02T09:13:17
CONT-BA048F67,SESS-D5E1E996,Technical Troubleshooting,Technology,Partner API,en,2,1,0,4.9,,141,0.6219,0.8428,2026-03-20T06:55:47
CONT-84C7CDDA,SESS-B2DEF26C,Billing Inquiry,Healthcare,Partner API,zh,4,1,0,3.5,,135,0.4917,0.7067,2026-03-12T12:59:42
CONT-58C12708,SESS-D1842746,Returns & Refunds,Technology,IVR,en,20,1,0,,,1632,0.8097,0.8039,2026-03-12T08:46:01
CONT-7E6B6EC1,SESS-53D32227,Billing Inquiry,Retail,Web,de,14,1,0,,,1026,0.3548,0.6219,2026-03-13T20:51:42
CONT-D7F4AA2A,SESS-5C18262E,Subscription Management,Technology,Partner API,en,10,1,0,,,405,0.644,0.7376,2026-03-23T03:25:35
CONT-4922E0EF,SESS-954B6126,Subscription Management,Financial Services,IVR,pt,16,1,0,,,604,0.5768,0.7107,2026-03-24T02:20:14
CONT-D5A6DEA7,SESS-9A03CDC8,General Inquiry,Retail,Mobile App,es,9,1,0,1.5,,326,0.8699,0.738,2026-04-03T05:39:58
CONT-5B5404CD,SESS-87AD2FFF,Subscription Management,Financial Services,Mobile App,en,9,1,0,,,127,1.0,0.88,2026-03-12T05:29:59
CONT-3CA51706,SESS-B4CB70E0,Subscription Management,Retail,Kiosk,en,6,1,0,,,358,0.6915,0.7566,2026-03-17T13:53:56
CONT-5395208F,SESS-05C7F6F4,Technical Troubleshooting,Travel,Web,es,7,0,1,,Billing-Ops,539,0.4096,0.3438,2026-03-10T17:58:56
CONT-7ABD2E1C,SESS-365623C4,Order Status,Healthcare,IVR,en,4,1,0,1.7,,119,0.6758,0.6723,2026-03-31T14:24:47
CONT-6A3DB3C7,SESS-EC908ABF,Password Reset,Financial Services,Kiosk,en,19,1,0,,,1927,0.6907,0.7563,2026-03-15T12:43:06
CONT-496FF778,SESS-8D9BB39D,General Inquiry,Retail,IVR,fr,3,1,0,2.6,,175,0.5821,0.6888,2026-03-14T18:58:17
CONT-D0DBD1BB,SESS-91DB56EE,Technical Troubleshooting,Travel,Partner API,en,17,1,0,2.1,,1017,1.0,0.826,2026-03-16T13:33:18
CONT-A9EA41E2,SESS-06DBF118,Order Status,Healthcare,IVR,en,17,1,0,,,1380,0.6837,0.7535,2026-03-08T08:10:05
CONT-1D08D422,SESS-82A7736E,Password Reset,Financial Services,Partner API,en,19,1,0,,,1273,0.8155,0.8062,2026-03-30T15:30:59
CONT-8A139577,SESS-01DAD009,Subscription Management,Healthcare,IVR,en,19,1,0,,,1151,0.9224,0.849,2026-03-13T01:17:32
CONT-5129B72E,SESS-4A6AF292,Order Status,Healthcare,Kiosk,en,4,0,0,,,346,0.6746,0.4498,2026-03-23T04:50:18
CONT-17BBA9B7,SESS-9E65A231,Billing Inquiry,Travel,Mobile App,en,12,1,0,2.7,,788,0.6234,0.7114,2026-03-22T02:39:48
CONT-40410578,SESS-C0721E18,Returns & Refunds,Retail,Web,pt,3,1,0,,,77,0.6461,0.7384,2026-03-25T11:28:15
CONT-46BC6C71,SESS-CC5E341D,General Inquiry,Retail,Kiosk,en,7,1,0,4.8,,298,0.3677,0.7351,2026-03-15T16:48:07
CONT-E92AB986,SESS-CB5FB5F3,Billing Inquiry,Healthcare,IVR,es,9,1,0,2.5,,674,0.1465,0.5086,2026-03-21T12:06:54
CONT-86C3387E,SESS-2BF12A20,Technical Troubleshooting,Technology,Mobile App,en,14,1,0,1.0,,3190,1.0,0.76,2026-03-11T07:15:41
CONT-8FD213EE,SESS-3AFB1CB6,Returns & Refunds,Retail,IVR,en,1,1,0,3.3,,38,0.7019,0.7788,2026-03-30T09:28:49
CONT-7E510E15,SESS-0A3A60C3,Billing Inquiry,Healthcare,Kiosk,en,19,1,0,,,1018,0.5822,0.7129,2026-03-24T10:25:51
CONT-F65C7BC9,SESS-59EA55B4,Loyalty Program,Financial Services,Partner API,en,7,1,0,,,351,0.6712,0.7485,2026-03-29T16:05:36
CONT-46C00AC3,SESS-5B225D49,General Inquiry,Technology,IVR,es,17,0,0,3.1,,718,0.7363,0.4805,2026-03-10T07:54:19
CONT-007452AF,SESS-7ADD31D4,Loyalty Program,Healthcare,Partner API,en,15,1,0,3.6,,304,0.7079,0.7992,2026-03-08T03:01:35
CONT-097B11F2,SESS-A4FABE7C,General Inquiry,Travel,Web,en,1,1,0,2.5,,49,0.7258,0.7403,2026-03-19T04:08:04
CONT-EBFB580C,SESS-53E35296,Account Management,Financial Services,Web,es,13,1,0,,,510,0.9276,0.851,2026-03-13T00:54:36
CONT-2D2114B1,SESS-C1B08B8B,General Inquiry,Travel,Web,en,17,1,0,,,614,0.7455,0.7782,2026-03-08T09:14:07
CONT-F4928876,SESS-281E9AD3,Password Reset,Technology,Mobile App,es,5,1,0,1.7,,486,0.6841,0.6756,2026-03-31T02:10:05
CONT-FD369A47,SESS-9E83B881,Subscription Management,Travel,Kiosk,en,7,0,1,2.3,Tier1-Support,355,0.6807,0.4103,2026-03-19T15:20:54
CONT-BE18D0AB,SESS-626FEDE6,Order Status,Healthcare,Mobile App,en,5,0,1,2.5,Billing-Ops,469,0.6485,0.4094,2026-03-09T13:04:33
CONT-DAF56607,SESS-1D14EBE6,Technical Troubleshooting,Financial Services,Partner API,en,7,1,0,1.4,,675,0.6793,0.6557,2026-03-23T19:57:29
CONT-1BBDD520,SESS-A98D23D2,General Inquiry,Travel,IVR,en,14,0,0,,,373,0.8359,0.5144,2026-03-08T05:42:40
CONT-8190B43B,SESS-CE156270,Loyalty Program,Travel,IVR,en,9,1,0,1.4,,335,0.8241,0.7136,2026-03-18T18:21:53
CONT-53AB19B0,SESS-B4EA18B3,Subscription Management,Healthcare,Web,fr,20,1,0,,,173,0.701,0.7604,2026-03-16T17:09:00
CONT-F23E54AC,SESS-7BE2DAED,Technical Troubleshooting,Technology,Kiosk,es,6,1,0,4.5,,203,0.4873,0.7649,2026-03-15T09:56:56
CONT-8F0A65D1,SESS-DA8E972A,Account Management,Retail,IVR,en,19,1,0,,,609,0.5853,0.7141,2026-04-01T06:35:58
CONT-470835B2,SESS-2F8BF1E3,Order Status,Healthcare,IVR,es,20,0,1,,Tech-Escalation,868,0.4265,0.3506,2026-03-24T19:54:55
CONT-64649E09,SESS-0B354699,Loyalty Program,Travel,Mobile App,en,3,1,0,,,162,0.9732,0.8693,2026-03-30T14:23:37
CONT-181EBE73,SESS-475D68D8,Product Support,Travel,Kiosk,es,15,1,0,,,793,0.8618,0.8247,2026-03-11T22:59:42
CONT-B0CB3CDE,SESS-2F14CE9F,Loyalty Program,Travel,Partner API,es,14,0,0,2.7,,1206,0.9473,0.5409,2026-03-29T01:01:23
CONT-BE00DD17,SESS-11BB6D5B,Order Status,Retail,Web,en,5,1,0,,,686,0.6002,0.7201,2026-04-01T00:59:31
CONT-70FE4424,SESS-1F0DA5A0,Technical Troubleshooting,Financial Services,Kiosk,en,10,1,0,4.3,,290,0.8567,0.9007,2026-03-23T07:13:49
CONT-B1BC54AE,SESS-BC1AF5CC,Technical Troubleshooting,Technology,Kiosk,en,17,1,0,,,1162,0.8551,0.822,2026-03-27T15:06:05
CONT-6A15AB07,SESS-F2D58E26,Order Status,Travel,Mobile App,en,12,1,0,,,1666,0.7023,0.7609,2026-03-16T08:02:14
CONT-C25D0DD5,SESS-236CCC12,Order Status,Healthcare,Mobile App,pt,12,0,0,4.2,,692,0.5039,0.4536,2026-03-27T09:18:30
CONT-400B05E6,SESS-C184B4EF,Account Management,Technology,Partner API,es,19,1,0,1.6,,3058,0.6327,0.6491,2026-03-19T09:58:36
CONT-F2008436,SESS-DDB8013A,Billing Inquiry,Healthcare,IVR,fr,14,1,0,,,520,0.6307,0.7323,2026-03-09T06:05:17
CONT-A4BBDF34,SESS-8ADD1A69,Billing Inquiry,Retail,Mobile App,fr,6,0,0,,,182,0.5541,0.4016,2026-04-04T06:13:42
CONT-12A4CB2C,SESS-26916007,Technical Troubleshooting,Retail,Mobile App,en,14,1,0,,,457,0.4268,0.6507,2026-03-16T06:33:57
CONT-B00512C0,SESS-A18199E9,Loyalty Program,Healthcare,Kiosk,en,5,1,0,,,139,1.0,0.88,2026-03-18T04:45:33
CONT-75131F0E,SESS-200A3FA2,Product Support,Technology,Mobile App,en,9,1,0,1.4,,625,0.8852,0.7381,2026-03-08T18:20:57
CONT-55014190,SESS-716B5E7D,Technical Troubleshooting,Retail,Partner API,en,18,1,0,3.0,,1630,1.0,0.88,2026-03-08T13:33:47
CONT-1B921AF9,SESS-B5351A81,Billing Inquiry,Retail,Kiosk,fr,4,0,1,,Billing-Ops,61,0.454,0.3616,2026-03-15T11:45:55
CONT-754F61C1,SESS-E067D19F,Subscription Management,Financial Services,Kiosk,en,9,1,0,1.8,,248,0.6061,0.6504,2026-03-25T18:45:56
CONT-6686DE8C,SESS-ABA51F98,General Inquiry,Financial Services,Web,en,11,1,0,2.0,,410,0.6106,0.6642,2026-03-16T17:18:43
CONT-6B508567,SESS-3FB50952,Loyalty Program,Retail,Kiosk,en,11,0,1,3.9,General-Service,560,0.7071,0.5168,2026-03-14T20:19:33
CONT-AF2CB5A2,SESS-45A25663,Subscription Management,Retail,Mobile App,de,11,1,0,,,318,0.2649,0.586,2026-04-04T07:34:11
CONT-5AD42462,SESS-3F7A9B3B,Account Management,Travel,Partner API,fr,18,1,0,1.3,,443,0.5902,0.6141,2026-03-25T02:39:59
CONT-075918F5,SESS-2FD48EA4,Password Reset,Travel,IVR,en,19,1,0,3.4,,732,0.4741,0.6936,2026-03-17T13:12:06
CONT-D9D03317,SESS-8B0615C9,Loyalty Program,Retail,Partner API,zh,4,1,0,2.2,,133,0.4738,0.6215,2026-03-29T08:04:56
CONT-B2D0F776,SESS-CB3C8EC1,Subscription Management,Retail,Mobile App,en,3,1,0,1.1,,124,0.4854,0.5602,2026-03-21T00:47:39
CONT-EE40A756,SESS-A75F1D32,Technical Troubleshooting,Healthcare,Web,en,11,1,0,,,295,0.4383,0.6553,2026-03-17T13:41:25
CONT-88676FE3,SESS-0807989B,Order Status,Healthcare,Mobile App,en,16,0,1,3.4,General-Service,652,0.5267,0.4147,2026-03-28T02:12:34
CONT-3B76012F,SESS-E57059E8,Subscription Management,Travel,Kiosk,fr,9,0,0,,,693,0.7812,0.4925,2026-03-10T06:05:33
CONT-DBE3E092,SESS-B8B4BCD4,Subscription Management,Healthcare,Web,en,20,1,0,4.1,,857,0.5405,0.7622,2026-03-26T13:01:54
CONT-DB00495E,SESS-ED65E686,Technical Troubleshooting,Healthcare,Mobile App,en,11,1,0,3.7,,617,0.8381,0.8572,2026-03-16T22:44:02
CONT-537B8775,SESS-CD993BC4,Account Management,Financial Services,IVR,en,14,0,1,3.3,Tech-Escalation,681,1.0,0.598,2026-04-02T14:28:21
CONT-6418397D,SESS-F97B3B3D,General Inquiry,Technology,Partner API,en,11,1,0,,,647,0.8827,0.8331,2026-03-19T10:05:15
CONT-DDFCE02B,SESS-CB8195D1,Order Status,Retail,Kiosk,en,11,0,0,,,532,0.8351,0.514,2026-04-02T14:42:48
CONT-0E21B290,SESS-74209CDF,Account Management,Technology,Mobile App,es,1,1,0,1.4,,27,0.6083,0.6273,2026-03-09T03:51:27
CONT-2D885172,SESS-8E487FCF,Returns & Refunds,Retail,Partner API,de,20,1,0,,,1102,0.7684,0.7874,2026-03-21T15:50:10
CONT-B6933BA5,SESS-E85BC4E6,Billing Inquiry,Healthcare,Web,en,2,1,0,,,121,0.9201,0.848,2026-03-10T20:16:00
CONT-EBCE24C6,SESS-8B6288B9,Order Status,Healthcare,IVR,es,6,1,0,4.6,,114,0.5051,0.778,2026-03-27T03:05:33
CONT-685E76B6,SESS-FFE0B17C,Billing Inquiry,Financial Services,Mobile App,fr,10,1,0,,,513,0.5551,0.702,2026-03-19T23:00:32
CONT-AB86ED14,SESS-13615FD7,Order Status,Travel,Mobile App,en,7,1,0,1.1,,2374,0.8031,0.6872,2026-03-21T00:59:04
CONT-C7783987,SESS-E9422314,Returns & Refunds,Retail,Partner API,pt,15,1,0,1.6,,639,0.5969,0.6348,2026-03-18T12:27:47
CONT-7EE49C1F,SESS-EFEEC217,Subscription Management,Travel,Kiosk,fr,6,1,0,5.0,,201,0.706,0.8824,2026-03-31T10:10:13
CONT-384EE088,SESS-00B0CF57,Product Support,Retail,Partner API,en,18,0,0,4.1,,860,0.6087,0.4895,2026-03-25T22:09:12
CONT-50FBFD44,SESS-EA2EEB1D,Returns & Refunds,Financial Services,Partner API,en,16,0,0,2.9,,607,0.9689,0.5616,2026-03-07T17:50:01
CONT-A6932352,SESS-674024CB,Subscription Management,Financial Services,Kiosk,de,4,1,0,3.5,,410,0.7504,0.8102,2026-03-10T15:08:58
CONT-9AC13C2C,SESS-7DFBDBD9,Technical Troubleshooting,Financial Services,Mobile App,en,2,0,1,2.0,General-Service,39,0.8077,0.4431,2026-03-07T01:59:07
CONT-0EB2F2BC,SESS-54CF4E3D,Subscription Management,Retail,Kiosk,ja,8,1,0,2.4,,908,0.974,0.8336,2026-03-29T08:49:22
CONT-2AB81456,SESS-B283AB15,Technical Troubleshooting,Financial Services,IVR,en,5,0,0,,,347,0.9845,0.5738,2026-03-18T00:39:52
CONT-70FEDD86,SESS-5D643BA1,Account Management,Financial Services,Mobile App,en,13,1,0,2.1,,600,0.8256,0.7562,2026-03-19T04:55:46
CONT-FAE730B0,SESS-C063180B,Order Status,Financial Services,Web,pt,12,0,1,,Tech-Escalation,356,0.7585,0.4834,2026-04-02T04:25:43
CONT-4E15CB24,SESS-DF76030D,Returns & Refunds,Financial Services,Mobile App,en,14,0,0,1.1,,1389,0.5821,0.2988,2026-04-05T20:24:12
CONT-99B3774E,SESS-BC45519C,Order Status,Healthcare,Partner API,en,3,1,0,,,79,0.7195,0.7678,2026-03-23T15:10:40
CONT-E2DB8DDF,SESS-35627808,Subscription Management,Technology,IVR,en,13,1,0,3.8,,507,0.8298,0.8599,2026-03-22T22:57:49
CONT-0E0C573F,SESS-2E582494,Returns & Refunds,Healthcare,Mobile App,en,5,0,1,4.3,Tech-Escalation,170,1.0,0.658,2026-03-16T01:49:55
CONT-1556B457,SESS-44174578,General Inquiry,Technology,Partner API,en,9,1,0,,,185,0.9507,0.8603,2026-03-28T06:27:13
CONT-DFEE8563,SESS-A07B914F,Technical Troubleshooting,Travel,Mobile App,zh,8,1,0,,,225,0.3408,0.6163,2026-04-05T11:42:01
CONT-E10BC48A,SESS-A0A73EE4,Account Management,Technology,Kiosk,en,14,1,0,,,721,0.6491,0.7396,2026-03-10T16:53:32
CONT-8300BFE5,SESS-21769225,Returns & Refunds,Retail,Mobile App,en,15,1,0,,,344,0.3637,0.6255,2026-03-28T23:15:14
CONT-F2FFF453,SESS-C4B7F1AD,Account Management,Retail,IVR,en,16,1,0,3.6,,711,0.8952,0.8741,2026-04-03T17:24:24
CONT-6D7E188B,SESS-7F7A4083,Returns & Refunds,Retail,Web,es,5,1,0,2.6,,317,0.7113,0.7405,2026-03-27T01:39:35
CONT-8A5EFD86,SESS-F2EDB456,Product Support,Technology,Mobile App,es,6,1,0,,,357,0.6946,0.7578,2026-03-19T16:40:11
CONT-35A8B086,SESS-FE15E659,Technical Troubleshooting,Healthcare,Mobile App,en,14,1,0,2.9,,265,0.4158,0.6403,2026-03-28T01:03:49
CONT-30B2FE4F,SESS-A3027777,Returns & Refunds,Technology,IVR,es,6,1,0,3.8,,237,0.6679,0.7952,2026-03-07T05:33:11
CONT-A93DED69,SESS-666C8605,Billing Inquiry,Financial Services,Mobile App,en,16,1,0,4.2,,1191,0.8515,0.8926,2026-04-02T16:58:09
CONT-D5FCFE79,SESS-202A0A54,Billing Inquiry,Technology,Web,en,14,1,0,3.4,,899,0.6439,0.7616,2026-03-25T16:19:59
CONT-6C1BCE5E,SESS-ACBF37E8,Returns & Refunds,Travel,Kiosk,es,18,1,0,,,351,0.7824,0.793,2026-03-29T07:32:34
CONT-3757C7E4,SESS-D577A45D,Subscription Management,Retail,IVR,es,7,1,0,2.3,,428,0.2223,0.5269,2026-03-14T07:02:07
CONT-1BBAEDE5,SESS-06FF31DF,Account Management,Technology,Partner API,ja,6,1,0,2.3,,162,0.5618,0.6627,2026-03-26T14:39:41
CONT-398E03EA,SESS-AC92FC30,Returns & Refunds,Retail,Web,en,13,1,0,2.5,,623,0.5393,0.6657,2026-03-15T05:44:29
CONT-C9847F3C,SESS-66F9546C,Order Status,Financial Services,Kiosk,pt,15,1,0,,,655,0.6579,0.7432,2026-04-02T13:29:20
CONT-39305D56,SESS-0443B278,Technical Troubleshooting,Retail,IVR,en,7,0,1,2.1,General-Service,284,0.5567,0.3487,2026-03-10T10:56:39
CONT-7E79E32D,SESS-EF464FB1,Product Support,Retail,Mobile App,en,1,1,0,4.6,,30,0.4839,0.7696,2026-04-01T15:21:17
CONT-CF072787,SESS-9931373F,Technical Troubleshooting,Travel,Kiosk,es,4,1,0,,,224,0.8142,0.8057,2026-03-14T11:29:22
CONT-8F24DD1C,SESS-4DEFBC24,Password Reset,Financial Services,Mobile App,en,7,0,1,,Billing-Ops,197,1.0,0.58,2026-04-03T23:29:24
CONT-9DBD5A00,SESS-F4E2191F,General Inquiry,Healthcare,Web,en,4,1,0,5.0,,148,1.0,1.0,2026-04-04T06:44:08
CONT-6EB81032,SESS-316C0C9C,Password Reset,Financial Services,Partner API,fr,15,1,0,,,456,0.2947,0.5979,2026-03-29T17:00:08
CONT-FB959790,SESS-9376A571,Password Reset,Travel,Mobile App,en,1,1,0,1.7,,56,0.7497,0.7019,2026-04-04T19:04:38
CONT-27603415,SESS-DE65DBD0,Subscription Management,Technology,Kiosk,en,9,1,0,2.5,,410,0.5716,0.6786,2026-03-29T07:22:01
CONT-73368DA5,SESS-23759765,Order Status,Retail,IVR,en,1,1,0,,,43,0.5977,0.7191,2026-04-03T01:03:23
CONT-BB7528BA,SESS-0CB4A625,Returns & Refunds,Travel,Partner API,es,19,1,0,,,708,0.8683,0.8273,2026-03-09T10:40:19
CONT-BEE0A158,SESS-281CD9BE,General Inquiry,Travel,Web,en,1,1,0,2.0,,49,0.822,0.7488,2026-03-17T14:30:49
CONT-A40FBA90,SESS-F8B0979D,Billing Inquiry,Healthcare,Web,en,18,0,1,3.5,General-Service,700,0.6316,0.4626,2026-03-19T02:19:11
CONT-BF087480,SESS-3663DB4B,Account Management,Healthcare,Web,zh,9,1,0,,,201,0.626,0.7304,2026-03-20T16:53:18
CONT-AB6BA1F6,SESS-AC71000F,Order Status,Financial Services,IVR,en,19,0,1,1.0,Tech-Escalation,115,0.582,0.2928,2026-03-19T19:14:06
CONT-25B8BD68,SESS-91CF064D,Billing Inquiry,Technology,Web,es,19,0,1,,Billing-Ops,808,0.8127,0.5051,2026-03-20T06:04:37
CONT-7F4EB2A1,SESS-2B07029C,Account Management,Travel,Partner API,fr,4,1,0,2.7,,152,0.7695,0.7698,2026-03-13T10:37:26
CONT-8FB56654,SESS-CE99EFF3,Loyalty Program,Retail,Mobile App,en,11,1,0,1.3,,132,0.6886,0.6534,2026-03-18T18:59:52
CONT-94E5033A,SESS-F8C98F8A,Subscription Management,Financial Services,Mobile App,en,11,1,0,,,179,0.4583,0.6633,2026-03-22T20:10:11
CONT-7D9DCD41,SESS-82D2CDDA,Technical Troubleshooting,Travel,Mobile App,en,3,1,0,,,119,0.9553,0.8621,2026-03-30T22:27:59
CONT-8183976F,SESS-4D33A3FD,Billing Inquiry,Retail,IVR,en,9,1,0,,,502,0.7036,0.7614,2026-03-31T07:02:43
CONT-C57C3900,SESS-2033AF7D,Password Reset,Retail,Mobile App,en,20,0,1,4.5,Tier1-Support,883,0.5573,0.4929,2026-03-23T10:18:15
CONT-15B354A7,SESS-6EDBF8F7,Technical Troubleshooting,Retail,Web,en,17,0,0,1.4,,548,0.7855,0.3982,2026-03-25T15:22:15
CONT-8F2F06B2,SESS-1C77929C,Product Support,Financial Services,Kiosk,en,11,1,0,2.6,,214,0.8186,0.7834,2026-03-14T21:55:07
CONT-A793D2D5,SESS-FCDCC258,General Inquiry,Retail,Web,fr,2,1,0,3.8,,70,0.8651,0.874,2026-03-23T08:09:48
CONT-355135A8,SESS-F30DEAA9,Order Status,Retail,IVR,en,13,1,0,,,1034,0.3654,0.6262,2026-03-11T14:46:36
CONT-FC875612,SESS-5163087A,Loyalty Program,Travel,Mobile App,en,18,1,0,3.1,,567,0.5289,0.6976,2026-03-29T07:47:45
CONT-B3CB9D40,SESS-D17D0C59,Loyalty Program,Retail,Partner API,en,18,0,1,4.0,Tech-Escalation,271,0.4935,0.4374,2026-03-11T07:21:57
CONT-075918F5,SESS-5497FC98,Returns & Refunds,Technology,Mobile App,zh,18,0,1,,Tier1-Support,3481,0.8219,0.5088,2026-03-17T11:09:30
CONT-B3FB54BE,SESS-238B849D,Billing Inquiry,Healthcare,Partner API,en,3,1,0,,,423,0.8658,0.8263,2026-03-18T08:42:15
CONT-7B229647,SESS-1BAB65C5,Returns & Refunds,Healthcare,Kiosk,en,15,1,0,1.6,,429,0.6236,0.6454,2026-03-22T21:44:08
CONT-331E14F4,SESS-75F50320,Subscription Management,Financial Services,Kiosk,en,1,1,0,3.4,,63,0.7875,0.819,2026-03-27T09:05:42
CONT-573408E8,SESS-D1DD7E3E,General Inquiry,Financial Services,Mobile App,en,1,0,0,,,31,0.398,0.3392,2026-03-11T04:57:13
CONT-13B2AA0C,SESS-462157CD,Account Management,Financial Services,Web,en,13,1,0,,,4178,0.6718,0.7487,2026-03-07T04:50:26
CONT-031F3205,SESS-8BC12B62,Billing Inquiry,Technology,IVR,en,9,1,0,,,330,0.7227,0.7691,2026-04-02T03:21:38
CONT-1904C034,SESS-B28F4CA0,Product Support,Retail,Partner API,en,5,1,0,4.7,,193,0.7245,0.8718,2026-03-10T10:33:17
CONT-FE6B157D,SESS-870045AD,Billing Inquiry,Travel,IVR,en,20,0,1,,Tech-Escalation,1935,0.6751,0.45,2026-03-09T16:57:23
CONT-6130B825,SESS-B3744C08,Technical Troubleshooting,Technology,Mobile App,de,10,1,0,1.3,,222,0.6677,0.6451,2026-03-17T19:09:37
CONT-2F3DC9A4,SESS-AD275F26,General Inquiry,Technology,Mobile App,es,13,0,1,2.6,Tech-Escalation,439,0.9848,0.5499,2026-04-04T08:39:28
CONT-ECA6FD72,SESS-AD720A5E,Returns & Refunds,Retail,IVR,es,6,1,0,,,541,0.7215,0.7686,2026-03-08T09:17:42
CONT-15378D97,SESS-C107DF53,Password Reset,Retail,IVR,en,17,1,0,,,352,0.4548,0.6619,2026-03-28T06:09:39
CONT-31765127,SESS-ABB3A322,Billing Inquiry,Travel,Kiosk,fr,19,0,0,3.9,,857,0.7673,0.5409,2026-03-09T11:25:13
CONT-6D83A0FD,SESS-E153AC93,Returns & Refunds,Technology,Web,fr,12,1,0,,,428,0.604,0.7216,2026-03-14T17:10:18
CONT-0457B228,SESS-E3B2FA79,Subscription Management,Healthcare,IVR,pt,13,1,0,1.4,,407,0.6953,0.6621,2026-03-27T19:06:25
CONT-CC9FBF83,SESS-80910D44,Subscription Management,Technology,IVR,en,11,1,0,1.4,,117,0.4797,0.5759,2026-03-11T00:52:04
CONT-7E34666D,SESS-84938A5B,Billing Inquiry,Financial Services,Web,pt,1,0,1,,Tech-Escalation,30,0.9415,0.5566,2026-04-01T13:22:41
CONT-BEA7A6CF,SESS-E81E511C,General Inquiry,Financial Services,Kiosk,en,16,1,0,4.2,,438,0.7361,0.8464,2026-03-26T20:50:52
CONT-DCDC67E3,SESS-5EE967D1,Technical Troubleshooting,Healthcare,Mobile App,en,14,0,0,4.4,,716,0.9596,0.6478,2026-03-18T12:52:36
CONT-9539F6EC,SESS-4624A1AE,Technical Troubleshooting,Travel,Partner API,es,18,0,1,,General-Service,1716,0.6885,0.4554,2026-04-01T01:48:08
CONT-56653906,SESS-E15BDA99,Order Status,Retail,Kiosk,en,5,0,1,3.0,Tech-Escalation,168,0.5672,0.4069,2026-03-17T12:42:03
CONT-A835021B,SESS-68D9B1DA,Billing Inquiry,Retail,Web,es,8,1,0,4.3,,309,0.6132,0.8033,2026-03-07T11:11:10
CONT-C3CE03A5,SESS-CA434810,Account Management,Healthcare,Web,en,16,1,0,2.4,,997,0.7841,0.7576,2026-03-22T00:20:02
CONT-0E821DC5,SESS-CBBAA004,General Inquiry,Retail,Web,ja,2,1,0,,,127,0.9519,0.8608,2026-03-07T00:28:17
CONT-706798AF,SESS-BB3A6812,Technical Troubleshooting,Technology,Partner API,en,20,0,0,,,2733,0.7249,0.47,2026-03-29T09:02:51
CONT-1B6952B6,SESS-9D98DDD1,General Inquiry,Travel,Web,en,7,1,0,4.1,,605,0.6297,0.7979,2026-04-03T22:19:56
CONT-CA1B35CD,SESS-C0296550,Loyalty Program,Financial Services,Partner API,en,9,1,0,2.5,,819,0.9123,0.8149,2026-03-26T20:01:03
CONT-60C50868,SESS-5181781E,Subscription Management,Retail,IVR,es,13,1,0,2.9,,1064,0.7188,0.7615,2026-03-10T05:26:39
CONT-708249C8,SESS-9491DAB2,Password Reset,Healthcare,Mobile App,en,19,1,0,4.2,,568,0.4211,0.7204,2026-03-25T16:14:35
CONT-986A0A5D,SESS-4BC81F2F,Billing Inquiry,Healthcare,Kiosk,es,20,1,0,3.9,,872,1.0,0.934,2026-03-19T20:29:36
CONT-8D6368EF,SESS-478B901C,Product Support,Healthcare,Kiosk,de,15,1,0,2.4,,556,0.857,0.7868,2026-04-01T21:14:53
CONT-E98092F0,SESS-5E172BE2,Password Reset,Healthcare,Kiosk,en,14,0,0,1.3,,1038,0.6433,0.3353,2026-04-02T01:15:06
CONT-B3095BA1,SESS-1FD6516D,Subscription Management,Technology,Partner API,pt,12,1,0,,,1181,0.1183,0.5273,2026-04-03T20:44:08
CONT-41CC1425,SESS-2FE9A064,General Inquiry,Financial Services,Partner API,en,15,1,0,1.3,,321,0.5169,0.5848,2026-03-15T04:00:48
CONT-DFA573F8,SESS-23C37406,Billing Inquiry,Financial Services,Kiosk,de,18,1,0,,,492,0.7673,0.7869,2026-03-15T11:14:21
CONT-352925F3,SESS-474D182F,Billing Inquiry,Healthcare,Web,en,6,1,0,3.7,,319,0.7788,0.8335,2026-03-16T12:22:45
CONT-0F3E54CE,SESS-792036D1,Technical Troubleshooting,Technology,Mobile App,en,6,1,0,,,383,0.51,0.684,2026-03-09T07:15:11
CONT-3B76012F,SESS-8F4B27E3,General Inquiry,Retail,Mobile App,en,10,1,0,2.1,,215,0.7793,0.7377,2026-03-19T02:06:09
CONT-1BE5F2AE,SESS-8616280A,Product Support,Retail,Web,de,20,1,0,2.5,,612,0.3859,0.6044,2026-03-27T07:41:43
CONT-73C00490,SESS-A88FD98C,Password Reset,Technology,Mobile App,en,16,1,0,,,1280,0.979,0.8716,2026-03-10T16:31:55
CONT-6653C0DA,SESS-FFDC69C8,General Inquiry,Travel,Partner API,de,9,1,0,,,1024,0.7374,0.775,2026-03-29T14:11:49
CONT-E474EB9C,SESS-CBDAB141,General Inquiry,Travel,Kiosk,en,2,0,1,,Billing-Ops,130,0.974,0.5696,2026-03-22T11:05:42
CONT-E98BE0CA,SESS-2C02C9CA,Subscription Management,Financial Services,Web,en,20,0,1,,Tech-Escalation,608,0.9221,0.5488,2026-03-25T03:17:59
CONT-5E4BA846,SESS-8B6D405D,Account Management,Retail,Kiosk,en,3,1,0,4.3,,158,0.8827,0.9111,2026-03-25T13:20:15
CONT-A7974DC8,SESS-A6FF50E2,Order Status,Retail,Kiosk,es,6,1,0,,,299,0.9593,0.8637,2026-03-16T02:19:11
CONT-DFA573F8,SESS-D280AF8C,Product Support,Retail,IVR,en,19,0,1,,Tier1-Support,971,0.4032,0.3413,2026-03-22T13:19:09
CONT-D0D12F5C,SESS-1D9A4CA4,Password Reset,Retail,Web,es,16,1,0,1.1,,1709,0.5105,0.5702,2026-03-29T03:44:19
CONT-D23F120B,SESS-F476E365,Account Management,Financial Services,Mobile App,ja,9,1,0,4.3,,853,0.682,0.8308,2026-03-13T20:01:15
CONT-839679A3,SESS-1A31DA26,Password Reset,Technology,Kiosk,en,16,1,0,,,1448,0.927,0.8508,2026-03-25T05:56:45
CONT-E67C060F,SESS-7A5896B2,Loyalty Program,Healthcare,Mobile App,de,9,0,1,1.6,Tier1-Support,520,0.8017,0.4167,2026-03-30T15:03:32
CONT-FB5D5D25,SESS-C3D4E9BF,Technical Troubleshooting,Technology,Kiosk,en,12,1,0,2.8,,691,0.2972,0.5869,2026-03-25T01:04:51
CONT-C6977528,SESS-83F313E8,Returns & Refunds,Healthcare,Web,fr,19,0,0,2.1,,911,0.4768,0.3167,2026-04-02T03:00:08
CONT-BE376DC2,SESS-DB4D5DF6,Product Support,Travel,Partner API,pt,3,1,0,,,148,0.4714,0.6686,2026-04-01T07:26:31
CONT-FA2F1D04,SESS-B8AFA9A0,Order Status,Healthcare,Web,en,15,1,0,,,329,1.0,0.88,2026-03-19T14:26:29
CONT-F0469CBE,SESS-F3534D45,Billing Inquiry,Healthcare,Kiosk,en,16,1,0,,,1358,0.6992,0.7597,2026-03-28T14:23:57
CONT-16573E15,SESS-11550B34,Order Status,Travel,IVR,es,3,1,0,1.8,,149,0.6504,0.6682,2026-04-01T10:21:26
CONT-5A372AAD,SESS-E7DB426E,Password Reset,Financial Services,IVR,en,19,1,0,4.5,,1195,0.5648,0.7959,2026-04-02T04:24:13
CONT-5EEBC3F7,SESS-C50D3C1C,Loyalty Program,Technology,IVR,es,10,1,0,,,811,0.6494,0.7398,2026-03-07T10:40:31
CONT-C35955FD,SESS-EB939AA7,Account Management,Healthcare,IVR,en,10,1,0,,,347,0.7043,0.7617,2026-03-10T09:10:29
CONT-D2AF8338,SESS-E5781A2E,Order Status,Healthcare,IVR,en,18,1,0,4.1,,564,0.7657,0.8523,2026-03-23T19:16:50
CONT-5AD42462,SESS-62D51A34,Billing Inquiry,Financial Services,Web,en,3,1,0,,,97,0.7937,0.7975,2026-04-01T07:19:12
CONT-DFEE0F80,SESS-CF1783DE,General Inquiry,Travel,IVR,es,18,1,0,3.6,,1668,0.5561,0.7384,2026-03-27T17:44:04
CONT-83F635E7,SESS-AD0B4B2D,Billing Inquiry,Healthcare,IVR,de,2,1,0,,,82,0.7923,0.7969,2026-03-07T16:24:01
CONT-D5001487,SESS-3D50DC36,Technical Troubleshooting,Travel,Mobile App,es,15,0,1,2.3,Billing-Ops,516,0.7929,0.4552,2026-03-15T22:20:55
CONT-844296C1,SESS-D9B08320,Returns & Refunds,Retail,Mobile App,en,13,1,0,,,810,0.9167,0.8467,2026-03-14T11:37:41
CONT-BA048F67,SESS-1C54790C,General Inquiry,Healthcare,IVR,en,7,1,0,,,217,0.5114,0.6846,2026-04-02T08:38:16
CONT-143C9C73,SESS-80B1871B,Product Support,Retail,Mobile App,en,15,1,0,,,557,0.5064,0.6826,2026-03-10T22:03:19
CONT-0C128D34,SESS-BD92A364,Account Management,Retail,Mobile App,en,9,1,0,,,564,0.4676,0.667,2026-04-01T21:39:32
CONT-6486F97A,SESS-5C6BE8F7,Password Reset,Healthcare,Kiosk,en,16,0,1,,Billing-Ops,2899,0.9592,0.5637,2026-03-18T02:40:31
CONT-265CD145,SESS-BE89A501,Billing Inquiry,Financial Services,Mobile App,zh,3,1,0,2.0,,135,0.8735,0.7694,2026-03-25T22:38:50
CONT-19444651,SESS-37F7DAD3,Returns & Refunds,Travel,Partner API,en,19,1,0,,,318,1.0,0.88,2026-03-20T04:21:56
CONT-FB959790,SESS-045DF833,General Inquiry,Travel,IVR,en,19,1,0,2.3,,596,0.6759,0.7084,2026-03-20T05:55:28
CONT-6809D8D4,SESS-3B9822C6,Technical Troubleshooting,Technology,Mobile App,en,7,1,0,2.0,,102,0.7973,0.7389,2026-03-21T12:11:38
CONT-4C5630CD,SESS-1D9D5549,General Inquiry,Travel,Kiosk,en,18,1,0,3.4,,414,0.7203,0.7921,2026-03-25T10:16:06
CONT-6BD4E21D,SESS-25CA4598,Account Management,Travel,Kiosk,en,7,1,0,1.6,,225,0.4845,0.5898,2026-03-27T15:57:46
CONT-8B83BDF6,SESS-80E9868C,Subscription Management,Healthcare,Partner API,ja,19,1,0,4.9,,524,0.7452,0.8921,2026-03-20T00:08:29
CONT-606E0745,SESS-E26F8037,Returns & Refunds,Technology,Mobile App,en,17,1,0,3.7,,352,0.5502,0.7421,2026-03-09T01:57:27
CONT-DBDAFACB,SESS-5A9B8532,Product Support,Technology,Kiosk,en,19,1,0,1.4,,1264,1.0,0.784,2026-03-10T21:11:07
CONT-58FA09BB,SESS-B3B580A7,Product Support,Retail,Mobile App,pt,3,1,0,,,178,0.5165,0.6866,2026-03-13T17:20:36
CONT-5C81EFA9,SESS-6EA77D0D,Loyalty Program,Healthcare,Web,en,17,1,0,,,609,0.7063,0.7625,2026-03-12T06:01:55
CONT-1FD0F21F,SESS-C232D42A,Subscription Management,Healthcare,Mobile App,zh,16,0,1,2.8,General-Service,579,0.8806,0.5202,2026-03-25T01:09:56
CONT-738FFC0A,SESS-5E8DD4AB,General Inquiry,Retail,Web,en,6,1,0,,,305,0.8816,0.8326,2026-03-30T02:21:33
CONT-AA6F2D56,SESS-21E361C4,Returns & Refunds,Technology,Partner API,es,8,0,1,,Tech-Escalation,296,0.9651,0.566,2026-03-27T11:54:44
CONT-D099DC89,SESS-5DDDD47D,Order Status,Retail,Web,fr,7,0,1,3.7,Tech-Escalation,283,0.5058,0.4243,2026-03-19T12:03:25
CONT-B91B0E79,SESS-694D11B9,Password Reset,Technology,IVR,en,12,1,0,1.3,,1980,0.335,0.512,2026-03-27T12:37:45
CONT-3DF2ECE2,SESS-F3426E9B,Returns & Refunds,Healthcare,Partner API,pt,14,1,0,,,401,0.5746,0.7098,2026-03-17T00:02:46
CONT-7D57B823,SESS-AB1AAC78,Product Support,Retail,Mobile App,en,12,1,0,3.1,,2416,1.0,0.886,2026-04-05T22:33:55
CONT-4DAA2DCC,SESS-00F14ECD,Order Status,Retail,IVR,en,9,0,1,2.9,General-Service,985,0.6339,0.4276,2026-03-28T20:54:28
CONT-BE00DD17,SESS-1662609F,Password Reset,Technology,Partner API,es,6,1,0,,,1149,0.7737,0.7895,2026-03-23T16:15:35
CONT-F8BD3AC4,SESS-A1106D63,Password Reset,Healthcare,Partner API,pt,3,0,1,,General-Service,241,0.7359,0.4744,2026-04-01T13:19:56
CONT-0E821DC5,SESS-76573914,Password Reset,Financial Services,Web,es,5,1,0,,,216,0.6496,0.7398,2026-03-21T08:29:06
CONT-8EFD3A2F,SESS-E952CA6F,General Inquiry,Technology,Mobile App,en,9,1,0,2.5,,354,0.8217,0.7787,2026-03-17T09:00:30
CONT-BA9EC941,SESS-A8755A54,Billing Inquiry,Retail,Partner API,en,12,1,0,,,668,0.6937,0.7575,2026-03-30T02:51:03
CONT-D5FCFE79,SESS-80C54BF7,Subscription Management,Financial Services,Mobile App,es,16,1,0,3.0,,1769,0.1066,0.5226,2026-03-10T10:39:25
CONT-4A5F57C6,SESS-2338C746,Product Support,Technology,Kiosk,en,1,0,1,,Billing-Ops,60,0.8435,0.5174,2026-04-01T01:31:35
CONT-518322B2,SESS-07C8052E,Loyalty Program,Retail,IVR,en,14,1,0,3.9,,1245,0.687,0.8088,2026-03-21T22:20:18
CONT-E502232A,SESS-915D0531,Password Reset,Retail,IVR,es,11,1,0,3.9,,557,0.8972,0.8929,2026-03-12T16:18:53
CONT-98C1F3AB,SESS-E2945586,Subscription Management,Healthcare,Mobile App,es,8,1,0,,,874,0.6399,0.736,2026-04-04T05:05:22
CONT-E7951390,SESS-789326A1,Account Management,Financial Services,Web,ja,4,1,0,2.9,,209,1.0,0.874,2026-03-09T03:26:30
CONT-32180164,SESS-00B1B79C,Account Management,Travel,Mobile App,en,2,1,0,,,24,0.562,0.7048,2026-03-15T02:20:54
CONT-7DBE5E64,SESS-55E74BFE,Loyalty Program,Travel,Mobile App,en,12,1,0,3.1,,1292,0.9185,0.8534,2026-04-01T15:33:33
CONT-98742EB8,SESS-9F87725B,Returns & Refunds,Technology,IVR,en,15,0,1,2.1,Billing-Ops,917,0.6103,0.3701,2026-03-19T19:04:14
CONT-871D5E66,SESS-54C0B7EA,Password Reset,Healthcare,Partner API,es,4,1,0,1.8,,105,0.5818,0.6407,2026-03-09T03:14:28
CONT-3AE08BB7,SESS-B80E9C8C,Subscription Management,Technology,Kiosk,en,13,1,0,3.0,,1471,0.5743,0.7097,2026-03-29T10:19:30
CONT-1395DFC8,SESS-742BD757,Subscription Management,Retail,Mobile App,en,7,0,0,2.4,,332,0.5493,0.3637,2026-03-14T11:06:28
CONT-3D23FAD7,SESS-54B1A6F9,Returns & Refunds,Healthcare,Web,en,7,0,1,1.2,Tech-Escalation,518,0.5923,0.3089,2026-03-14T11:59:08
CONT-8FDCD574,SESS-21B46689,Returns & Refunds,Retail,IVR,es,9,1,0,2.3,,379,0.3633,0.5833,2026-03-21T13:16:10
CONT-9945776A,SESS-C4C44CC0,Loyalty Program,Technology,IVR,en,9,1,0,1.5,,152,0.7015,0.6706,2026-03-15T01:11:55
CONT-1049EA23,SESS-FD673D7A,Loyalty Program,Healthcare,Web,en,1,1,0,,,20,1.0,0.88,2026-03-28T12:49:50
CONT-A0E139B8,SESS-55EDE915,Order Status,Technology,Partner API,en,4,0,1,1.7,Billing-Ops,51,0.54,0.318,2026-03-14T03:34:55
CONT-F0523D46,SESS-C372769F,Loyalty Program,Financial Services,Mobile App,en,6,1,0,,,270,0.627,0.7308,2026-03-17T03:35:32
CONT-BB154D75,SESS-54FF1441,Order Status,Healthcare,Kiosk,en,11,1,0,2.6,,253,0.5084,0.6594,2026-03-29T10:03:32
CONT-262858D2,SESS-D067B1C8,Subscription Management,Technology,Web,en,2,0,1,4.4,Tier1-Support,49,0.6427,0.5211,2026-04-01T17:06:40
CONT-96A71475,SESS-96881BD2,Product Support,Healthcare,IVR,es,8,1,0,1.8,,1153,0.7156,0.6942,2026-03-21T15:08:00
CONT-C56A12D8,SESS-5B82E4F2,General Inquiry,Retail,Kiosk,en,13,1,0,2.6,,1181,0.8014,0.7766,2026-03-17T22:29:06
CONT-21D47505,SESS-0913C275,Technical Troubleshooting,Healthcare,Kiosk,es,2,1,0,2.5,,174,0.14,0.506,2026-03-23T10:20:31
CONT-1E075300,SESS-552DFE51,Technical Troubleshooting,Retail,Mobile App,en,8,1,0,4.8,,297,0.9614,0.9726,2026-03-30T20:17:39
CONT-24C3E988,SESS-DDFD8AE4,Loyalty Program,Healthcare,Kiosk,en,18,1,0,,,570,1.0,0.88,2026-03-12T02:48:10
CONT-D9D03317,SESS-5CE41107,Order Status,Travel,Web,en,12,1,0,2.2,,1306,0.6062,0.6745,2026-03-12T07:09:51
CONT-99F24CF1,SESS-414E609F,Returns & Refunds,Financial Services,Partner API,en,13,1,0,2.8,,429,0.4973,0.6669,2026-03-10T04:34:33
CONT-59C9BE78,SESS-4FF2C042,Password Reset,Financial Services,Mobile App,de,16,1,0,,,490,0.4535,0.6614,2026-03-27T11:56:23
CONT-2089C7FB,SESS-E08A2E8A,Order Status,Technology,Web,en,19,1,0,,,1098,0.4088,0.6435,2026-04-04T00:57:24
CONT-CC4FC211,SESS-E39B4511,Billing Inquiry,Retail,Partner API,en,13,0,1,2.7,Tier1-Support,834,0.8256,0.4922,2026-03-28T01:58:00
CONT-6653C0DA,SESS-46ED1482,Account Management,Healthcare,Web,en,20,1,0,,,329,1.0,0.88,2026-03-24T10:45:15
CONT-81CB18D0,SESS-D5631F6E,Subscription Management,Retail,Web,fr,18,0,1,3.8,General-Service,1095,0.8499,0.568,2026-03-22T04:55:07
CONT-8BA682E6,SESS-9EE262BB,Subscription Management,Healthcare,Mobile App,en,8,0,1,,Billing-Ops,226,0.8245,0.5098,2026-03-25T07:43:40
CONT-13B2AA0C,SESS-127ED8C6,Billing Inquiry,Healthcare,Partner API,de,5,1,0,5.0,,439,0.6803,0.8721,2026-03-11T14:02:14
CONT-76320956,SESS-9B02BCD5,Subscription Management,Retail,IVR,en,13,1,0,,,1931,0.7088,0.7635,2026-03-22T09:31:03
CONT-1CE5FE15,SESS-4DC464FA,Returns & Refunds,Travel,IVR,pt,6,0,1,3.3,Billing-Ops,531,0.7586,0.5014,2026-03-23T10:11:04
CONT-7BD823DA,SESS-05325F08,Technical Troubleshooting,Travel,Mobile App,en,7,1,0,,,444,0.3657,0.6263,2026-03-09T20:48:40
CONT-BB2D6E20,SESS-6D954891,Loyalty Program,Technology,Kiosk,en,8,1,0,,,446,0.553,0.7012,2026-03-11T16:51:36
CONT-E8B3FCF6,SESS-7A017B65,Account Management,Travel,Partner API,en,8,1,0,3.2,,215,1.0,0.892,2026-03-11T03:32:52
CONT-95180130,SESS-B27EF189,Product Support,Technology,Mobile App,pt,15,1,0,,,589,0.4993,0.6797,2026-03-09T06:51:20
CONT-77B92DE1,SESS-F2C3EA29,General Inquiry,Financial Services,Mobile App,pt,17,0,1,,General-Service,612,0.4399,0.356,2026-03-11T04:13:41
CONT-F0D81814,SESS-FD2D51FD,Password Reset,Retail,Web,en,10,0,0,4.5,,1056,0.5609,0.4944,2026-03-28T04:51:18
CONT-2C9AEBC1,SESS-16B82FA3,Password Reset,Healthcare,Kiosk,en,9,0,1,,Tech-Escalation,552,0.9712,0.5685,2026-04-01T15:42:21
CONT-28AD36D2,SESS-84ECF467,Account Management,Retail,Web,fr,3,0,0,3.6,,99,0.8064,0.5386,2026-03-12T16:49:07
CONT-FD62163C,SESS-7887A415,Loyalty Program,Travel,Web,en,1,0,1,4.3,Billing-Ops,24,1.0,0.658,2026-03-12T06:55:39
CONT-8B333048,SESS-6DB66843,Loyalty Program,Retail,Partner API,en,16,1,0,,,1254,0.6615,0.7446,2026-03-19T03:02:36
CONT-5C81EFA9,SESS-BEAF2133,Password Reset,Technology,Kiosk,en,3,1,0,4.5,,84,0.6772,0.8409,2026-03-22T01:28:05
CONT-B2572C05,SESS-98296C6A,Loyalty Program,Travel,Web,en,18,1,0,,,656,1.0,0.88,2026-03-26T06:44:24
CONT-1C59827B,SESS-3A117377,General Inquiry,Technology,Kiosk,en,2,1,0,3.4,,42,0.727,0.7948,2026-03-21T03:37:24
CONT-D2C66107,SESS-900C22D8,Password Reset,Retail,Partner API,en,20,1,0,4.2,,884,0.6765,0.8226,2026-03-17T19:33:28
CONT-871A0DB6,SESS-615BA599,Product Support,Technology,Kiosk,en,19,1,0,4.1,,795,0.6768,0.8167,2026-03-25T09:06:03
CONT-94898F91,SESS-7E4287BD,Billing Inquiry,Financial Services,IVR,en,20,1,0,,,1509,0.8218,0.8087,2026-04-03T20:50:05
CONT-20B85123,SESS-DD3ACCB8,General Inquiry,Financial Services,IVR,de,1,1,0,3.5,,57,0.0932,0.5473,2026-03-25T07:02:18
CONT-8B333048,SESS-F329243A,Password Reset,Healthcare,Partner API,es,12,1,0,,,642,0.3689,0.6276,2026-03-22T12:32:24
CONT-D0780970,SESS-6C2B1AF5,Password Reset,Technology,IVR,en,17,0,1,,General-Service,1119,0.9949,0.578,2026-04-01T11:03:40
CONT-ADC7A9BC,SESS-E0A12EC9,Order Status,Financial Services,IVR,en,8,1,0,,,205,0.6476,0.739,2026-03-20T17:10:05
CONT-6F607AF5,SESS-0124C52B,Billing Inquiry,Financial Services,IVR,en,17,1,0,,,530,0.9471,0.8588,2026-03-09T12:48:51
CONT-360F1BC6,SESS-2018F668,Order Status,Travel,Kiosk,en,13,0,1,,Tier1-Support,615,1.0,0.58,2026-03-29T07:50:00
CONT-A913978F,SESS-CF5450AE,Order Status,Financial Services,Web,en,1,1,0,2.8,,57,0.7485,0.7674,2026-04-03T04:58:52
CONT-A21053E1,SESS-53F9B832,Product Support,Travel,Partner API,ja,6,1,0,4.8,,279,0.8636,0.9334,2026-04-04T13:33:43
CONT-E8545BB1,SESS-4F85835C,Technical Troubleshooting,Healthcare,IVR,en,7,0,1,,Tier1-Support,110,0.7171,0.4668,2026-03-28T07:02:57
CONT-E0388EC7,SESS-4824C370,General Inquiry,Retail,Partner API,fr,1,1,0,,,42,0.8451,0.818,2026-03-11T00:49:34
CONT-04136EBB,SESS-6E497F48,Returns & Refunds,Financial Services,Kiosk,en,3,1,0,4.6,,119,0.4923,0.7729,2026-03-29T01:05:57
CONT-E9725B5E,SESS-8E1B5437,Loyalty Program,Healthcare,Partner API,es,16,0,1,1.6,Tech-Escalation,718,0.4834,0.2894,2026-04-04T10:26:25
CONT-500BF0F6,SESS-3DE5E1ED,Order Status,Healthcare,Mobile App,en,2,1,0,,,28,0.8454,0.8182,2026-03-27T06:28:52
CONT-5CF309F5,SESS-13325609,Subscription Management,Technology,Mobile App,en,17,1,0,,,1075,0.7934,0.7974,2026-03-30T21:47:01
CONT-33FD89C3,SESS-19E19219,Billing Inquiry,Financial Services,Mobile App,de,12,1,0,,,1172,0.567,0.7068,2026-03-28T18:54:52
CONT-07026EEE,SESS-43DF0016,Billing Inquiry,Travel,Web,en,4,1,0,,,75,0.686,0.7544,2026-03-23T04:41:09
CONT-6985F8C0,SESS-3FC4E491,General Inquiry,Travel,Partner API,en,2,1,0,,,72,0.5315,0.6926,2026-04-01T00:51:09
CONT-9EB26A1D,SESS-5F5BD719,General Inquiry,Travel,Web,en,3,0,1,2.6,Tech-Escalation,127,0.5777,0.3871,2026-03-08T16:42:58
CONT-508F4D89,SESS-4A952F04,Returns & Refunds,Technology,Web,de,3,1,0,,,44,0.6118,0.7247,2026-03-30T10:07:26
CONT-AE6DA704,SESS-1A70F453,Returns & Refunds,Retail,Kiosk,en,12,1,0,,,271,0.7463,0.7785,2026-03-15T21:32:54
CONT-E6D01696,SESS-D3103CC6,Order Status,Healthcare,Kiosk,en,14,1,0,4.0,,422,0.9223,0.9089,2026-03-11T05:30:28
CONT-8FA7E38A,SESS-37B35D3A,Subscription Management,Technology,Mobile App,en,7,1,0,,,819,0.8359,0.8144,2026-03-27T00:05:42
CONT-1FD0F21F,SESS-12AA877B,Returns & Refunds,Travel,IVR,en,2,1,0,,,35,1.0,0.88,2026-03-17T03:15:38
CONT-F371D2A0,SESS-82C9AF0A,Product Support,Healthcare,Web,en,19,0,0,,,2186,0.7038,0.4615,2026-03-29T09:08:23
CONT-948EE7A5,SESS-3436A4AD,Subscription Management,Technology,Partner API,en,16,1,0,4.3,,1581,0.5897,0.7939,2026-03-17T02:17:46
CONT-DB9D28CB,SESS-9A1E0D23,Billing Inquiry,Healthcare,Kiosk,en,9,1,0,,,131,0.5479,0.6992,2026-04-04T08:23:08
CONT-0DB27D07,SESS-8D75CDE3,Technical Troubleshooting,Financial Services,Kiosk,ja,19,0,0,3.9,,2397,0.4018,0.3947,2026-03-10T16:25:32
CONT-9294A840,SESS-96D36E4E,Loyalty Program,Healthcare,Web,pt,13,1,0,3.4,,580,0.7068,0.7867,2026-03-19T12:00:16
CONT-382D0E13,SESS-41422F46,Subscription Management,Healthcare,Web,fr,7,0,1,,Tech-Escalation,230,0.6113,0.4245,2026-04-04T07:04:04
CONT-BC3AB157,SESS-669A0B5F,Product Support,Technology,Kiosk,zh,8,1,0,,,373,0.5876,0.715,2026-03-29T21:58:34
CONT-A0E0F962,SESS-400B8DB0,Account Management,Travel,Partner API,en,6,1,0,,,114,0.743,0.7772,2026-04-05T09:39:57
CONT-C60E4103,SESS-4F2369A8,Subscription Management,Financial Services,Mobile App,en,5,1,0,4.2,,425,0.8739,0.9016,2026-03-13T04:03:14
CONT-ED9DF594,SESS-385271F4,General Inquiry,Financial Services,Mobile App,de,14,1,0,1.5,,384,0.4498,0.5699,2026-04-05T11:49:29
CONT-8345279A,SESS-F39D1524,Returns & Refunds,Travel,Web,en,7,0,0,,,263,1.0,0.58,2026-03-18T14:26:27
CONT-79B1BB30,SESS-4243C190,Loyalty Program,Retail,Partner API,en,20,0,0,,,1316,0.8408,0.5163,2026-04-03T16:42:14
CONT-4C61B980,SESS-F8E59771,Password Reset,Technology,IVR,en,19,1,0,4.2,,1448,0.7842,0.8657,2026-03-11T14:33:04
CONT-A8EFDD3A,SESS-6C993EBF,Product Support,Travel,Mobile App,en,11,1,0,,,528,0.8325,0.813,2026-03-17T04:09:38
CONT-2089C7FB,SESS-7C6D442F,Order Status,Retail,Kiosk,en,14,0,1,3.9,Tech-Escalation,450,0.4171,0.4008,2026-03-24T04:29:49
CONT-D5DE4707,SESS-23AB82B0,Account Management,Healthcare,Web,en,4,1,0,,,275,0.9475,0.859,2026-03-31T02:22:50
CONT-DA929313,SESS-F15C4EA1,Subscription Management,Travel,Mobile App,en,20,1,0,,,457,0.8644,0.8258,2026-03-13T05:48:46
CONT-47A69FEA,SESS-B38DF713,Returns & Refunds,Technology,Partner API,en,4,1,0,,,490,0.6996,0.7598,2026-04-05T00:35:42
CONT-B2134DB0,SESS-8731E423,Account Management,Financial Services,Partner API,en,10,1,0,5.0,,273,0.7246,0.8898,2026-03-28T07:42:55
CONT-D1491165,SESS-87689861,Order Status,Financial Services,Mobile App,en,5,1,0,,,160,0.5767,0.7107,2026-03-28T00:14:40
CONT-FADE8397,SESS-E49EA278,Password Reset,Travel,Mobile App,en,3,0,0,,,173,0.3793,0.3317,2026-03-13T14:52:59
CONT-15B354A7,SESS-AC6CE550,Password Reset,Travel,Kiosk,en,20,0,0,,,375,0.7039,0.4616,2026-03-11T09:10:54
CONT-1040AA48,SESS-878EF39C,Subscription Management,Healthcare,Mobile App,en,3,0,1,,Tier1-Support,132,0.7687,0.4875,2026-03-25T18:32:59
CONT-6F607AF5,SESS-14C4CBD5,Technical Troubleshooting,Financial Services,Kiosk,en,19,0,0,,,2616,0.7209,0.4684,2026-03-20T00:57:53
CONT-147D0E06,SESS-E57BE22D,Loyalty Program,Financial Services,Kiosk,es,4,1,0,2.3,,256,0.5049,0.64,2026-03-07T06:00:44
CONT-0E0F5E0C,SESS-EFB2D9CB,Loyalty Program,Travel,IVR,en,9,1,0,4.1,,637,0.5947,0.7839,2026-03-22T15:26:30
CONT-8131E412,SESS-591B0F5B,Password Reset,Retail,IVR,en,12,1,0,,,559,0.6782,0.7513,2026-03-27T19:35:18
CONT-BEE0A158,SESS-03E47A39,Product Support,Retail,Kiosk,en,15,1,0,,,1246,0.438,0.6552,2026-04-05T17:46:01
CONT-EDA11B00,SESS-29221CF3,Returns & Refunds,Travel,IVR,en,17,1,0,2.7,,193,0.6573,0.7249,2026-03-23T22:01:31
CONT-704B803F,SESS-31C316E7,Loyalty Program,Financial Services,Web,en,14,1,0,4.4,,828,0.7305,0.8562,2026-04-03T04:04:03
CONT-08453059,SESS-4D4B45CF,Account Management,Travel,Mobile App,en,16,1,0,3.4,,1498,0.7875,0.819,2026-03-31T23:20:30
CONT-DCDC67E3,SESS-BC782B46,Product Support,Retail,Partner API,fr,12,0,0,4.2,,382,0.2349,0.346,2026-03-20T06:56:04
CONT-7CB75A85,SESS-82BC1037,Product Support,Financial Services,Kiosk,es,16,1,0,,,620,0.9056,0.8422,2026-03-14T14:42:17
CONT-F9543307,SESS-BCFA282F,General Inquiry,Financial Services,Partner API,de,19,0,0,,,671,0.7057,0.4623,2026-03-15T03:31:48
CONT-18133EEF,SESS-A09B4157,Password Reset,Travel,Partner API,pt,5,1,0,3.3,,287,0.4969,0.6968,2026-04-03T16:49:44
CONT-2EF97BB9,SESS-A0EED4D4,Loyalty Program,Travel,Mobile App,en,20,1,0,2.0,,1299,1.0,0.82,2026-03-17T06:37:14
CONT-8345279A,SESS-A22C63AF,Subscription Management,Retail,Mobile App,en,6,1,0,4.4,,241,0.4742,0.7537,2026-03-29T17:00:29
CONT-5C870A01,SESS-992D6A87,Account Management,Retail,Mobile App,en,18,0,0,,,773,0.2551,0.282,2026-03-25T10:29:12
CONT-832BA80C,SESS-FE073584,Technical Troubleshooting,Financial Services,Kiosk,en,17,1,0,4.2,,930,0.7905,0.8682,2026-03-24T22:07:26
CONT-7E34666D,SESS-98DEA6F2,General Inquiry,Financial Services,Web,en,4,1,0,,,488,0.6612,0.7445,2026-03-16T01:37:20
CONT-9B245002,SESS-2EBA4044,Loyalty Program,Technology,IVR,pt,1,1,0,3.9,,57,0.5277,0.7451,2026-03-21T01:35:18
CONT-C4E7B808,SESS-4216DB5D,Returns & Refunds,Retail,Web,fr,4,1,0,1.2,,144,0.395,0.53,2026-03-26T16:44:22
CONT-5967B1C9,SESS-FE47BD00,Loyalty Program,Technology,Mobile App,en,12,1,0,4.1,,477,0.6389,0.8016,2026-03-12T03:07:11
CONT-24EB9F96,SESS-7D81658D,Technical Troubleshooting,Travel,Partner API,en,9,1,0,,,481,0.5753,0.7101,2026-03-18T03:06:17
CONT-772F57C6,SESS-74DF32D9,Product Support,Travel,IVR,en,14,1,0,,,657,0.6333,0.7333,2026-03-22T03:47:11
CONT-9A7EA3D4,SESS-CA292210,Product Support,Travel,Kiosk,es,20,1,0,,,732,0.7161,0.7664,2026-03-30T12:57:10
CONT-E296B4E3,SESS-9035F640,General Inquiry,Healthcare,IVR,es,16,0,1,,Tier1-Support,732,0.8522,0.5209,2026-03-09T06:51:29
CONT-BEEDBF5C,SESS-B1A03AFC,Technical Troubleshooting,Financial Services,Mobile App,en,8,1,0,1.5,,332,0.63,0.642,2026-03-29T19:49:51
CONT-D49AC9AA,SESS-FD36CC87,Order Status,Healthcare,Web,pt,3,1,0,3.9,,120,0.5571,0.7568,2026-04-02T08:58:58
CONT-D38F5A0D,SESS-518BAB7F,Subscription Management,Technology,Mobile App,fr,4,1,0,3.7,,144,1.0,0.922,2026-04-02T07:26:28
CONT-F5F192D3,SESS-DF55CCA2,Account Management,Technology,Web,en,10,0,1,,Tech-Escalation,258,0.6443,0.4377,2026-04-05T16:49:18
CONT-1C1E37F2,SESS-E2B0C168,General Inquiry,Retail,Partner API,en,13,1,0,1.5,,460,0.6506,0.6502,2026-03-16T23:10:44
CONT-5AD42462,SESS-4BA479EA,Subscription Management,Technology,IVR,en,4,1,0,,,146,0.7558,0.7823,2026-03-28T20:55:48
CONT-73D81A47,SESS-5B2C8931,Account Management,Retail,Web,en,2,1,0,1.0,,32,0.9074,0.723,2026-03-26T21:31:13
CONT-A18167DA,SESS-AD6DD63F,Loyalty Program,Financial Services,Mobile App,en,9,0,0,4.9,,588,0.4514,0.4746,2026-04-03T14:25:04
CONT-097B11F2,SESS-08CB88BD,Technical Troubleshooting,Retail,Partner API,es,17,0,1,3.7,Tech-Escalation,194,0.5046,0.4238,2026-03-10T03:47:56
CONT-8A8E5119,SESS-7032A149,General Inquiry,Retail,Kiosk,en,8,1,0,4.2,,309,1.0,0.952,2026-03-17T08:45:51
CONT-6C746558,SESS-922F0480,Technical Troubleshooting,Travel,Kiosk,en,20,0,1,,Tech-Escalation,1238,0.3385,0.3154,2026-03-09T09:33:47
CONT-6F44D9E7,SESS-EEDD5105,Account Management,Travel,Web,en,1,1,0,,,29,0.6894,0.7558,2026-04-05T18:27:30
CONT-9DBD5A00,SESS-6A69DAAC,Billing Inquiry,Travel,Partner API,es,7,1,0,1.8,,364,0.4371,0.5828,2026-03-26T07:11:58
CONT-F2008436,SESS-78A5DF54,General Inquiry,Financial Services,IVR,fr,10,0,1,3.8,General-Service,412,0.5565,0.4506,2026-03-23T20:16:00
CONT-660C5DEC,SESS-91A562FE,Technical Troubleshooting,Travel,Partner API,en,14,1,0,1.2,,322,0.7519,0.6728,2026-03-28T17:16:38
CONT-1181D2B2,SESS-7A6F6D66,Account Management,Travel,Web,en,13,1,0,,,924,0.8682,0.8273,2026-03-22T19:51:42
CONT-68B9127E,SESS-D52E287C,Product Support,Retail,Partner API,en,7,1,0,,,441,0.6005,0.7202,2026-03-20T04:21:37
CONT-1B1582B1,SESS-4CC7F05D,Technical Troubleshooting,Travel,Mobile App,en,3,1,0,3.9,,205,0.7618,0.8387,2026-03-25T16:48:32
CONT-06567D1C,SESS-C0331620,Technical Troubleshooting,Healthcare,Partner API,pt,9,1,0,1.4,,435,0.5777,0.6151,2026-03-14T04:09:47
CONT-61CD9AAE,SESS-C4C6780A,Subscription Management,Travel,Partner API,en,4,0,1,4.0,General-Service,132,0.7148,0.5259,2026-03-18T13:38:04
CONT-38D04293,SESS-4B38DAA6,Account Management,Retail,Partner API,en,7,0,1,2.9,General-Service,1352,0.7602,0.4781,2026-03-13T05:48:21
CONT-0049CD55,SESS-FB4A4613,Product Support,Healthcare,Kiosk,ja,18,0,1,3.5,Tier1-Support,557,0.5335,0.4234,2026-03-15T00:43:19
CONT-795D53D2,SESS-2EA692AC,Password Reset,Technology,IVR,en,12,1,0,2.8,,399,1.0,0.868,2026-03-31T09:52:49
CONT-E28A51F5,SESS-8C6B9026,Returns & Refunds,Healthcare,Mobile App,en,15,1,0,4.9,,527,0.8814,0.9466,2026-03-09T23:11:05
CONT-6486F97A,SESS-80635D3F,Product Support,Healthcare,Partner API,en,14,1,0,,,499,0.7522,0.7809,2026-03-23T10:30:29
CONT-1C1E37F2,SESS-906EA1A1,Returns & Refunds,Healthcare,Partner API,en,15,1,0,2.4,,1078,0.5856,0.6782,2026-04-04T21:19:30
CONT-0E29A7F6,SESS-E57EFFFA,Billing Inquiry,Healthcare,Partner API,de,20,0,1,3.6,Tech-Escalation,608,1.0,0.616,2026-03-08T08:40:56
CONT-497318FB,SESS-34831E6D,General Inquiry,Retail,Kiosk,en,10,1,0,1.7,,807,0.8581,0.7452,2026-03-25T03:54:39
CONT-9728BBC9,SESS-4E620189,Billing Inquiry,Technology,Kiosk,en,20,1,0,4.2,,1433,0.7919,0.8688,2026-03-17T12:55:49
CONT-89F7305A,SESS-3B5952BA,General Inquiry,Retail,IVR,ja,13,1,0,3.8,,1950,0.7088,0.8115,2026-03-19T11:08:50
CONT-67719A65,SESS-85C22E82,Returns & Refunds,Financial Services,Web,pt,8,0,1,,General-Service,505,0.4098,0.3439,2026-03-07T10:32:59
CONT-A70BAE7F,SESS-BA9C4BCE,Technical Troubleshooting,Travel,Web,en,5,1,0,4.2,,136,0.4598,0.7359,2026-03-28T05:54:48
CONT-1C944CDC,SESS-17C0CE5D,Order Status,Technology,Mobile App,en,20,1,0,4.5,,1920,0.1895,0.6458,2026-04-03T14:43:24
CONT-8DAE0DDA,SESS-102A6A0D,Product Support,Technology,Web,fr,14,1,0,,,491,0.1013,0.5205,2026-04-05T11:29:46
CONT-709D1BF8,SESS-BE744E76,Order Status,Healthcare,Mobile App,ja,1,0,1,1.7,General-Service,27,0.6018,0.3427,2026-03-23T15:59:13
CONT-8CD76F38,SESS-46492EA2,Loyalty Program,Retail,Mobile App,en,14,0,0,4.8,,1436,0.7793,0.5997,2026-03-28T23:04:45
CONT-010E6635,SESS-555F7A7D,Account Management,Retail,Partner API,en,7,1,0,3.6,,189,0.9132,0.8813,2026-03-09T18:56:28
CONT-A4B829D4,SESS-2CAF3071,Product Support,Healthcare,Mobile App,en,13,1,0,,,587,0.7075,0.763,2026-03-28T23:58:29
CONT-3C5083D3,SESS-0361E968,Loyalty Program,Healthcare,Mobile App,en,3,1,0,,,65,0.502,0.6808,2026-03-31T14:48:00
CONT-21C3234A,SESS-DD78BCBF,Technical Troubleshooting,Technology,Mobile App,pt,18,1,0,,,490,0.7093,0.7637,2026-03-12T04:04:44
CONT-32FE60C3,SESS-DE164125,Loyalty Program,Healthcare,Partner API,pt,8,0,0,,,374,1.0,0.58,2026-03-23T17:30:49
CONT-17598984,SESS-698B4B1C,General Inquiry,Technology,Kiosk,en,17,1,0,,,957,0.1585,0.5434,2026-03-25T15:23:24
CONT-D0D12F5C,SESS-9C7D03CF,General Inquiry,Financial Services,Web,en,5,0,1,3.9,Tier1-Support,261,0.41,0.398,2026-03-29T15:20:19
CONT-E9725B5E,SESS-24C6F545,Billing Inquiry,Travel,Mobile App,de,3,1,0,4.5,,75,0.5376,0.785,2026-03-23T05:36:49
CONT-03422663,SESS-000B0F51,Password Reset,Healthcare,Web,ja,12,0,0,4.9,,360,0.425,0.464,2026-03-16T11:13:39
CONT-47A69FEA,SESS-7D7A9923,Account Management,Retail,IVR,en,3,1,0,,,151,0.4178,0.6471,2026-03-23T14:17:53
CONT-BB043483,SESS-FBEFDD11,Technical Troubleshooting,Technology,IVR,es,19,1,0,,,1051,1.0,0.88,2026-03-23T16:34:57
CONT-8FD213EE,SESS-FF175485,Subscription Management,Technology,Web,en,4,1,0,,,80,0.6431,0.7372,2026-03-21T19:25:57
CONT-796A678E,SESS-06F27BDE,Password Reset,Healthcare,Web,es,15,1,0,,,147,0.6398,0.7359,2026-03-15T09:14:05
CONT-7E5BA1DB,SESS-F7226CA1,Account Management,Retail,Mobile App,en,6,0,1,2.6,General-Service,394,0.8441,0.4936,2026-03-22T02:28:25
CONT-E598D166,SESS-9985432A,Order Status,Financial Services,Kiosk,ja,20,1,0,4.0,,936,0.8779,0.8912,2026-03-10T04:14:30
CONT-2C9AEBC1,SESS-CC991AA7,Billing Inquiry,Healthcare,Mobile App,pt,20,0,1,,Billing-Ops,4118,1.0,0.58,2026-03-09T16:43:04
CONT-CA5C704C,SESS-CC04CA97,Password Reset,Technology,Kiosk,en,4,1,0,,,130,0.4098,0.6439,2026-03-18T22:07:46
CONT-D5CBC158,SESS-F1A91573,Account Management,Retail,Web,es,4,0,1,,Tier1-Support,140,0.5106,0.3842,2026-03-09T07:58:58
CONT-7C8F053F,SESS-9165C795,Technical Troubleshooting,Financial Services,Web,en,11,1,0,3.1,,644,0.4638,0.6715,2026-03-26T10:37:16
CONT-2DBD7AD0,SESS-AA67A568,Technical Troubleshooting,Retail,Web,en,20,1,0,3.5,,855,0.8676,0.857,2026-03-13T13:49:05
CONT-E31BE583,SESS-57B0645B,Loyalty Program,Financial Services,Partner API,ja,20,0,0,,,841,0.5107,0.3843,2026-03-21T22:15:58
CONT-6EE915D5,SESS-03BBFA0C,Loyalty Program,Travel,Partner API,de,1,1,0,3.4,,90,0.3242,0.6337,2026-03-28T03:38:29
CONT-0E579119,SESS-1F4BFE70,Password Reset,Technology,IVR,en,7,1,0,4.8,,257,0.6917,0.8647,2026-04-02T21:36:25
CONT-2351A2FE,SESS-86140C18,Billing Inquiry,Healthcare,IVR,en,3,0,1,,Billing-Ops,135,0.7361,0.4744,2026-03-19T13:57:16
CONT-AE1936A8,SESS-8D7B848A,Returns & Refunds,Travel,Web,pt,13,0,1,2.9,Tier1-Support,838,0.6929,0.4512,2026-04-03T02:08:10
CONT-C814CDA6,SESS-47C7A54A,Product Support,Financial Services,Mobile App,es,9,1,0,4.2,,322,0.6185,0.7994,2026-03-20T12:24:03
CONT-CD505C7F,SESS-E407AC14,Returns & Refunds,Travel,Kiosk,en,13,1,0,3.9,,402,0.8575,0.877,2026-03-21T14:56:20
CONT-1C59827B,SESS-E15ABA53,Billing Inquiry,Healthcare,Mobile App,en,12,1,0,3.3,,363,0.8694,0.8458,2026-03-19T11:06:19
CONT-10B416F7,SESS-24F142EC,Subscription Management,Retail,IVR,en,7,1,0,,,316,0.5957,0.7183,2026-03-18T08:59:14
CONT-04168CC1,SESS-90928EA3,Product Support,Technology,IVR,fr,13,0,1,,Tech-Escalation,842,0.5545,0.4018,2026-03-22T15:49:18
CONT-73D81A47,SESS-8E06DD4C,Technical Troubleshooting,Financial Services,Kiosk,es,4,1,0,,,262,0.7425,0.777,2026-03-07T12:13:37
CONT-1556B457,SESS-25F78B04,Subscription Management,Technology,IVR,es,7,0,1,3.2,Billing-Ops,218,0.8057,0.5143,2026-04-05T16:29:25
CONT-1F029345,SESS-CB7E41B9,Order Status,Healthcare,IVR,en,6,0,1,4.8,Tier1-Support,372,0.9315,0.6606,2026-04-05T02:19:18
CONT-A44FA092,SESS-9F394FA9,General Inquiry,Financial Services,Partner API,pt,17,1,0,1.3,,1356,0.7983,0.6973,2026-03-17T05:33:41
CONT-80C619F8,SESS-4C668CA8,Technical Troubleshooting,Retail,IVR,en,17,1,0,2.3,,386,1.0,0.838,2026-03-07T12:41:59
CONT-7FFBDA58,SESS-E6791D88,Account Management,Technology,Partner API,en,4,1,0,,,77,0.8899,0.836,2026-03-13T11:05:13
CONT-1E075300,SESS-2A9603D9,Loyalty Program,Healthcare,IVR,fr,14,0,1,4.0,Billing-Ops,810,0.4652,0.4261,2026-03-29T10:18:56
CONT-61000F42,SESS-D845FB38,Product Support,Healthcare,Mobile App,fr,4,1,0,,,165,0.6842,0.7537,2026-03-24T14:27:37
CONT-01A41BA6,SESS-BF35B619,Technical Troubleshooting,Retail,Kiosk,en,15,1,0,1.3,,1467,0.5573,0.6009,2026-03-19T14:26:44
CONT-E6FF5900,SESS-89A586D2,Order Status,Financial Services,Partner API,en,11,1,0,1.4,,420,0.2328,0.4771,2026-03-13T21:46:05
CONT-241D77CF,SESS-DFA5DA59,Billing Inquiry,Travel,Partner API,es,17,1,0,,,2151,0.4859,0.6744,2026-03-10T19:55:40
CONT-FA7BC49D,SESS-58ED9279,Account Management,Healthcare,Partner API,en,18,1,0,1.9,,978,0.6797,0.6859,2026-04-03T11:17:49
CONT-F88F4B73,SESS-BC4C6B6B,Product Support,Financial Services,Mobile App,es,6,1,0,4.5,,252,0.862,0.9148,2026-03-31T06:19:07
CONT-B2572C05,SESS-7917FE00,Subscription Management,Travel,IVR,en,13,1,0,,,1583,0.7503,0.7801,2026-04-02T13:52:02
CONT-0CA7CEB1,SESS-27D8C8EC,Loyalty Program,Financial Services,IVR,es,15,1,0,1.1,,993,0.7658,0.6723,2026-03-07T08:19:35
CONT-E0388EC7,SESS-87EBAF27,Password Reset,Technology,Mobile App,en,10,1,0,,,823,0.6074,0.723,2026-03-24T17:39:37
CONT-7FE84237,SESS-B62F4211,General Inquiry,Healthcare,Partner API,en,4,0,0,,,340,0.9221,0.5488,2026-03-16T04:05:15
CONT-F928AFA2,SESS-1B22321C,Billing Inquiry,Financial Services,Kiosk,en,7,1,0,,,599,0.568,0.7072,2026-03-27T20:26:38
CONT-F70E5A5F,SESS-59C310E1,Order Status,Technology,Web,en,11,1,0,,,444,0.7479,0.7792,2026-03-08T02:38:45
CONT-602749BC,SESS-7A68A4E6,Billing Inquiry,Healthcare,Partner API,en,4,0,1,2.3,General-Service,78,1.0,0.538,2026-03-15T18:20:50
CONT-E283D43E,SESS-3AE2DF7D,Technical Troubleshooting,Healthcare,Kiosk,zh,6,0,1,3.9,Tech-Escalation,266,0.7568,0.5367,2026-03-24T01:52:02
CONT-8EFD3A2F,SESS-D339F001,Account Management,Financial Services,IVR,fr,20,1,0,,,632,0.4346,0.6538,2026-03-24T02:51:26
CONT-346A9D69,SESS-949254E4,Order Status,Technology,Web,en,5,1,0,4.1,,155,0.7438,0.8435,2026-04-03T23:47:34
CONT-D92310A8,SESS-E513076B,General Inquiry,Financial Services,Partner API,es,18,1,0,4.5,,1205,0.7324,0.863,2026-03-31T12:52:45
CONT-30A70445,SESS-BB0607B1,Loyalty Program,Retail,Web,en,11,1,0,3.9,,605,0.6326,0.787,2026-04-01T17:46:09
CONT-1F94FF23,SESS-998FF8B3,Returns & Refunds,Healthcare,Mobile App,en,6,1,0,2.7,,361,0.9966,0.8606,2026-03-19T08:36:51
CONT-FF45ED55,SESS-818D0C3C,Billing Inquiry,Technology,Mobile App,es,1,1,0,,,68,0.8619,0.8248,2026-03-19T15:44:14
CONT-0628B038,SESS-641DA989,Product Support,Retail,Web,de,12,0,1,,Tier1-Support,639,0.3994,0.3398,2026-03-28T11:36:19
CONT-805EE297,SESS-DCB0BCA6,General Inquiry,Financial Services,Partner API,ja,16,1,0,1.3,,382,0.791,0.6944,2026-03-19T17:56:04
CONT-C56A12D8,SESS-56AF0B5C,Technical Troubleshooting,Travel,Web,pt,20,0,0,,,888,0.788,0.4952,2026-03-21T08:45:50
CONT-199BF26F,SESS-94F12F35,Password Reset,Travel,Kiosk,es,10,0,0,2.0,,1222,0.8452,0.4581,2026-03-31T20:47:39
CONT-E28A51F5,SESS-3BD7F30D,Loyalty Program,Technology,IVR,fr,12,1,0,,,1141,0.7189,0.7676,2026-03-26T10:42:42
CONT-8190B43B,SESS-C6A60B02,General Inquiry,Financial Services,Mobile App,en,7,1,0,1.1,,192,0.6884,0.6414,2026-03-10T01:28:38
CONT-1BBAEDE5,SESS-BCDFEFF3,Loyalty Program,Travel,Kiosk,es,10,1,0,3.8,,275,1.0,0.928,2026-03-18T03:41:12
CONT-45FB6A8F,SESS-BF03E023,General Inquiry,Travel,Kiosk,en,20,0,0,,,1436,0.8041,0.5016,2026-04-03T23:36:06
CONT-1E48127F,SESS-9951C4B8,Loyalty Program,Healthcare,Mobile App,en,13,1,0,2.1,,1219,0.296,0.5444,2026-03-28T00:58:36
CONT-03422663,SESS-B9FDB375,Order Status,Technology,Kiosk,ja,13,1,0,,,827,0.4379,0.6552,2026-03-23T16:14:41
CONT-6617A2BE,SESS-A049CCC4,Subscription Management,Financial Services,IVR,en,10,0,0,1.5,,445,0.6377,0.3451,2026-03-26T15:39:07
CONT-8E149ABE,SESS-B8D1940A,Loyalty Program,Healthcare,Partner API,fr,5,1,0,1.5,,332,0.7456,0.6882,2026-04-01T08:21:11
CONT-2B38C0C5,SESS-478DC692,Returns & Refunds,Technology,Partner API,en,14,1,0,,,1402,0.5796,0.7118,2026-03-16T21:42:01
CONT-BEE0A158,SESS-589D9F36,Technical Troubleshooting,Retail,Web,en,3,0,1,3.2,Billing-Ops,205,0.7324,0.485,2026-03-12T16:34:29
CONT-D7863B47,SESS-A9F6A9DB,Returns & Refunds,Travel,Web,en,2,0,1,,Tier1-Support,33,0.5163,0.3865,2026-03-29T00:12:09
CONT-602308F1,SESS-46EADCC2,Returns & Refunds,Technology,Kiosk,es,3,1,0,3.3,,122,0.9225,0.867,2026-03-11T16:24:03
CONT-8724DB88,SESS-9DB95554,Returns & Refunds,Financial Services,Mobile App,fr,2,0,0,,,118,0.4665,0.3666,2026-04-02T04:00:32
CONT-0B6B6E8D,SESS-FC3D15E0,Returns & Refunds,Technology,Web,en,1,1,0,,,41,1.0,0.88,2026-03-15T18:13:46
CONT-F053C0C6,SESS-CA0D8533,Loyalty Program,Healthcare,IVR,en,7,1,0,,,334,0.6345,0.7338,2026-03-23T00:33:39
CONT-C57C3900,SESS-9D17BEE1,Product Support,Healthcare,IVR,en,6,1,0,3.5,,360,0.8527,0.8511,2026-03-21T04:27:48
CONT-EBC4CB03,SESS-226D3179,Subscription Management,Technology,Partner API,es,1,1,0,3.3,,33,0.8005,0.8182,2026-03-14T05:44:35
CONT-5E6A2FE7,SESS-97853704,Order Status,Retail,Partner API,es,1,1,0,,,36,0.8439,0.8176,2026-03-18T16:35:14
CONT-7E5BA1DB,SESS-BD20C42F,Returns & Refunds,Healthcare,Kiosk,en,15,1,0,1.2,,742,0.7964,0.6906,2026-03-15T08:50:53
CONT-3175EF7F,SESS-E9109B86,Account Management,Financial Services,Partner API,es,11,1,0,3.0,,311,0.5357,0.6943,2026-03-13T17:16:03
CONT-8BE73F23,SESS-A741E782,Returns & Refunds,Healthcare,Web,pt,5,1,0,,,394,0.6841,0.7536,2026-03-13T09:38:58
CONT-9322EC17,SESS-C844C927,Subscription Management,Travel,Kiosk,es,10,0,1,4.2,General-Service,530,0.6387,0.5075,2026-04-05T02:25:44
CONT-5978A9A9,SESS-C310D928,Returns & Refunds,Healthcare,IVR,en,12,0,1,2.6,Tier1-Support,919,0.5784,0.3874,2026-03-27T22:29:24
CONT-CF87D351,SESS-4ED7BD0F,Loyalty Program,Financial Services,Mobile App,es,5,0,1,,Billing-Ops,206,0.8572,0.5229,2026-04-04T20:08:48
CONT-A8EFDD3A,SESS-575101A0,Loyalty Program,Retail,IVR,es,18,0,0,,,1626,0.5952,0.4181,2026-03-22T05:16:17
CONT-CCDFFD52,SESS-4AB38158,Account Management,Travel,Mobile App,en,6,0,1,,Tier1-Support,869,0.7626,0.485,2026-03-16T22:36:25
CONT-AC0A1E16,SESS-15032F9C,Technical Troubleshooting,Travel,Mobile App,fr,6,1,0,,,143,0.7738,0.7895,2026-03-15T01:53:31
CONT-4A23F421,SESS-673071DC,Product Support,Financial Services,Kiosk,en,9,0,1,,Tier1-Support,319,0.7868,0.4947,2026-04-01T00:53:35
CONT-D5E666C9,SESS-E0C02FC0,Loyalty Program,Travel,Web,en,18,1,0,3.2,,784,0.7149,0.778,2026-03-15T02:16:48
CONT-330D5C0A,SESS-E361ED75,Product Support,Financial Services,Mobile App,en,17,1,0,,,439,0.898,0.8392,2026-03-26T04:25:48
CONT-6716A982,SESS-B99CFBA1,General Inquiry,Travel,Partner API,en,2,1,0,,,44,0.4782,0.6713,2026-03-31T17:03:34
CONT-F20E549F,SESS-B6654B86,Order Status,Financial Services,Web,en,8,1,0,2.3,,445,1.0,0.838,2026-03-15T16:03:10
CONT-1717CF1E,SESS-EE579304,Returns & Refunds,Healthcare,Kiosk,fr,9,1,0,,,325,0.8402,0.8161,2026-03-08T08:29:26
CONT-053906A3,SESS-2DA14C87,Account Management,Healthcare,Partner API,ja,20,1,0,4.1,,1702,0.8629,0.8912,2026-03-15T00:35:17
CONT-46C00AC3,SESS-2BF730C8,Technical Troubleshooting,Travel,IVR,en,7,1,0,4.2,,259,0.4818,0.7447,2026-03-09T12:49:33
CONT-6F44D9E7,SESS-FF7CDE93,Order Status,Technology,Kiosk,de,5,1,0,4.6,,59,0.6474,0.835,2026-03-09T12:49:56
CONT-F20E549F,SESS-3CB6A65B,Account Management,Travel,Mobile App,en,15,1,0,4.0,,1359,0.4752,0.7301,2026-03-25T12:52:08
CONT-4013060C,SESS-A5944E58,Technical Troubleshooting,Travel,Kiosk,en,15,1,0,3.9,,1020,0.51,0.738,2026-03-22T09:32:28
CONT-BADE3F8B,SESS-772F6115,Order Status,Financial Services,Mobile App,en,8,1,0,4.9,,381,0.8416,0.9306,2026-03-08T19:25:38
CONT-2B051AE8,SESS-F6C4EFB8,Order Status,Travel,Partner API,ja,10,1,0,,,300,0.7341,0.7736,2026-03-28T04:55:51
CONT-15B7C703,SESS-C65B0C7C,Returns & Refunds,Technology,IVR,fr,20,0,1,1.5,Tier1-Support,696,0.841,0.4264,2026-03-29T09:35:23
CONT-4A5F57C6,SESS-DFA7F758,Subscription Management,Financial Services,Kiosk,en,19,1,0,,,978,0.7113,0.7645,2026-03-14T18:17:33
CONT-0292D77C,SESS-FD3E979D,Product Support,Technology,Kiosk,en,15,1,0,2.8,,1707,0.8325,0.801,2026-03-09T15:20:32
CONT-36BFA3F4,SESS-6EE234DA,Password Reset,Retail,Web,en,11,1,0,,,324,0.6828,0.7531,2026-03-26T00:04:41
CONT-CA34F343,SESS-2CEAEF12,Password Reset,Healthcare,IVR,en,4,0,1,4.5,Tech-Escalation,170,0.7161,0.5564,2026-04-05T08:42:12
CONT-A898903B,SESS-07644C69,General Inquiry,Travel,Partner API,zh,16,1,0,3.0,,3252,0.7742,0.7897,2026-03-30T20:49:48
CONT-ED395817,SESS-180CE1C0,Loyalty Program,Retail,Mobile App,en,6,1,0,3.3,,79,0.5914,0.7346,2026-03-13T13:55:32
CONT-C3535C59,SESS-8BD21C93,Account Management,Retail,Partner API,en,10,0,1,1.5,Tech-Escalation,140,0.634,0.3436,2026-03-22T04:38:56
CONT-5E3E70E6,SESS-633DDB3F,Account Management,Financial Services,Partner API,es,2,1,0,,,27,0.5257,0.6903,2026-03-07T11:22:42
CONT-280DC4CE,SESS-A986BB8A,Technical Troubleshooting,Healthcare,Mobile App,en,8,1,0,,,143,0.7768,0.7907,2026-03-14T07:56:12
CONT-A0E0F962,SESS-F79E8401,General Inquiry,Healthcare,Web,fr,9,1,0,4.4,,402,0.7606,0.8682,2026-04-02T11:30:22
CONT-B2E76CD4,SESS-B7219318,General Inquiry,Travel,IVR,es,19,1,0,1.9,,797,0.4211,0.5824,2026-03-15T14:42:10
CONT-7E510E15,SESS-C99FC05F,General Inquiry,Financial Services,IVR,en,20,1,0,1.9,,1216,1.0,0.814,2026-04-03T21:58:33
CONT-20B85123,SESS-F41B529D,Loyalty Program,Technology,Mobile App,de,4,1,0,,,228,0.6148,0.7259,2026-03-08T12:23:01
CONT-E6A68C06,SESS-A9AB121F,Subscription Management,Technology,Partner API,en,7,1,0,3.2,,132,0.5184,0.6994,2026-03-25T19:28:39
CONT-8A1BAD63,SESS-F1C3C722,Billing Inquiry,Travel,Kiosk,en,16,0,1,4.8,General-Service,938,0.9146,0.6538,2026-03-19T10:43:43
CONT-B2D0F776,SESS-BFA4436A,Returns & Refunds,Travel,Web,en,12,0,0,,,627,0.86,0.524,2026-03-15T01:57:38
CONT-7AE11742,SESS-2B657FB8,Product Support,Healthcare,Kiosk,ja,8,0,0,1.2,,546,0.8013,0.3925,2026-03-30T23:56:05
CONT-63042C12,SESS-DE42AF27,Technical Troubleshooting,Travel,Kiosk,en,8,0,0,4.7,,240,0.7348,0.5759,2026-03-15T17:21:40
CONT-26E5DD54,SESS-45624ADC,Technical Troubleshooting,Financial Services,Web,es,6,1,0,4.9,,161,0.7035,0.8754,2026-03-14T03:29:22
CONT-4F2F108F,SESS-59822082,Billing Inquiry,Retail,Kiosk,en,3,1,0,,,163,1.0,0.88,2026-03-18T08:27:51
CONT-832BA80C,SESS-BDEFC5EC,Product Support,Technology,IVR,en,12,1,0,,,244,0.7963,0.7985,2026-03-29T13:54:30
CONT-E43906E6,SESS-8F1D8939,Password Reset,Retail,Partner API,en,9,1,0,,,978,0.8518,0.8207,2026-03-21T14:55:46
CONT-C6977528,SESS-2E1159ED,Technical Troubleshooting,Technology,Kiosk,ja,2,1,0,1.9,,147,0.8175,0.741,2026-04-01T22:07:14
CONT-16FF8CA8,SESS-60C942B4,General Inquiry,Travel,IVR,en,10,1,0,,,974,0.4825,0.673,2026-03-14T16:25:06
CONT-4906A94A,SESS-77BDF5F8,Product Support,Travel,Web,fr,16,1,0,,,311,0.6987,0.7595,2026-03-07T22:39:06
CONT-F371D2A0,SESS-4C39B7DF,Order Status,Travel,Web,ja,18,1,0,,,220,0.9461,0.8584,2026-03-07T14:58:09
CONT-5E4BA846,SESS-8578B8E2,Account Management,Technology,IVR,en,4,1,0,4.9,,371,0.6133,0.8393,2026-03-26T20:04:40
CONT-B9677E57,SESS-4B789F05,Password Reset,Healthcare,Web,en,16,1,0,,,572,0.6855,0.7542,2026-03-15T21:42:09
CONT-1E48127F,SESS-F4B6B039,Technical Troubleshooting,Retail,Partner API,en,7,0,1,,Tech-Escalation,322,0.7254,0.4702,2026-03-21T03:09:16
CONT-48AC8B47,SESS-10861611,Technical Troubleshooting,Healthcare,Kiosk,es,10,1,0,4.8,,624,0.6655,0.8542,2026-03-28T12:56:03
CONT-811BA4A1,SESS-F92BCE80,Password Reset,Travel,Mobile App,en,15,1,0,2.8,,1180,0.7892,0.7837,2026-03-10T16:20:26
CONT-935549D7,SESS-61AEC870,Returns & Refunds,Retail,IVR,pt,18,1,0,3.3,,559,0.967,0.8848,2026-03-19T15:54:40
CONT-8347BAA8,SESS-5BB456E7,Account Management,Technology,Web,en,14,1,0,1.7,,277,0.6816,0.6746,2026-03-28T23:22:06
CONT-A33C66F1,SESS-35B9316C,Billing Inquiry,Travel,Mobile App,en,20,1,0,1.8,,1597,0.5554,0.6302,2026-03-08T10:37:49
CONT-BB89F78B,SESS-512D229E,Password Reset,Travel,IVR,en,20,0,1,,Tier1-Support,1076,0.8087,0.5035,2026-03-14T19:59:35
CONT-2AB1C2B1,SESS-48DD01D1,Order Status,Healthcare,Partner API,en,14,1,0,,,373,0.6855,0.7542,2026-03-25T20:57:14
CONT-FDF3AAFA,SESS-70364D61,Product Support,Healthcare,Web,es,7,1,0,,,284,0.5897,0.7159,2026-03-31T15:15:45
CONT-729B12DE,SESS-0F02CCE3,Returns & Refunds,Healthcare,Mobile App,en,6,1,0,,,1067,0.5474,0.699,2026-03-31T06:35:45
CONT-6486F97A,SESS-36337290,Account Management,Retail,Mobile App,en,5,0,0,,,408,0.6214,0.4286,2026-04-03T07:22:28
CONT-629FB9A9,SESS-436BBD0F,Loyalty Program,Financial Services,Partner API,fr,4,0,1,3.6,General-Service,93,0.7206,0.5042,2026-03-29T15:29:58
CONT-25A979B5,SESS-82E70C3B,Order Status,Retail,Mobile App,zh,16,0,1,,Billing-Ops,1055,0.8841,0.5336,2026-03-30T02:05:02
CONT-1A9DC80D,SESS-1DF8A2CE,Billing Inquiry,Financial Services,IVR,en,18,1,0,,,2054,1.0,0.88,2026-03-12T10:52:36
CONT-B0FB3B70,SESS-A24B21D6,Billing Inquiry,Travel,IVR,en,20,1,0,3.2,,1039,0.5674,0.719,2026-03-22T20:12:47
CONT-284CC29E,SESS-7E1B3547,General Inquiry,Financial Services,Web,en,9,1,0,2.4,,527,0.6468,0.7027,2026-03-31T21:30:04
CONT-03422663,SESS-674E55B5,Billing Inquiry,Travel,Kiosk,en,13,1,0,2.4,,1012,0.4406,0.6202,2026-04-04T06:02:06
CONT-D2C6080A,SESS-069C3135,Order Status,Healthcare,Web,pt,4,0,1,3.2,General-Service,740,0.8712,0.5405,2026-03-14T23:45:46
CONT-37E3F8B7,SESS-A690853A,Technical Troubleshooting,Technology,Kiosk,en,6,1,0,,,97,0.5582,0.7033,2026-03-12T17:04:18
CONT-3D65154A,SESS-79170628,Product Support,Financial Services,IVR,en,9,1,0,3.3,,656,0.9353,0.8721,2026-03-24T18:06:12
CONT-83F635E7,SESS-22F4E544,Account Management,Financial Services,Web,en,11,1,0,,,229,0.8426,0.817,2026-03-27T18:35:35
CONT-03C33FC3,SESS-EDB09380,Password Reset,Financial Services,Mobile App,es,15,1,0,3.3,,208,0.6821,0.7708,2026-03-28T13:04:20
CONT-D379A0F0,SESS-2126FDBA,Billing Inquiry,Technology,Mobile App,en,13,1,0,,,1132,0.5897,0.7159,2026-03-30T10:32:22
CONT-8E5EC9CF,SESS-D54B69AE,Returns & Refunds,Retail,Partner API,es,2,1,0,1.5,,36,0.7292,0.6817,2026-04-05T23:10:43
CONT-3FCD5E60,SESS-E152C08B,Billing Inquiry,Technology,IVR,en,1,0,0,4.1,,31,0.8259,0.5764,2026-03-21T17:50:38
CONT-484E0A78,SESS-D3C35F5F,Account Management,Financial Services,Partner API,en,20,1,0,,,525,0.5455,0.6982,2026-03-22T18:31:56
CONT-098BA589,SESS-3D43C1C3,Loyalty Program,Healthcare,Partner API,en,9,1,0,3.2,,119,0.734,0.7856,2026-03-22T22:10:04
CONT-D5643F24,SESS-10C56FD7,Subscription Management,Retail,Mobile App,en,19,0,0,,,771,0.4623,0.3649,2026-03-30T16:06:00
CONT-40D7D510,SESS-285C3C41,Returns & Refunds,Travel,IVR,en,20,0,1,,Tech-Escalation,1004,0.9054,0.5422,2026-03-26T00:19:17
CONT-D13B80D2,SESS-726250D6,Password Reset,Retail,Kiosk,en,4,1,0,1.3,,157,0.7536,0.6794,2026-03-14T18:59:45
CONT-03C10A66,SESS-5872F527,Billing Inquiry,Retail,Partner API,es,9,1,0,,,474,0.4591,0.6636,2026-03-10T17:00:58
CONT-84B89D0B,SESS-137E2DDC,Returns & Refunds,Technology,Partner API,zh,4,1,0,,,614,0.6058,0.7223,2026-03-09T10:25:16
CONT-F1FB42B5,SESS-33B32AA0,Loyalty Program,Travel,Partner API,en,11,1,0,,,728,0.8538,0.8215,2026-03-29T22:47:15
CONT-50B40843,SESS-1B290A73,General Inquiry,Technology,Partner API,pt,3,1,0,,,123,0.8214,0.8086,2026-03-09T02:16:07
CONT-457F79CA,SESS-5101D9EE,Subscription Management,Healthcare,Web,en,18,1,0,3.2,,932,0.4165,0.6586,2026-03-20T21:01:04
CONT-6EEF9E4A,SESS-A07EDD7B,Returns & Refunds,Technology,Mobile App,fr,3,1,0,3.0,,109,0.5775,0.711,2026-03-22T16:15:11
CONT-7A01B546,SESS-E6C48E87,Technical Troubleshooting,Technology,Kiosk,ja,15,0,0,4.2,,508,0.4392,0.4277,2026-03-23T11:17:57
CONT-B8CCB262,SESS-5702BE81,Loyalty Program,Financial Services,Kiosk,en,12,1,0,,,1054,1.0,0.88,2026-03-18T05:52:57
CONT-0EC9F1AF,SESS-43879501,Password Reset,Healthcare,Kiosk,en,3,1,0,,,241,0.9541,0.8616,2026-03-24T15:56:53
CONT-17598984,SESS-306743BD,Password Reset,Technology,Web,ja,12,1,0,1.6,,436,0.5727,0.6251,2026-03-26T11:08:38
CONT-523DE999,SESS-E4144726,General Inquiry,Travel,Partner API,en,2,1,0,,,56,0.8288,0.8115,2026-04-04T12:56:14
CONT-24F50203,SESS-E2F575BE,Account Management,Retail,Partner API,en,13,0,0,4.1,,665,0.6846,0.5198,2026-03-26T20:35:22
CONT-EFA909CF,SESS-85757AA3,Subscription Management,Technology,Kiosk,en,7,1,0,,,680,0.781,0.7924,2026-03-23T05:59:23
CONT-A4EACDEB,SESS-ABC25AE0,Loyalty Program,Financial Services,Partner API,en,8,0,0,3.6,,216,0.5638,0.4415,2026-03-24T08:41:54
CONT-E60361CD,SESS-691F75B9,Returns & Refunds,Travel,Kiosk,pt,6,1,0,3.5,,403,0.9083,0.8733,2026-03-07T09:18:08
CONT-6D83A0FD,SESS-4BE23BED,Subscription Management,Technology,IVR,en,9,1,0,,,560,1.0,0.88,2026-03-11T06:08:21
CONT-35F50638,SESS-6534C98C,General Inquiry,Retail,Web,en,18,1,0,,,2146,0.7882,0.7953,2026-03-07T22:49:04
CONT-C1EC0E00,SESS-950D192E,Product Support,Technology,IVR,en,3,1,0,,,81,0.438,0.6552,2026-03-31T19:51:58
CONT-6B24CD2D,SESS-B7DBAD75,Subscription Management,Healthcare,Kiosk,es,19,1,0,,,673,0.8506,0.8202,2026-03-13T23:21:28
CONT-86820FA2,SESS-B95C2677,Password Reset,Technology,Kiosk,en,20,1,0,1.6,,2675,0.7835,0.7094,2026-03-10T00:44:04
CONT-79B1BB30,SESS-2C96FEAD,Billing Inquiry,Financial Services,Mobile App,fr,19,0,1,,General-Service,1712,0.6509,0.4404,2026-03-22T21:47:40
CONT-AD61C79D,SESS-F569F0F6,Product Support,Technology,Web,pt,15,1,0,4.6,,974,0.8647,0.9219,2026-03-25T06:01:43
CONT-9A25106D,SESS-47EE1E04,Returns & Refunds,Financial Services,Partner API,fr,7,0,0,1.2,,95,0.6173,0.3189,2026-03-30T00:43:32
CONT-5B2120A3,SESS-1B1682C3,Account Management,Retail,IVR,en,10,1,0,,,790,0.7549,0.782,2026-03-17T17:32:26
CONT-B07ECD96,SESS-2C6FEA43,Loyalty Program,Technology,Kiosk,en,16,1,0,,,348,0.214,0.5656,2026-04-02T14:00:06
CONT-606E0745,SESS-008044D3,Order Status,Retail,Mobile App,pt,8,0,0,2.1,,287,0.6857,0.4003,2026-03-31T04:59:09
CONT-500BF0F6,SESS-B4F3F291,Product Support,Retail,IVR,en,1,1,0,1.9,,26,0.7286,0.7054,2026-03-23T21:57:27
CONT-26DB5B6F,SESS-9795FEEF,Returns & Refunds,Retail,IVR,en,14,1,0,3.3,,848,0.8341,0.8316,2026-03-16T01:52:59
CONT-C1336D51,SESS-08B82E70,General Inquiry,Technology,Mobile App,pt,5,1,0,,,54,0.4371,0.6548,2026-03-14T17:40:14
CONT-602308F1,SESS-142D4DCA,Loyalty Program,Healthcare,Partner API,pt,14,0,0,3.6,,521,0.8144,0.5418,2026-03-07T19:34:03
CONT-284CC29E,SESS-82E81157,Product Support,Retail,Partner API,es,19,1,0,,,1139,0.7944,0.7978,2026-04-04T17:49:38
CONT-1FD0F21F,SESS-1F0EBEF7,General Inquiry,Healthcare,Mobile App,en,11,1,0,,,390,0.6345,0.7338,2026-03-07T08:47:51
CONT-3955B9E5,SESS-66477535,General Inquiry,Technology,Kiosk,en,16,0,1,2.2,Tech-Escalation,462,0.8536,0.4734,2026-03-24T12:23:43
CONT-2273C932,SESS-3963F296,General Inquiry,Travel,Web,en,5,1,0,,,128,0.87,0.828,2026-03-13T15:24:47
CONT-A6274E80,SESS-E64009A1,Order Status,Travel,Partner API,es,1,1,0,,,50,0.691,0.7564,2026-03-27T20:26:14
CONT-2985EF51,SESS-B20CFF89,Returns & Refunds,Financial Services,Web,en,4,1,0,,,120,0.4289,0.6516,2026-03-20T21:33:54
CONT-16573E15,SESS-CBC7429A,Loyalty Program,Technology,Partner API,en,5,0,1,3.2,Tech-Escalation,151,0.634,0.4456,2026-03-21T13:02:23
CONT-EA1D2C19,SESS-E4E01C6B,Technical Troubleshooting,Healthcare,IVR,pt,17,1,0,,,183,0.6605,0.7442,2026-03-15T00:41:59
CONT-03614F35,SESS-0E0F6803,Account Management,Healthcare,Kiosk,en,4,1,0,,,311,0.8134,0.8054,2026-03-25T13:56:19
CONT-99FC5C95,SESS-50C27E9B,Order Status,Travel,Mobile App,es,14,1,0,2.9,,464,0.7094,0.7578,2026-03-07T10:43:51
CONT-9294A840,SESS-5A4DDC9A,Subscription Management,Healthcare,Partner API,es,5,1,0,,,160,0.7298,0.7719,2026-04-01T11:02:25
CONT-909C9769,SESS-59476340,Order Status,Travel,Partner API,es,11,0,1,1.2,General-Service,1238,0.8937,0.4295,2026-03-30T10:52:50
CONT-5E4BA846,SESS-30956482,Account Management,Healthcare,Partner API,en,1,1,0,,,61,0.6014,0.7206,2026-03-13T07:10:44
CONT-EE9F6789,SESS-D452EF61,Order Status,Financial Services,Kiosk,en,18,0,1,,Billing-Ops,1261,0.3626,0.325,2026-03-14T13:44:13
CONT-36925FBC,SESS-E57BC191,Subscription Management,Financial Services,Mobile App,en,14,1,0,,,537,0.8167,0.8067,2026-04-01T16:54:18
CONT-602749BC,SESS-C9E8814C,Password Reset,Financial Services,Mobile App,ja,8,1,0,,,557,0.834,0.8136,2026-03-26T22:39:54
CONT-1C1E37F2,SESS-CE0865C5,Subscription Management,Technology,Kiosk,pt,1,0,0,2.3,,53,0.6609,0.4024,2026-03-21T07:51:49
CONT-240FBB65,SESS-A9126615,Loyalty Program,Healthcare,Mobile App,en,19,1,0,4.3,,1172,0.5094,0.7618,2026-03-12T20:53:02
CONT-AEA9D8E2,SESS-9399CFBE,Account Management,Healthcare,Kiosk,en,2,1,0,,,53,0.7123,0.7649,2026-04-02T04:27:02
CONT-87A85C8A,SESS-E07A246A,General Inquiry,Travel,Mobile App,fr,2,1,0,3.8,,99,0.3349,0.662,2026-03-09T15:53:50
CONT-5E993463,SESS-E8F69CD8,Loyalty Program,Technology,IVR,en,17,1,0,,,998,0.8545,0.8218,2026-03-21T17:13:37
CONT-CC214BEB,SESS-3B8AB6E6,Product Support,Healthcare,Mobile App,de,15,1,0,,,640,1.0,0.88,2026-03-23T06:58:04
CONT-EC26DA0F,SESS-16643183,Subscription Management,Healthcare,Kiosk,pt,19,0,1,,Billing-Ops,563,0.6278,0.4311,2026-03-14T02:36:03
CONT-67EF7131,SESS-0F00AA7B,Technical Troubleshooting,Financial Services,IVR,fr,10,1,0,,,352,0.6848,0.7539,2026-03-16T01:54:05
CONT-6FFC73ED,SESS-AC0673A3,Product Support,Retail,IVR,en,20,1,0,,,733,0.4186,0.6474,2026-03-16T06:24:46
CONT-707FF31F,SESS-5D41917D,Billing Inquiry,Healthcare,Partner API,en,3,1,0,,,96,0.6805,0.7522,2026-03-08T01:20:55
CONT-631FFB92,SESS-A99FF612,Order Status,Healthcare,IVR,ja,15,1,0,,,1401,1.0,0.88,2026-03-19T07:17:20
CONT-600BD588,SESS-03604A21,Returns & Refunds,Travel,Mobile App,en,7,1,0,5.0,,697,0.5449,0.818,2026-03-30T19:19:57
CONT-12A4CB2C,SESS-7CA9162C,Technical Troubleshooting,Financial Services,Mobile App,es,7,1,0,4.9,,206,0.6681,0.8612,2026-03-27T23:01:40
CONT-5187F92F,SESS-A8C7ACE0,Account Management,Technology,Kiosk,zh,12,1,0,4.2,,1565,0.6669,0.8188,2026-03-24T06:59:31
CONT-F96EB733,SESS-8DA2D88E,Subscription Management,Travel,Partner API,zh,12,1,0,3.3,,241,0.5998,0.7379,2026-03-17T15:15:41
CONT-CE78DEF4,SESS-899A3539,Account Management,Financial Services,IVR,fr,11,1,0,4.7,,774,0.838,0.9172,2026-03-22T03:27:51
CONT-2F3D2CA2,SESS-C1B2A20E,Product Support,Travel,Partner API,de,7,1,0,1.5,,277,0.8367,0.7247,2026-03-08T00:34:33
CONT-C8A58A12,SESS-17453E3F,Technical Troubleshooting,Retail,Kiosk,en,4,1,0,,,45,0.7208,0.7683,2026-03-24T03:20:14
CONT-DD1BA0A7,SESS-4AE7DFB2,Billing Inquiry,Retail,IVR,pt,20,1,0,,,1498,0.5334,0.6934,2026-04-01T07:13:56
CONT-83308FB2,SESS-4C3D5854,General Inquiry,Technology,Web,en,18,1,0,,,487,0.3267,0.6107,2026-03-30T16:33:32
CONT-278A31ED,SESS-7B580811,Loyalty Program,Technology,Mobile App,en,1,1,0,4.5,,116,0.556,0.7924,2026-03-31T14:42:43
CONT-6BCFE21D,SESS-61BE6212,Billing Inquiry,Healthcare,IVR,en,9,0,0,,,464,0.8208,0.5083,2026-03-10T08:34:31
CONT-EC6A0323,SESS-2D59D1B2,Billing Inquiry,Technology,Partner API,fr,16,1,0,,,1771,0.6692,0.7477,2026-03-19T21:31:13
CONT-14443713,SESS-E75CFE44,Technical Troubleshooting,Financial Services,IVR,de,5,1,0,3.4,,161,0.7346,0.7978,2026-03-21T10:27:29
CONT-2DBD7AD0,SESS-75A8BE95,Password Reset,Retail,Partner API,es,5,1,0,,,482,0.666,0.7464,2026-03-12T02:45:41
CONT-6FE0641F,SESS-79E4F319,Password Reset,Financial Services,Mobile App,en,15,1,0,1.5,,378,0.3918,0.5467,2026-03-15T18:48:46
CONT-4351C18E,SESS-15F5B292,Account Management,Financial Services,Kiosk,en,19,1,0,2.3,,408,0.8729,0.7872,2026-03-19T04:45:09
CONT-736FB02A,SESS-7949C914,Order Status,Retail,IVR,en,3,1,0,2.1,,110,0.5785,0.6574,2026-03-26T04:19:37
CONT-DFF515E2,SESS-86D7CA38,Billing Inquiry,Retail,Partner API,es,15,1,0,3.3,,436,0.717,0.7848,2026-03-31T00:38:28
CONT-EEAD5EDB,SESS-9D89AD45,Order Status,Healthcare,Web,es,10,1,0,,,387,0.6454,0.7382,2026-03-16T04:50:58
CONT-E238CC6E,SESS-085F1AE4,Loyalty Program,Retail,Mobile App,zh,5,1,0,1.0,,502,1.0,0.76,2026-04-04T00:40:48
CONT-19444651,SESS-CF1E48CD,Password Reset,Financial Services,Kiosk,fr,8,1,0,1.1,,136,0.7655,0.6722,2026-03-23T14:29:00
CONT-77D01992,SESS-08F72125,Account Management,Technology,IVR,en,16,0,1,3.8,Tech-Escalation,448,0.6503,0.4881,2026-03-16T07:32:43
CONT-FC09A2F8,SESS-DE7719EA,Loyalty Program,Retail,Mobile App,en,11,1,0,4.0,,591,0.6575,0.803,2026-03-20T15:55:00
CONT-19031451,SESS-A0C8226B,Account Management,Technology,Mobile App,fr,15,1,0,3.9,,769,0.8346,0.8678,2026-03-23T19:58:06
CONT-319E9833,SESS-B6200658,Loyalty Program,Healthcare,Kiosk,en,2,0,0,4.9,,106,0.5706,0.5222,2026-03-07T06:44:49
CONT-BD7844FC,SESS-856EFCD6,Billing Inquiry,Travel,Web,en,14,1,0,,,429,0.4121,0.6448,2026-03-15T14:01:57
CONT-12B7C9B2,SESS-23C7D2DD,General Inquiry,Financial Services,Kiosk,en,9,1,0,3.8,,241,1.0,0.928,2026-04-04T13:56:34
CONT-E7706C67,SESS-503ABA61,Subscription Management,Technology,IVR,en,5,0,1,4.9,Billing-Ops,138,0.4613,0.4785,2026-03-07T17:20:04
CONT-194BEE5A,SESS-D915B3AA,Order Status,Healthcare,Kiosk,en,16,0,1,1.7,General-Service,866,0.6779,0.3732,2026-03-23T18:57:34
CONT-6C746558,SESS-503F9327,Product Support,Financial Services,IVR,zh,11,0,0,1.5,,437,0.9818,0.4827,2026-03-22T02:55:03
CONT-EB7EE277,SESS-EF815617,Subscription Management,Travel,Partner API,pt,7,0,1,4.5,Billing-Ops,435,0.594,0.5076,2026-03-23T08:13:19
CONT-3F746932,SESS-CF5CC628,Product Support,Financial Services,IVR,pt,9,1,0,1.0,,311,0.5995,0.5998,2026-03-18T04:02:02
CONT-1C8C3EF2,SESS-C2CA3B7A,Returns & Refunds,Technology,Web,en,16,1,0,,,1208,0.6384,0.7354,2026-03-30T23:40:36
CONT-180921EE,SESS-A0CC8827,Password Reset,Healthcare,Mobile App,en,3,1,0,3.7,,45,0.6903,0.7981,2026-03-09T04:35:23
CONT-D13B80D2,SESS-5F34E4ED,Returns & Refunds,Retail,Mobile App,en,9,0,1,,Billing-Ops,159,1.0,0.58,2026-04-02T10:57:52
CONT-30B2FE4F,SESS-08981389,Order Status,Travel,Kiosk,en,7,1,0,,,175,0.6676,0.747,2026-03-09T15:18:06
CONT-DFEE0F80,SESS-66A3FC23,Billing Inquiry,Healthcare,IVR,en,7,1,0,,,365,0.6423,0.7369,2026-03-20T14:01:01
CONT-9102C815,SESS-1CEF2834,Order Status,Technology,Kiosk,en,20,1,0,3.4,,751,0.7844,0.8178,2026-03-30T06:48:40
CONT-832BA80C,SESS-21C0793E,Technical Troubleshooting,Retail,Mobile App,es,10,1,0,,,1116,0.8535,0.8214,2026-03-22T13:41:21
CONT-A18167DA,SESS-5E5B442F,Product Support,Travel,IVR,en,7,1,0,,,759,0.4907,0.6763,2026-03-22T03:03:20
CONT-C20D74A5,SESS-3AA66455,Product Support,Travel,Mobile App,en,18,1,0,,,973,0.731,0.7724,2026-03-26T07:11:33
CONT-65B79BE2,SESS-14809FEC,Subscription Management,Financial Services,Mobile App,fr,6,1,0,3.4,,331,0.9752,0.8941,2026-03-11T17:28:57
CONT-24FE2E4D,SESS-28A837F9,Returns & Refunds,Retail,IVR,en,10,1,0,1.0,,391,0.6189,0.6076,2026-03-24T07:02:54
CONT-7ABD2E1C,SESS-E4498A75,Returns & Refunds,Travel,Web,en,9,1,0,2.7,,554,0.3444,0.5998,2026-03-20T02:52:56
CONT-2B38C0C5,SESS-FC05986F,Subscription Management,Healthcare,Web,zh,14,1,0,3.6,,542,0.6732,0.7853,2026-03-20T06:39:40
CONT-F695E502,SESS-40A9ADF9,Account Management,Technology,Kiosk,fr,12,0,1,,Tech-Escalation,308,0.9114,0.5446,2026-03-27T01:26:50
CONT-6D100E9B,SESS-1A7FEA0E,General Inquiry,Financial Services,Mobile App,en,20,1,0,1.4,,472,0.6728,0.6531,2026-04-01T19:41:54
CONT-B1A444B9,SESS-49983D46,Product Support,Financial Services,Web,en,10,1,0,,,532,0.9707,0.8683,2026-04-03T13:16:06
CONT-6631691B,SESS-AC907126,Password Reset,Technology,Kiosk,es,14,0,0,3.7,,621,0.8872,0.5769,2026-03-18T04:08:12
CONT-7BD823DA,SESS-2A18489A,Returns & Refunds,Healthcare,Web,en,16,1,0,3.3,,1088,0.7247,0.7879,2026-03-16T22:28:48
CONT-707FF31F,SESS-058BD521,General Inquiry,Financial Services,Kiosk,es,20,0,0,4.7,,464,0.4131,0.4472,2026-03-17T08:23:51
CONT-0E0F5E0C,SESS-D4E530D3,Technical Troubleshooting,Financial Services,Partner API,en,8,0,1,3.8,General-Service,381,0.5915,0.4646,2026-03-28T17:35:15
CONT-45383237,SESS-62653F12,Returns & Refunds,Healthcare,IVR,en,14,1,0,1.8,,1086,0.8492,0.7477,2026-03-07T03:47:02
CONT-2ACC6B30,SESS-4C967C60,Billing Inquiry,Travel,Web,zh,13,1,0,,,520,0.4685,0.6674,2026-03-12T13:33:59
CONT-C634179E,SESS-C4A0F548,Loyalty Program,Financial Services,IVR,fr,16,1,0,3.0,,971,0.4964,0.6786,2026-03-29T16:01:21
CONT-F1252D54,SESS-60016FDF,Account Management,Retail,Kiosk,en,19,1,0,4.8,,538,0.5041,0.7896,2026-03-08T00:24:53
CONT-602ED0D8,SESS-2D9EB7F1,Returns & Refunds,Retail,Partner API,en,19,1,0,3.8,,781,0.934,0.9016,2026-04-01T22:23:46
CONT-7A1A82A1,SESS-F50F7088,Technical Troubleshooting,Retail,Web,ja,10,0,0,,,445,0.6114,0.4246,2026-03-28T13:10:03
CONT-6F49618A,SESS-F392B4D1,Account Management,Healthcare,Kiosk,en,6,1,0,2.3,,107,0.8104,0.7622,2026-03-31T08:13:54
CONT-58D0CB1E,SESS-CA9BB7D6,Order Status,Technology,Web,en,2,1,0,,,55,0.7235,0.7694,2026-03-20T09:39:57
CONT-9721F2DB,SESS-9A2CE440,Billing Inquiry,Travel,Partner API,zh,2,0,1,1.7,General-Service,72,0.8676,0.449,2026-03-08T18:31:39
CONT-D0A6223C,SESS-36F6D626,Billing Inquiry,Financial Services,Partner API,es,9,1,0,3.9,,366,0.6882,0.8093,2026-03-29T05:06:22
CONT-E1A8A078,SESS-F58D8D4D,Subscription Management,Financial Services,Web,es,2,1,0,,,119,1.0,0.88,2026-03-28T02:35:52
CONT-9327CA08,SESS-869FFFCB,Password Reset,Retail,Kiosk,pt,5,1,0,,,380,0.6823,0.7529,2026-03-28T19:04:11
CONT-D77A335A,SESS-8ADEF039,Account Management,Financial Services,Kiosk,en,2,1,0,,,89,0.595,0.718,2026-03-14T06:25:33
CONT-8CE5BADC,SESS-3D3F7B1D,Loyalty Program,Financial Services,Mobile App,de,19,1,0,,,480,0.5894,0.7158,2026-04-01T20:45:16
CONT-8BA682E6,SESS-CC43A996,Password Reset,Technology,Partner API,es,18,1,0,,,506,0.8307,0.8123,2026-04-01T03:58:22
CONT-7DEA3409,SESS-2B2DBF4F,Returns & Refunds,Retail,Mobile App,en,8,1,0,,,188,0.9666,0.8666,2026-03-23T23:58:36
CONT-0771D8A6,SESS-303EB5AC,Order Status,Technology,Web,es,5,1,0,,,350,0.7041,0.7616,2026-03-13T18:13:22
CONT-0A004048,SESS-7423B5A4,Returns & Refunds,Financial Services,IVR,en,8,1,0,4.2,,357,0.5885,0.7874,2026-04-01T21:48:53
CONT-D56F96C4,SESS-447D51CF,Account Management,Healthcare,IVR,en,14,0,1,,Tech-Escalation,735,0.9176,0.547,2026-03-21T16:15:54
CONT-5AEE0328,SESS-5838A968,Password Reset,Retail,Web,en,9,1,0,,,263,0.3933,0.6373,2026-04-03T19:59:41
CONT-8190B43B,SESS-2E0FB6F4,Returns & Refunds,Travel,Mobile App,zh,17,1,0,2.6,,1158,0.7649,0.762,2026-03-09T03:25:50
CONT-4FB99958,SESS-6EEF0F14,Subscription Management,Technology,Partner API,en,14,1,0,3.1,,319,0.5533,0.7073,2026-03-23T03:54:07
CONT-737CFF88,SESS-BB48E942,Product Support,Healthcare,Partner API,en,11,1,0,1.2,,293,0.5551,0.594,2026-03-25T23:14:41
CONT-C4D23E2B,SESS-81F0197E,General Inquiry,Travel,Partner API,en,13,1,0,,,478,0.6467,0.7387,2026-04-02T07:11:17
CONT-397882A9,SESS-E2BED3CF,Subscription Management,Retail,Kiosk,es,10,1,0,4.4,,302,0.5484,0.7834,2026-03-16T04:30:57
CONT-729B12DE,SESS-A336C4C6,Subscription Management,Travel,Mobile App,en,17,0,0,,,662,0.7335,0.4734,2026-03-10T12:47:34
CONT-2194FF23,SESS-1715D977,Subscription Management,Healthcare,Partner API,ja,1,1,0,4.1,,36,0.9317,0.9187,2026-03-14T02:47:12
CONT-EFA909CF,SESS-5CE836FA,Returns & Refunds,Technology,Kiosk,en,13,1,0,,,788,0.3818,0.6327,2026-03-25T17:06:38
CONT-9835F24D,SESS-C46706D7,Order Status,Technology,Mobile App,zh,18,1,0,,,1101,0.8211,0.8084,2026-03-13T22:33:37
CONT-7E36B9D0,SESS-29585146,Product Support,Financial Services,Mobile App,de,10,1,0,,,344,0.401,0.6404,2026-03-09T18:00:19
CONT-737CFF88,SESS-FA387954,Password Reset,Travel,Partner API,en,6,1,0,,,269,0.6985,0.7594,2026-04-02T01:46:43
CONT-F2E421A1,SESS-B0E23E8D,General Inquiry,Financial Services,IVR,es,3,0,0,4.3,,68,0.4098,0.4219,2026-04-03T14:47:22
CONT-3E33FF27,SESS-1652F1CE,Order Status,Technology,IVR,es,12,1,0,,,508,0.6534,0.7414,2026-04-05T03:27:29
CONT-BD7844FC,SESS-05210FDB,General Inquiry,Travel,Mobile App,es,1,0,0,,,34,0.6833,0.4533,2026-03-20T20:59:20
CONT-223BABC6,SESS-903AE479,Password Reset,Healthcare,Web,es,11,0,1,2.2,Tier1-Support,253,0.613,0.3772,2026-03-10T22:10:23
CONT-DD5C02DB,SESS-FFCF7677,General Inquiry,Financial Services,Partner API,en,14,1,0,3.5,,861,0.63,0.762,2026-04-02T12:10:30
CONT-BE3E5ABB,SESS-3A844034,Product Support,Technology,Partner API,en,8,1,0,3.9,,131,0.6055,0.7762,2026-03-17T14:06:37
CONT-0049CD55,SESS-DF9F8311,Loyalty Program,Financial Services,Mobile App,ja,15,1,0,1.8,,352,0.7534,0.7094,2026-03-26T15:22:37
CONT-C7F7BC27,SESS-B3B1570D,Returns & Refunds,Retail,Kiosk,en,14,0,0,,,757,0.3682,0.3273,2026-03-27T10:02:29
CONT-A44FA092,SESS-2115D86B,Technical Troubleshooting,Travel,Web,en,3,0,1,2.2,Billing-Ops,211,0.4776,0.323,2026-04-04T02:00:27
CONT-2B051AE8,SESS-5CD9B5F4,Product Support,Financial Services,Web,es,16,1,0,4.6,,1822,0.6902,0.8521,2026-03-23T15:33:48
CONT-6F6B633F,SESS-1F8627BE,Loyalty Program,Travel,Mobile App,es,5,0,1,,Tier1-Support,105,0.4716,0.3686,2026-03-07T08:21:55
CONT-4B33E9F7,SESS-2EE10F43,Product Support,Financial Services,Mobile App,es,5,1,0,3.7,,275,0.6217,0.7707,2026-03-31T03:52:56
CONT-F96EB733,SESS-CA7C6864,Password Reset,Travel,Mobile App,fr,3,1,0,2.1,,126,1.0,0.826,2026-03-07T06:51:13
CONT-707FF31F,SESS-4FC35699,Loyalty Program,Financial Services,Kiosk,fr,9,1,0,,,264,0.712,0.7648,2026-03-30T13:56:57
CONT-1473C52B,SESS-E702A94D,Product Support,Healthcare,Partner API,fr,3,1,0,3.2,,314,0.7541,0.7936,2026-03-30T02:03:09
CONT-3AE690E6,SESS-7CC6919F,Password Reset,Retail,Mobile App,en,5,1,0,1.3,,85,0.8011,0.6984,2026-04-05T06:32:09
CONT-137E5080,SESS-AF699ED2,Technical Troubleshooting,Technology,Web,en,3,0,1,2.8,Billing-Ops,66,0.9814,0.5606,2026-03-18T15:25:36
CONT-6F49618A,SESS-9CECB255,Billing Inquiry,Retail,Mobile App,zh,10,0,0,2.6,,272,1.0,0.556,2026-03-12T03:56:53
CONT-6000AA54,SESS-D1838F75,Subscription Management,Financial Services,IVR,de,10,1,0,,,1078,0.5407,0.6963,2026-04-02T14:39:31
CONT-51AED89D,SESS-74171727,Password Reset,Technology,Partner API,es,3,1,0,3.5,,135,0.8507,0.8503,2026-03-28T06:13:04
CONT-5820D31E,SESS-66879045,Product Support,Travel,IVR,en,1,1,0,3.0,,71,0.7885,0.7954,2026-04-02T12:12:51
CONT-FBFB3FBC,SESS-21FED551,Billing Inquiry,Retail,Web,es,10,0,1,4.8,Tech-Escalation,947,0.6754,0.5582,2026-04-04T18:05:15
CONT-CE78DEF4,SESS-83FB9C9D,Product Support,Financial Services,Web,en,4,0,1,,Tech-Escalation,143,0.6306,0.4322,2026-03-12T18:29:28
CONT-1A5DB3C4,SESS-B140F756,Product Support,Travel,Partner API,en,2,1,0,4.8,,149,0.773,0.8972,2026-03-24T16:54:12
CONT-9DDFE3A1,SESS-E1EA2AFC,Subscription Management,Travel,Web,en,2,1,0,3.3,,106,0.859,0.8416,2026-03-23T05:23:53
CONT-068B6BC0,SESS-6A20F577,Billing Inquiry,Technology,Web,ja,5,1,0,2.9,,65,0.762,0.7788,2026-03-08T01:27:55
CONT-43AE61CE,SESS-4CA3E93A,Password Reset,Travel,Partner API,fr,11,1,0,,,560,1.0,0.88,2026-03-14T19:39:10
CONT-5E065A12,SESS-EA6834C0,Loyalty Program,Healthcare,Kiosk,en,8,1,0,,,142,1.0,0.88,2026-03-09T15:29:40
CONT-D0053274,SESS-4E760D5A,Product Support,Retail,Web,en,16,0,0,2.3,,748,0.7978,0.4571,2026-03-13T18:24:29
CONT-2AF5C2BA,SESS-C2761DF1,Technical Troubleshooting,Retail,IVR,en,10,1,0,4.3,,1221,0.8122,0.8829,2026-03-24T23:05:47
CONT-5C870A01,SESS-42E38849,Account Management,Travel,Partner API,en,17,1,0,2.1,,966,0.7485,0.7254,2026-03-25T11:21:39
CONT-F7E284D7,SESS-470A3AD6,Returns & Refunds,Financial Services,Kiosk,de,8,1,0,,,267,0.6943,0.7577,2026-03-12T10:50:27
CONT-1FD0F21F,SESS-EEE6F4A8,Loyalty Program,Travel,Mobile App,de,12,1,0,2.1,,349,0.6911,0.7024,2026-03-27T10:10:16
CONT-EA5BC624,SESS-DF11EFC2,Returns & Refunds,Financial Services,Mobile App,zh,2,1,0,,,22,0.7858,0.7943,2026-03-09T03:22:32
CONT-319E9833,SESS-848518FA,Technical Troubleshooting,Travel,Web,en,12,1,0,1.9,,498,0.6328,0.6671,2026-03-07T03:44:31
CONT-3A43B770,SESS-D878F9B6,Subscription Management,Financial Services,Partner API,en,18,1,0,3.4,,918,0.4133,0.6693,2026-04-04T23:32:15
CONT-FD62163C,SESS-2D1494C2,General Inquiry,Retail,Partner API,es,9,1,0,,,1280,0.6794,0.7518,2026-03-16T12:09:28
CONT-3396EC43,SESS-D02F40FC,Order Status,Retail,Mobile App,fr,20,1,0,2.5,,819,0.5069,0.6528,2026-03-24T03:05:54
CONT-03422663,SESS-001B4E82,Subscription Management,Travel,Kiosk,de,2,1,0,1.0,,90,0.9774,0.751,2026-04-01T19:06:26
CONT-56EF5DC0,SESS-D4BD54E6,Technical Troubleshooting,Financial Services,Partner API,es,16,1,0,3.3,,1331,0.8709,0.8464,2026-03-14T10:14:02
CONT-8A8E5119,SESS-EA90F4D7,General Inquiry,Healthcare,Web,en,6,1,0,2.6,,372,0.6283,0.7073,2026-03-10T16:33:54
CONT-97A052C7,SESS-64AF5189,Order Status,Healthcare,Partner API,en,14,0,0,,,262,0.6598,0.4439,2026-03-19T21:10:04
CONT-9494C3A4,SESS-EF5531CF,Password Reset,Travel,Partner API,pt,9,0,1,,Tier1-Support,349,0.9098,0.5439,2026-03-27T10:41:10
CONT-CF283E09,SESS-3D618DE1,Account Management,Retail,Web,en,8,1,0,2.8,,430,1.0,0.868,2026-03-18T17:28:40
CONT-C25F08D5,SESS-C367B589,General Inquiry,Travel,IVR,en,4,1,0,,,366,0.6087,0.7235,2026-03-18T16:51:40
CONT-400B05E6,SESS-1035F72E,General Inquiry,Technology,Kiosk,en,16,1,0,,,243,0.9771,0.8708,2026-04-02T12:30:05
CONT-A33C66F1,SESS-868F5F05,Billing Inquiry,Financial Services,Mobile App,en,1,1,0,1.2,,101,0.4268,0.5427,2026-03-13T12:57:55
CONT-4FA2FBCC,SESS-C175B730,General Inquiry,Financial Services,IVR,de,11,1,0,,,1216,0.7764,0.7906,2026-03-18T01:36:09
CONT-56298904,SESS-6425BFB7,Account Management,Retail,Mobile App,en,16,1,0,,,787,1.0,0.88,2026-04-01T18:05:59
CONT-35F0D645,SESS-36D397FA,Password Reset,Healthcare,IVR,zh,17,1,0,4.7,,1702,0.8303,0.9141,2026-03-23T19:35:55
CONT-D39FAF79,SESS-B80D26DD,Loyalty Program,Retail,Mobile App,fr,10,0,1,4.5,Tech-Escalation,593,0.8233,0.5993,2026-03-10T12:38:26
CONT-844296C1,SESS-02A9EBC6,Order Status,Healthcare,Kiosk,en,19,1,0,3.5,,668,0.689,0.7856,2026-04-05T17:10:34
CONT-F42A1470,SESS-AB27EBEC,Order Status,Travel,Mobile App,en,12,1,0,4.2,,312,0.6334,0.8054,2026-03-29T14:07:09
CONT-28AD36D2,SESS-2CDDA429,Returns & Refunds,Healthcare,Mobile App,es,8,0,0,3.2,,286,0.5729,0.4212,2026-03-24T13:22:19
CONT-462DC4F8,SESS-F9B36023,Loyalty Program,Travel,Mobile App,es,17,1,0,,,824,0.6352,0.7341,2026-03-18T14:30:28
CONT-050E0E87,SESS-E99F6DDC,Password Reset,Financial Services,Web,zh,1,0,0,1.2,,60,0.3755,0.2222,2026-03-12T03:48:47
CONT-3AE08BB7,SESS-0DB47ECB,Account Management,Financial Services,Partner API,en,4,1,0,,,167,0.7263,0.7705,2026-03-23T17:10:44
CONT-3D9B8BA5,SESS-F077E20C,General Inquiry,Technology,Partner API,fr,6,0,1,,Tech-Escalation,222,0.6655,0.4462,2026-03-20T23:28:01
CONT-03160B4A,SESS-253234B5,Account Management,Healthcare,Mobile App,en,9,1,0,2.9,,155,0.7713,0.7825,2026-03-23T08:13:50
CONT-3757C7E4,SESS-FE6B2716,Account Management,Travel,Mobile App,ja,18,0,1,4.7,Tier1-Support,1186,0.7987,0.6015,2026-03-18T07:27:19
CONT-2ACC6B30,SESS-31E79B7F,Billing Inquiry,Travel,Kiosk,es,18,1,0,,,1500,0.7403,0.7761,2026-03-17T23:00:02
CONT-778CEBFE,SESS-29C19C6F,Product Support,Technology,Web,en,8,1,0,,,476,0.7312,0.7725,2026-04-01T22:11:55
CONT-CF5FAE4C,SESS-B5816FCF,Subscription Management,Travel,IVR,en,18,1,0,,,1215,0.3846,0.6338,2026-03-15T02:22:01
CONT-D92310A8,SESS-FCD26BE2,Loyalty Program,Financial Services,Mobile App,fr,16,0,1,,Billing-Ops,418,1.0,0.58,2026-03-30T03:38:45
CONT-B368D1F6,SESS-FB715E83,Returns & Refunds,Retail,Mobile App,en,11,1,0,2.0,,112,0.672,0.6888,2026-04-03T04:06:31
CONT-600BD588,SESS-5180440D,Product Support,Financial Services,Mobile App,en,17,0,0,,,1535,0.6813,0.4525,2026-04-02T00:53:27
CONT-6818B880,SESS-35E4CEBF,Account Management,Healthcare,Web,en,17,1,0,,,595,0.7259,0.7704,2026-03-17T22:38:47
CONT-B2134DB0,SESS-792A33EE,Returns & Refunds,Travel,Web,en,9,1,0,1.4,,325,0.7062,0.6665,2026-03-10T04:52:44
CONT-18370923,SESS-7675DCAF,Order Status,Financial Services,Kiosk,fr,14,0,0,,,415,0.9217,0.5487,2026-03-26T20:38:46
CONT-C60E4103,SESS-D7CDD42B,Order Status,Financial Services,Kiosk,en,7,1,0,,,734,0.6733,0.7493,2026-03-09T20:31:28
CONT-8345279A,SESS-047485EC,Technical Troubleshooting,Healthcare,Kiosk,fr,13,0,1,,Tech-Escalation,252,0.5952,0.4181,2026-03-12T13:29:33
CONT-3A43B770,SESS-00206BCF,Technical Troubleshooting,Technology,IVR,es,18,0,1,,Billing-Ops,720,0.8011,0.5004,2026-03-13T23:47:52
CONT-8388F7D5,SESS-5BC610DF,Order Status,Travel,IVR,en,5,1,0,,,122,0.5462,0.6985,2026-03-12T02:25:39
CONT-53E40F69,SESS-CF300076,Returns & Refunds,Retail,Partner API,en,6,1,0,,,364,0.8878,0.8351,2026-03-22T09:27:15
CONT-611EA614,SESS-F48E70D5,Password Reset,Healthcare,Kiosk,en,19,1,0,5.0,,584,0.4334,0.7734,2026-03-07T20:44:15
CONT-B2134DB0,SESS-DF78E7E7,Subscription Management,Financial Services,Mobile App,en,8,1,0,1.8,,2565,0.8567,0.7507,2026-03-18T04:40:08
CONT-14CCD884,SESS-37BF5C2C,Billing Inquiry,Financial Services,Web,en,8,0,0,3.4,,304,0.8738,0.5535,2026-03-22T22:53:44
CONT-62A11600,SESS-EB1ACFCC,Order Status,Retail,Kiosk,en,18,1,0,,,746,0.8734,0.8294,2026-03-14T05:50:13
CONT-4AA4EEF8,SESS-9017C2C1,Billing Inquiry,Retail,Mobile App,en,11,1,0,2.9,,541,0.7183,0.7613,2026-03-21T03:20:31
CONT-E6393BBB,SESS-40490D7A,Order Status,Technology,IVR,en,11,1,0,,,459,0.4105,0.6442,2026-03-07T18:45:48
CONT-6A15AB07,SESS-1C275974,Order Status,Healthcare,Web,en,17,1,0,4.1,,2431,0.5117,0.7507,2026-04-05T23:38:11
CONT-DF3EF03A,SESS-5236B121,General Inquiry,Financial Services,Kiosk,ja,20,1,0,2.1,,395,0.6574,0.689,2026-04-05T02:23:12
CONT-8CB6752C,SESS-EBF8E674,Technical Troubleshooting,Financial Services,Partner API,es,11,1,0,,,276,0.6897,0.7559,2026-03-12T02:33:41
CONT-C0529EB1,SESS-B662AA20,Technical Troubleshooting,Healthcare,Mobile App,es,14,0,1,4.8,Billing-Ops,945,0.8991,0.6476,2026-03-26T21:06:04
CONT-B193383F,SESS-AB79CB63,Password Reset,Retail,Web,en,3,1,0,,,218,0.6389,0.7356,2026-03-28T07:47:26
CONT-C3535C59,SESS-40A2C50A,Product Support,Financial Services,Web,es,15,1,0,5.0,,690,0.7816,0.9126,2026-04-04T15:03:47
CONT-47951263,SESS-8B669F4F,Billing Inquiry,Healthcare,Kiosk,en,6,0,0,,,93,0.8141,0.5056,2026-03-17T20:48:00
CONT-1040AA48,SESS-D085A2FC,Subscription Management,Travel,IVR,en,14,0,0,2.1,,261,1.0,0.526,2026-04-03T22:38:14
CONT-01A41BA6,SESS-78883A39,Account Management,Technology,Mobile App,en,15,1,0,1.7,,526,0.663,0.6672,2026-03-17T11:49:30
CONT-B7D7F4F7,SESS-D7F84A20,Loyalty Program,Travel,Web,en,16,1,0,2.5,,450,0.574,0.6796,2026-03-27T07:51:46
CONT-369CF6FD,SESS-D5864FA5,General Inquiry,Financial Services,Web,en,15,1,0,4.0,,2624,0.8881,0.8952,2026-03-13T21:24:35
CONT-6418397D,SESS-AD83399A,General Inquiry,Travel,IVR,en,11,1,0,,,194,1.0,0.88,2026-03-09T07:46:21
CONT-C05AE4BB,SESS-11F243B7,General Inquiry,Technology,Mobile App,en,14,1,0,1.0,,1280,0.6438,0.6175,2026-03-21T06:43:17
CONT-12B7C9B2,SESS-641F9B79,General Inquiry,Healthcare,IVR,fr,19,0,0,4.1,,1020,0.697,0.5248,2026-03-11T19:32:52
CONT-E67C060F,SESS-3295516D,Subscription Management,Financial Services,Partner API,pt,18,1,0,1.5,,2627,0.5407,0.6063,2026-03-26T02:40:25
CONT-3FD04654,SESS-4AF6C817,Subscription Management,Financial Services,IVR,es,16,1,0,,,780,0.6144,0.7258,2026-03-25T05:05:54
CONT-32582483,SESS-D5F54092,Order Status,Healthcare,Mobile App,en,13,0,1,2.5,Tech-Escalation,245,1.0,0.55,2026-03-07T10:32:36
CONT-367FBDD1,SESS-44B366B7,Loyalty Program,Healthcare,Web,es,17,0,1,,Tier1-Support,374,0.744,0.4776,2026-03-29T07:17:18
CONT-8EFD3A2F,SESS-017AF503,Product Support,Travel,Mobile App,en,16,1,0,2.9,,251,0.6202,0.7221,2026-04-04T04:35:06
CONT-E8545BB1,SESS-3BB684E7,Loyalty Program,Travel,IVR,en,17,0,1,,General-Service,978,0.5351,0.394,2026-03-19T16:03:14
CONT-A2E4D364,SESS-8AB0A659,Product Support,Travel,Web,en,18,0,0,3.7,,1144,0.6462,0.4805,2026-03-21T06:44:53
CONT-92059235,SESS-20548B6F,Subscription Management,Technology,Web,zh,14,1,0,4.3,,1255,0.9724,0.947,2026-04-03T06:13:20
CONT-F72226C9,SESS-AB261995,Subscription Management,Technology,Mobile App,de,12,1,0,2.2,,377,0.7153,0.7181,2026-03-17T14:26:44
CONT-BB89F78B,SESS-A6EC5B3E,Loyalty Program,Financial Services,Mobile App,fr,6,0,1,2.1,Tier1-Support,299,0.8239,0.4556,2026-03-16T02:09:12
CONT-769FEF69,SESS-2EF01A47,Subscription Management,Travel,Web,en,9,1,0,,,405,0.738,0.7752,2026-03-28T13:46:07
CONT-835F0F56,SESS-45E17BD8,Product Support,Technology,Mobile App,de,19,1,0,,,733,0.723,0.7692,2026-03-09T16:24:30
CONT-7DC4E7E8,SESS-2B90C2D3,Password Reset,Retail,Kiosk,en,5,0,1,,General-Service,486,0.8292,0.5117,2026-03-22T21:25:45
CONT-DB4A7617,SESS-535B0259,Product Support,Travel,IVR,en,20,1,0,1.4,,1361,0.8446,0.7218,2026-04-05T07:56:04
CONT-92059235,SESS-73D411EB,Billing Inquiry,Technology,IVR,en,16,0,1,1.2,Tier1-Support,652,0.7638,0.3775,2026-03-28T17:50:27
CONT-E502232A,SESS-56BC8F24,Password Reset,Technology,IVR,en,2,0,0,,,46,0.9538,0.5615,2026-03-19T03:13:52
CONT-3D23FAD7,SESS-59432201,Subscription Management,Healthcare,Mobile App,en,6,0,0,,,50,0.6826,0.453,2026-03-08T10:29:30
CONT-0771D8A6,SESS-B66299EB,Returns & Refunds,Retail,Mobile App,zh,11,1,0,,,974,0.4272,0.6509,2026-03-12T06:32:22
CONT-D5985611,SESS-62373DE6,Account Management,Financial Services,Kiosk,en,1,1,0,,,56,0.5638,0.7055,2026-03-16T04:25:38
CONT-E502232A,SESS-1DF243D4,Subscription Management,Healthcare,Kiosk,en,11,1,0,,,394,0.8892,0.8357,2026-03-25T21:46:44
CONT-D379A0F0,SESS-E9E3C425,Subscription Management,Travel,Partner API,en,10,1,0,1.1,,503,0.2931,0.4832,2026-04-05T02:23:57
CONT-65299E98,SESS-4B461DC2,Product Support,Technology,Mobile App,en,20,1,0,,,497,0.8951,0.838,2026-03-30T20:06:28
CONT-1D748857,SESS-9D179CC8,Account Management,Financial Services,Web,en,7,1,0,,,409,1.0,0.88,2026-03-21T12:49:33
CONT-79A527D3,SESS-7BEBF366,Product Support,Travel,Partner API,pt,17,1,0,,,2085,0.6316,0.7326,2026-03-08T21:32:43
CONT-4454CB0E,SESS-D62A1D36,General Inquiry,Retail,IVR,en,18,0,1,,General-Service,3613,0.7049,0.462,2026-03-10T11:15:31
CONT-7A4F8486,SESS-B55A57CA,Returns & Refunds,Healthcare,Partner API,en,4,1,0,,,100,0.5733,0.7093,2026-03-27T11:54:53
CONT-A25E2E31,SESS-4B49734B,Subscription Management,Travel,Partner API,en,13,1,0,2.9,,150,1.0,0.874,2026-03-22T05:58:14
CONT-262858D2,SESS-EB929CAC,Account Management,Financial Services,Partner API,en,15,1,0,4.2,,1745,0.4969,0.7508,2026-03-23T07:52:14
CONT-5EE2F199,SESS-CAD0FBF0,Loyalty Program,Technology,Kiosk,en,17,1,0,1.8,,662,0.7191,0.6956,2026-03-19T05:15:29
CONT-7528A6B0,SESS-0C60C6CF,General Inquiry,Technology,Web,en,15,1,0,1.8,,376,0.349,0.5476,2026-03-31T22:37:00
CONT-E9725B5E,SESS-0A50C556,Account Management,Healthcare,Web,en,7,0,1,2.7,Tech-Escalation,275,0.6358,0.4163,2026-03-21T14:27:30
CONT-FE4363FA,SESS-7043BD98,Account Management,Healthcare,Mobile App,pt,5,1,0,,,177,0.7445,0.7778,2026-04-02T18:39:00
CONT-031F3205,SESS-7D96E7A8,Technical Troubleshooting,Travel,IVR,en,7,1,0,,,737,0.6394,0.7358,2026-03-30T14:02:55
CONT-43AE61CE,SESS-BD202F70,Billing Inquiry,Travel,Mobile App,en,6,1,0,,,297,0.8454,0.8182,2026-03-20T19:43:44
CONT-F6E48B3A,SESS-251F1A63,Returns & Refunds,Technology,IVR,en,16,0,1,,Tech-Escalation,997,0.5771,0.4108,2026-03-12T06:59:51
CONT-E7951390,SESS-36FC514E,Subscription Management,Retail,IVR,pt,3,0,0,,,142,0.8095,0.5038,2026-04-04T05:08:34
CONT-E38E57C3,SESS-170BAC36,General Inquiry,Financial Services,Kiosk,zh,13,1,0,1.2,,295,0.9527,0.7531,2026-03-22T21:34:39
CONT-4A79D131,SESS-B89C37E3,Order Status,Retail,Web,fr,13,1,0,,,1371,0.5554,0.7022,2026-03-28T19:03:43
CONT-7E977441,SESS-015D5D4B,Password Reset,Financial Services,Kiosk,en,19,1,0,2.3,,953,0.8285,0.7694,2026-03-12T16:14:20
CONT-839679A3,SESS-E764EC44,Product Support,Technology,Mobile App,es,1,1,0,4.7,,32,0.7963,0.9005,2026-03-22T12:44:33
CONT-546D6D27,SESS-9CAC43C7,Loyalty Program,Travel,Mobile App,en,17,0,1,,Billing-Ops,838,0.4064,0.3426,2026-03-17T01:01:49
CONT-1AE591B4,SESS-A576D97B,Password Reset,Retail,Kiosk,es,2,0,1,,Tier1-Support,117,0.48,0.372,2026-03-31T02:09:13
CONT-6D100E9B,SESS-D06FFBB7,General Inquiry,Healthcare,Mobile App,en,5,1,0,,,392,0.5658,0.7063,2026-03-20T07:41:24
CONT-889F69DF,SESS-AE3E2944,Billing Inquiry,Financial Services,Partner API,en,4,1,0,5.0,,162,0.9745,0.9898,2026-04-02T01:36:54
CONT-561236A3,SESS-0DDA0E1F,Technical Troubleshooting,Healthcare,Partner API,en,20,1,0,,,1204,0.4841,0.6736,2026-03-08T22:08:42
CONT-5C81EFA9,SESS-9B5599E0,Product Support,Technology,Partner API,en,10,1,0,,,243,0.5801,0.712,2026-03-27T08:24:29
CONT-EC6A0323,SESS-AB8D7F61,Technical Troubleshooting,Technology,Web,en,2,1,0,3.4,,113,0.7717,0.8127,2026-03-23T22:09:14
CONT-AFFFB1F9,SESS-1744D8DF,Product Support,Retail,Web,en,20,1,0,,,539,0.4666,0.6666,2026-03-26T07:22:01
CONT-EB05423A,SESS-AE463A54,Billing Inquiry,Healthcare,IVR,fr,16,1,0,3.5,,846,0.6636,0.7754,2026-03-12T01:48:50
CONT-767C1488,SESS-808C0ECA,Returns & Refunds,Retail,Web,zh,5,1,0,3.7,,815,0.7073,0.8049,2026-04-01T05:27:17
CONT-FAE730B0,SESS-220422D5,Account Management,Healthcare,Mobile App,de,18,1,0,,,2389,0.4659,0.6664,2026-03-15T18:47:26
CONT-A25E2E31,SESS-9D3C6538,Password Reset,Travel,IVR,en,12,1,0,,,208,0.476,0.6704,2026-03-31T07:58:45
CONT-8300BFE5,SESS-650571CC,Technical Troubleshooting,Healthcare,Partner API,en,11,1,0,4.8,,1003,1.0,0.988,2026-03-09T03:08:38
CONT-031F3205,SESS-9E766300,General Inquiry,Retail,Kiosk,en,18,1,0,4.8,,503,0.6079,0.8312,2026-04-04T02:01:12
CONT-C4E7B808,SESS-6FE5A31C,Returns & Refunds,Travel,Partner API,de,10,1,0,2.6,,221,0.3377,0.5911,2026-03-14T02:10:27
CONT-D11E127D,SESS-5CBBE9F2,Subscription Management,Travel,Web,en,12,1,0,,,825,0.7446,0.7778,2026-03-13T10:39:56
CONT-20E3F2A9,SESS-A30013A0,General Inquiry,Travel,Partner API,es,6,1,0,3.0,,269,0.42,0.648,2026-03-31T05:06:26
CONT-D0D12F5C,SESS-26D5F9CD,Account Management,Travel,Partner API,de,11,0,0,1.8,,1315,0.5993,0.3477,2026-03-25T19:19:53
CONT-665F2C5B,SESS-33A5A5C9,Password Reset,Technology,Web,en,19,1,0,,,1169,0.4091,0.6436,2026-03-18T08:42:45
CONT-9DBD5A00,SESS-95EC7D16,Returns & Refunds,Retail,Mobile App,pt,15,1,0,,,598,0.7583,0.7833,2026-03-17T21:23:36
CONT-58FA09BB,SESS-F32FA5E0,Technical Troubleshooting,Financial Services,Mobile App,en,12,1,0,4.1,,652,0.7309,0.8384,2026-03-07T20:14:46
CONT-75809B31,SESS-16922AE4,Billing Inquiry,Technology,Mobile App,en,6,0,0,1.4,,360,0.4739,0.2736,2026-03-22T19:52:45
CONT-53AEBDF4,SESS-075F93CF,Returns & Refunds,Healthcare,Partner API,fr,1,0,0,,,50,0.7228,0.4691,2026-03-10T13:15:59
CONT-D1368A70,SESS-BBB954AF,Billing Inquiry,Technology,Partner API,en,1,1,0,,,51,0.7145,0.7658,2026-03-30T09:36:03
CONT-26E5DD54,SESS-15C5F1B3,General Inquiry,Technology,Mobile App,en,20,1,0,,,416,0.4364,0.6546,2026-03-11T15:04:21
CONT-0628B038,SESS-8F8E21C9,Returns & Refunds,Technology,Web,en,16,0,0,,,189,0.8635,0.5254,2026-03-15T15:24:30
CONT-736074C9,SESS-3E68F748,Returns & Refunds,Retail,Kiosk,en,1,0,0,4.8,,73,0.8687,0.6355,2026-03-16T23:07:09
CONT-56569C5C,SESS-64E03CD2,Returns & Refunds,Financial Services,IVR,en,11,1,0,,,591,0.2734,0.5894,2026-03-14T14:11:13
CONT-4454CB0E,SESS-717785FF,Account Management,Healthcare,Mobile App,en,6,1,0,,,144,0.7341,0.7736,2026-03-27T14:58:44
CONT-8F0A65D1,SESS-98562853,Password Reset,Technology,Kiosk,en,13,1,0,4.3,,630,0.6555,0.8202,2026-03-16T18:28:01
CONT-007452AF,SESS-3E46F58A,Order Status,Financial Services,Mobile App,en,10,1,0,,,557,0.7023,0.7609,2026-03-31T15:10:13
CONT-87AF99A7,SESS-6F217BC7,Technical Troubleshooting,Financial Services,Web,ja,19,1,0,,,913,0.5722,0.7089,2026-04-01T11:49:29
CONT-39F583AA,SESS-C1ED7143,Account Management,Retail,Kiosk,en,17,1,0,4.1,,1369,0.6138,0.7915,2026-03-14T22:36:23
CONT-553B0D98,SESS-170091EA,Order Status,Travel,Mobile App,en,13,1,0,1.4,,261,0.5458,0.6023,2026-03-25T20:11:19
CONT-C791B7D9,SESS-270B7725,Product Support,Healthcare,Web,en,17,1,0,,,616,0.8988,0.8395,2026-03-19T20:31:23
CONT-CC799AD9,SESS-CFB69C4C,Order Status,Travel,IVR,de,14,1,0,4.9,,610,0.6628,0.8591,2026-03-28T17:43:40
CONT-2273C932,SESS-FE5D775B,Password Reset,Financial Services,Mobile App,en,6,1,0,3.9,,126,0.8571,0.8768,2026-03-14T23:52:05
CONT-5D46E834,SESS-FD95DC00,Product Support,Retail,Mobile App,en,10,1,0,1.3,,302,0.68,0.65,2026-03-26T13:24:46
CONT-EA3C22BD,SESS-E36C4FB8,General Inquiry,Healthcare,IVR,en,13,1,0,4.6,,1412,0.8018,0.8967,2026-03-19T05:56:26
CONT-BC1B4440,SESS-E5FBEC29,Account Management,Healthcare,IVR,es,17,0,0,2.7,,286,0.3461,0.3004,2026-04-04T07:14:30
CONT-C60E4103,SESS-E80DECC7,Order Status,Healthcare,Mobile App,es,17,1,0,,,731,0.4575,0.663,2026-03-23T10:55:30
CONT-DA09AC79,SESS-7C62D8A5,Account Management,Financial Services,Kiosk,de,6,0,1,1.2,Tech-Escalation,395,0.7085,0.3554,2026-03-09T19:55:04
CONT-EF64A52D,SESS-12D31615,Product Support,Healthcare,Web,en,14,1,0,,,691,0.5587,0.7035,2026-03-10T09:56:40
CONT-B2F53CEB,SESS-015583AE,Subscription Management,Retail,Kiosk,en,8,0,1,,Tech-Escalation,1016,1.0,0.58,2026-03-29T11:28:33
CONT-350E9774,SESS-10092B03,Subscription Management,Retail,Kiosk,fr,7,0,0,4.0,,264,0.7706,0.5482,2026-03-17T04:24:01
CONT-EE9F6789,SESS-5A579096,Returns & Refunds,Technology,IVR,en,20,1,0,3.9,,947,0.6481,0.7932,2026-03-16T00:02:56
CONT-4C75F569,SESS-E207936E,Product Support,Healthcare,Mobile App,en,10,1,0,,,271,0.483,0.6732,2026-04-02T03:45:38
CONT-66C9AEE3,SESS-909779A0,Password Reset,Technology,Web,en,17,0,1,,General-Service,384,0.781,0.4924,2026-03-28T18:18:02
CONT-D560A923,SESS-F86752E7,General Inquiry,Travel,Kiosk,es,17,0,0,2.6,,556,0.1843,0.2297,2026-04-02T18:27:34
CONT-423C6724,SESS-0324FF76,Product Support,Technology,Kiosk,en,3,1,0,,,175,0.6923,0.7569,2026-03-08T18:53:41
CONT-3EB1EBBC,SESS-9B3D03C9,Subscription Management,Technology,Mobile App,en,17,1,0,2.1,,1704,0.7746,0.7358,2026-03-10T11:33:50
CONT-90A74461,SESS-DDF8CCCB,Subscription Management,Financial Services,Kiosk,en,13,1,0,,,239,0.2541,0.5816,2026-03-16T10:17:44
CONT-072C6F63,SESS-AE32E1DB,Loyalty Program,Technology,Kiosk,en,6,0,0,,,174,0.575,0.41,2026-03-13T06:02:32
CONT-54BEC99E,SESS-3AE888CF,Account Management,Technology,Partner API,en,10,1,0,1.5,,787,0.6982,0.6693,2026-04-04T05:13:04
CONT-E2F07214,SESS-D34376C5,Product Support,Retail,Mobile App,es,7,1,0,1.1,,617,0.435,0.54,2026-03-25T00:26:59
CONT-14C5B00E,SESS-1D33FF96,Order Status,Travel,Web,en,16,1,0,,,1276,0.8442,0.8177,2026-03-25T19:01:36
CONT-45383237,SESS-19F41D7C,Product Support,Financial Services,Kiosk,en,8,1,0,1.7,,106,0.9645,0.7878,2026-03-07T22:17:40
CONT-C828653D,SESS-D47DAACB,Technical Troubleshooting,Travel,Partner API,fr,8,1,0,,,378,0.7784,0.7914,2026-04-05T06:35:36
CONT-DD1BA0A7,SESS-97B93966,Product Support,Healthcare,Web,en,2,0,1,4.0,Tier1-Support,53,0.955,0.622,2026-03-26T09:03:03
CONT-51B1C117,SESS-70F92485,Subscription Management,Technology,Web,en,17,0,0,,,373,0.8664,0.5266,2026-03-19T16:07:42
CONT-767C1488,SESS-5773B76F,General Inquiry,Travel,Web,en,17,1,0,,,1243,0.5052,0.6821,2026-03-14T12:54:03
CONT-5FF5F462,SESS-5C3B0286,Password Reset,Retail,Mobile App,en,14,1,0,,,2057,0.7463,0.7785,2026-03-09T02:29:16
CONT-DDFCE02B,SESS-7BDD9CE3,Loyalty Program,Travel,Mobile App,en,3,1,0,2.6,,198,0.3946,0.6138,2026-03-23T23:37:15
CONT-F23E54AC,SESS-DA579649,General Inquiry,Retail,IVR,en,12,1,0,3.2,,1911,0.4551,0.674,2026-03-16T03:04:54
CONT-81CB18D0,SESS-622332A0,Billing Inquiry,Retail,Kiosk,en,8,0,0,4.4,,661,0.501,0.4644,2026-03-21T20:03:24
CONT-11706937,SESS-F57FBCDC,General Inquiry,Financial Services,Kiosk,en,10,0,0,2.7,,308,0.8578,0.5051,2026-03-29T14:32:52
CONT-40410578,SESS-EA24EEB9,Returns & Refunds,Healthcare,IVR,en,3,0,0,,,248,0.4457,0.3583,2026-04-03T07:05:17
CONT-5C81EFA9,SESS-F07D3268,Billing Inquiry,Technology,Web,en,13,1,0,,,1117,0.909,0.8436,2026-03-28T07:09:48
CONT-53FDC395,SESS-2BF36A5A,Password Reset,Technology,IVR,en,3,1,0,3.7,,76,1.0,0.922,2026-03-25T11:44:05
CONT-319ADD31,SESS-A1B26D8A,Billing Inquiry,Healthcare,IVR,en,15,1,0,1.1,,279,0.575,0.596,2026-03-29T03:44:06
CONT-E0388EC7,SESS-6F619C3F,Password Reset,Financial Services,IVR,en,4,1,0,2.7,,238,0.5293,0.6737,2026-04-04T09:12:14
CONT-4C75F569,SESS-D0A2B5D1,Subscription Management,Healthcare,Mobile App,en,10,1,0,2.3,,523,0.7482,0.7373,2026-04-04T06:06:41
CONT-497318FB,SESS-24D481FC,Loyalty Program,Travel,Kiosk,en,18,1,0,,,719,0.8665,0.8266,2026-03-21T17:23:59
CONT-CBFDBA51,SESS-46191F7C,Order Status,Travel,Web,es,17,1,0,2.5,,662,0.7463,0.7485,2026-04-03T22:31:48
CONT-1B1582B1,SESS-DC5F5BD3,Technical Troubleshooting,Technology,Mobile App,en,3,1,0,,,266,0.8581,0.8232,2026-03-28T22:36:16
CONT-C4E7B808,SESS-2F9A89B5,General Inquiry,Technology,Mobile App,en,12,1,0,,,859,0.4702,0.6681,2026-03-08T00:51:30
CONT-DFEE0F80,SESS-E5D6F35A,Order Status,Financial Services,IVR,de,13,0,1,,Tech-Escalation,796,0.5243,0.3897,2026-04-05T05:35:13
CONT-BC650596,SESS-2B8865F1,Order Status,Travel,IVR,en,15,1,0,,,310,0.6857,0.7543,2026-04-04T07:37:32
CONT-50AA78F1,SESS-681BEC5C,Returns & Refunds,Technology,Web,en,3,1,0,4.9,,77,0.8581,0.9372,2026-03-19T22:09:14
CONT-AE0F5905,SESS-AFA01436,General Inquiry,Technology,Web,zh,19,1,0,4.1,,1384,0.3195,0.6738,2026-03-23T17:02:12
CONT-B3FB54BE,SESS-99BED144,Billing Inquiry,Technology,Kiosk,en,7,1,0,,,190,0.408,0.6432,2026-03-20T13:27:06
CONT-BE00DD17,SESS-9E256C51,Subscription Management,Retail,Mobile App,en,19,0,0,1.7,,643,0.791,0.4184,2026-04-05T20:26:09
CONT-EE92A3C8,SESS-811E8940,General Inquiry,Technology,IVR,en,15,1,0,4.3,,579,0.582,0.7908,2026-03-18T14:20:17
CONT-D21F2B0F,SESS-A7816F65,Product Support,Financial Services,IVR,pt,16,0,1,1.7,Billing-Ops,1560,0.239,0.1976,2026-03-27T09:49:01
CONT-55F7670F,SESS-4B687CE7,Loyalty Program,Retail,Mobile App,ja,2,1,0,3.5,,187,0.5911,0.7464,2026-03-14T16:01:37
CONT-03C10A66,SESS-3167985E,Password Reset,Retail,Kiosk,pt,19,0,0,4.2,,810,0.5945,0.4898,2026-03-07T17:19:15
CONT-770EA7D2,SESS-9AF00038,Product Support,Travel,Partner API,en,19,1,0,,,2143,0.4538,0.6615,2026-03-24T07:39:58
CONT-C5CE4A93,SESS-8FF2D8EC,Billing Inquiry,Technology,Kiosk,en,16,1,0,,,720,0.8055,0.8022,2026-03-07T01:20:50
CONT-C994F774,SESS-9FBA2AEF,Subscription Management,Healthcare,Mobile App,en,7,0,0,,,119,0.516,0.3864,2026-03-31T17:16:10
CONT-F20E549F,SESS-610C91BD,Loyalty Program,Healthcare,Partner API,en,5,1,0,4.9,,204,0.5227,0.8031,2026-03-07T21:28:43
CONT-E3E0671B,SESS-C8A7FC89,Subscription Management,Healthcare,Partner API,ja,15,1,0,,,411,0.63,0.732,2026-03-20T05:03:54
CONT-63042C12,SESS-087EF7B0,Account Management,Retail,Partner API,es,1,0,0,,,66,0.6315,0.4326,2026-03-25T09:03:41
CONT-383D89DD,SESS-69BB1BF5,Loyalty Program,Technology,Mobile App,en,16,0,1,,General-Service,1366,0.5004,0.3802,2026-03-08T08:04:08
CONT-3D65154A,SESS-60C9CE2B,Loyalty Program,Retail,IVR,es,5,0,1,1.6,Tier1-Support,105,1.0,0.496,2026-03-19T21:00:47
CONT-CB2EC90E,SESS-6166B433,Technical Troubleshooting,Travel,Mobile App,zh,13,1,0,3.2,,391,0.4378,0.6671,2026-03-11T15:54:28
CONT-A5F604BF,SESS-1DD6DD0A,Subscription Management,Healthcare,Partner API,fr,4,1,0,,,62,0.915,0.846,2026-03-26T19:01:03
CONT-AF124F1F,SESS-A115F642,Product Support,Financial Services,Mobile App,pt,2,1,0,3.7,,72,0.6493,0.7817,2026-03-13T18:22:58
CONT-07E61CF7,SESS-BAA9F9FE,Order Status,Retail,Kiosk,en,19,1,0,3.4,,771,0.9026,0.865,2026-03-19T15:11:54
CONT-8FEE6925,SESS-9CA023DB,Loyalty Program,Financial Services,Kiosk,en,3,1,0,,,120,1.0,0.88,2026-04-03T02:43:18
CONT-622DA0D9,SESS-57F7FAC0,Returns & Refunds,Technology,Kiosk,en,15,1,0,4.7,,726,0.9124,0.947,2026-03-22T02:03:05
CONT-9DA05D20,SESS-E55C5834,Returns & Refunds,Retail,IVR,fr,13,1,0,,,942,0.6927,0.7571,2026-04-05T03:31:17
CONT-1BBAEDE5,SESS-935E7A96,Product Support,Retail,Mobile App,en,8,1,0,,,251,0.7664,0.7866,2026-03-25T03:09:46
CONT-63D0B273,SESS-49365C28,Billing Inquiry,Travel,IVR,fr,3,0,0,2.6,,182,0.5855,0.3902,2026-03-31T09:12:02
CONT-754F61C1,SESS-D8EF3FE5,Account Management,Travel,IVR,en,16,1,0,2.3,,790,0.9472,0.8169,2026-03-10T16:11:26
CONT-5E993463,SESS-BF4DF1C1,Billing Inquiry,Travel,Mobile App,de,18,0,1,2.1,Tier1-Support,2785,0.8709,0.4744,2026-03-26T03:48:22
CONT-FDB6F293,SESS-38DF7D89,Password Reset,Financial Services,Partner API,de,20,1,0,,,2733,0.5741,0.7096,2026-03-13T06:24:18
CONT-31169D6C,SESS-AC53385D,Account Management,Retail,Partner API,en,2,1,0,,,136,0.9677,0.8671,2026-03-18T00:47:08
CONT-34E0C040,SESS-776BA034,Billing Inquiry,Travel,IVR,de,12,1,0,1.7,,313,0.6029,0.6432,2026-03-20T07:56:47
CONT-5F89BB3E,SESS-8102D0D0,Product Support,Travel,IVR,pt,1,1,0,3.1,,126,0.505,0.688,2026-03-13T01:28:19
CONT-24C3E988,SESS-83D6DDAF,Billing Inquiry,Travel,Kiosk,fr,19,1,0,1.7,,379,1.0,0.802,2026-03-15T19:14:16
CONT-D0C44A8E,SESS-55DAD442,General Inquiry,Financial Services,Kiosk,en,9,0,1,,Tier1-Support,824,0.7864,0.4946,2026-03-23T18:39:05
CONT-3C69B329,SESS-ACDA02BA,Product Support,Financial Services,Mobile App,en,19,1,0,,,826,0.6123,0.7249,2026-03-20T11:14:51
CONT-6E938C72,SESS-26B8AB8A,Loyalty Program,Technology,Web,en,18,0,1,,Tier1-Support,952,1.0,0.58,2026-03-21T07:15:56
CONT-D77DB9E3,SESS-F52C2420,Product Support,Retail,Web,es,6,1,0,,,309,1.0,0.88,2026-03-09T22:37:19
CONT-D57DE04F,SESS-332BC78C,Technical Troubleshooting,Retail,Partner API,en,17,1,0,1.5,,443,0.6961,0.6684,2026-03-28T22:28:53
CONT-5FBBA382,SESS-5A6070B6,Account Management,Travel,IVR,ja,7,1,0,3.9,,250,0.483,0.7272,2026-03-28T11:21:51
CONT-A06C5666,SESS-2EC2E1A1,Order Status,Financial Services,Kiosk,en,2,1,0,2.4,,81,0.7835,0.7574,2026-03-09T20:56:51
CONT-3499C8FE,SESS-4B88C47F,Order Status,Technology,Kiosk,en,12,1,0,,,734,1.0,0.88,2026-03-08T05:59:03
CONT-A5017B90,SESS-5C7A324C,Product Support,Technology,Partner API,en,1,1,0,4.0,,59,0.93,0.912,2026-04-05T20:54:21
CONT-E21901A9,SESS-77A241BB,Billing Inquiry,Retail,IVR,en,3,1,0,,,139,1.0,0.88,2026-03-09T11:38:45
CONT-C95B5F94,SESS-2E644855,Subscription Management,Retail,IVR,en,13,1,0,4.3,,2450,0.8062,0.8805,2026-03-09T14:18:47
CONT-3CA68666,SESS-D6E8EAF6,Product Support,Healthcare,Web,en,6,1,0,,,147,0.5902,0.7161,2026-04-01T22:44:19
CONT-E92A5D7E,SESS-0DD35629,Account Management,Travel,Mobile App,de,1,1,0,3.3,,52,0.7913,0.8145,2026-03-21T17:59:45
CONT-75C3A52D,SESS-249BA6BA,Order Status,Retail,Partner API,en,9,1,0,4.2,,611,0.792,0.8688,2026-03-19T00:50:21
CONT-CC19C212,SESS-099CB779,Billing Inquiry,Travel,Partner API,en,2,1,0,,,89,0.5728,0.7091,2026-03-18T04:23:26
CONT-8724DB88,SESS-A75B23BE,Password Reset,Financial Services,Partner API,en,16,1,0,4.7,,909,1.0,0.982,2026-03-10T12:52:18
CONT-50146A24,SESS-98903679,Account Management,Healthcare,Mobile App,de,17,1,0,,,1401,0.8069,0.8028,2026-03-08T02:12:49
CONT-F8112A37,SESS-83230893,General Inquiry,Retail,Web,es,16,1,0,3.5,,1326,0.6258,0.7603,2026-03-20T16:13:42
CONT-517FA6EE,SESS-46A24E99,Password Reset,Technology,Web,es,15,1,0,,,494,0.5504,0.7002,2026-03-25T02:41:23
CONT-5F5BF040,SESS-0CBE0BE8,General Inquiry,Travel,Web,en,17,1,0,,,704,0.6156,0.7262,2026-03-10T07:20:42
CONT-DD5C02DB,SESS-3AA082B2,Billing Inquiry,Technology,Kiosk,en,11,1,0,,,1015,0.6049,0.722,2026-04-04T06:33:58
CONT-7F200648,SESS-935435AD,Returns & Refunds,Healthcare,Mobile App,es,7,1,0,,,193,1.0,0.88,2026-03-25T02:34:56
CONT-2D275EC7,SESS-3B4F5798,Loyalty Program,Travel,Kiosk,fr,3,0,1,,Tier1-Support,102,0.7307,0.4723,2026-03-28T12:58:38
CONT-5ACACB7B,SESS-6E830701,Account Management,Travel,IVR,en,11,0,0,4.1,,644,0.4727,0.4351,2026-04-04T21:39:29
CONT-0E21B290,SESS-8FFE4AE2,Returns & Refunds,Technology,Web,en,15,1,0,2.4,,1407,0.8274,0.775,2026-03-31T05:51:52
CONT-2407F46A,SESS-5E99DD1F,Password Reset,Technology,Kiosk,en,17,1,0,4.0,,1935,0.5642,0.7657,2026-03-28T02:39:54
CONT-5A372AAD,SESS-A057BFF3,Order Status,Healthcare,Mobile App,en,16,1,0,3.9,,759,0.7079,0.8172,2026-03-07T13:27:55
CONT-BFF32E1E,SESS-789B3133,Billing Inquiry,Technology,Mobile App,en,20,1,0,2.9,,1047,0.4091,0.6376,2026-03-20T20:00:12
CONT-CA5C704C,SESS-E23832AD,General Inquiry,Financial Services,Web,en,3,1,0,4.3,,143,0.4147,0.7239,2026-03-23T17:54:18
CONT-2273C932,SESS-743BDD38,Billing Inquiry,Technology,Kiosk,es,20,0,0,,,1108,0.2743,0.2897,2026-03-20T12:03:51
CONT-C4E9AB1F,SESS-D83EBD80,Billing Inquiry,Travel,IVR,en,19,1,0,,,279,0.8637,0.8255,2026-03-08T05:06:00
CONT-5B7FB4C7,SESS-D4B6D71D,Subscription Management,Retail,Partner API,en,16,1,0,4.8,,515,0.5024,0.789,2026-03-21T05:49:19
CONT-5B9BB87C,SESS-21274A05,Technical Troubleshooting,Financial Services,Kiosk,de,15,0,0,,,1437,0.7655,0.4862,2026-03-21T09:22:33
CONT-6B24CD2D,SESS-475A3EF8,Password Reset,Financial Services,Partner API,en,17,1,0,,,1282,0.6668,0.7467,2026-04-01T21:32:21
CONT-8499AEDD,SESS-B6094E87,General Inquiry,Travel,Mobile App,en,9,1,0,,,2008,0.5791,0.7116,2026-04-05T05:55:30
CONT-80C619F8,SESS-DB7B858D,Technical Troubleshooting,Retail,Mobile App,en,3,1,0,4.0,,381,0.6877,0.8151,2026-03-25T02:14:24
CONT-4E33A99F,SESS-A32660A0,Order Status,Financial Services,Mobile App,en,14,1,0,,,231,0.7966,0.7986,2026-03-12T23:39:39
CONT-0CCD9368,SESS-46D3CCF9,General Inquiry,Technology,Partner API,en,7,1,0,4.3,,377,0.4897,0.7539,2026-03-30T09:28:00
CONT-CA893E7D,SESS-D541BA92,Product Support,Retail,Kiosk,en,19,1,0,3.0,,488,0.6951,0.758,2026-04-02T15:21:37
CONT-7DC4E7E8,SESS-DFC1B9C1,Returns & Refunds,Financial Services,IVR,de,13,1,0,,,716,0.2059,0.5624,2026-03-27T04:58:23
CONT-B4B26708,SESS-3F965497,Technical Troubleshooting,Healthcare,Mobile App,fr,6,1,0,,,504,0.6011,0.7204,2026-03-16T20:43:07
CONT-97D82E62,SESS-E35298C3,Password Reset,Technology,Partner API,en,12,1,0,2.2,,241,0.8882,0.7873,2026-03-27T06:47:52
CONT-2A9F9BFB,SESS-184B8C71,Loyalty Program,Travel,Partner API,es,5,1,0,,,220,0.9432,0.8573,2026-03-16T03:59:41
CONT-4C614E71,SESS-68865F73,General Inquiry,Financial Services,Web,de,18,0,0,3.2,,1046,0.6997,0.4719,2026-03-15T11:43:20
CONT-B3FB54BE,SESS-B4D7CACB,Order Status,Travel,Partner API,es,1,1,0,,,40,0.7965,0.7986,2026-03-08T09:59:29
CONT-4AD583A9,SESS-53557C3A,Technical Troubleshooting,Technology,Kiosk,en,6,1,0,3.7,,209,0.5295,0.7338,2026-03-26T19:20:54
CONT-383D89DD,SESS-B7376841,Account Management,Retail,Partner API,fr,3,1,0,2.0,,193,0.6711,0.6884,2026-03-27T22:22:10
CONT-ECA6FD72,SESS-078AC96A,Returns & Refunds,Retail,IVR,en,18,0,1,1.3,Tech-Escalation,820,0.9179,0.4452,2026-03-09T06:04:39
CONT-B07ECD96,SESS-F4973170,Password Reset,Technology,Mobile App,en,8,1,0,3.1,,333,0.703,0.7672,2026-04-04T12:07:31
CONT-C8A58A12,SESS-9A5C77F3,Returns & Refunds,Retail,IVR,en,6,1,0,,,187,0.7861,0.7944,2026-03-26T17:29:34
CONT-614AE913,SESS-FED98653,Order Status,Financial Services,IVR,en,1,1,0,1.9,,55,0.8802,0.7661,2026-03-14T03:02:39
CONT-3B3A17AE,SESS-B7F84399,Billing Inquiry,Technology,Partner API,es,4,0,1,3.3,Billing-Ops,126,0.6084,0.4414,2026-03-08T07:52:05
CONT-D26B7E18,SESS-39CDC05A,Technical Troubleshooting,Retail,Web,en,3,1,0,,,215,0.7504,0.7802,2026-04-01T06:56:19
CONT-5F8DEEC0,SESS-0FE00BE8,Returns & Refunds,Technology,Partner API,en,2,1,0,,,51,0.9613,0.8645,2026-03-18T19:21:23
CONT-FA91AFEB,SESS-1397253C,Account Management,Travel,Kiosk,en,15,1,0,2.3,,242,0.8569,0.7808,2026-03-19T21:48:58
CONT-F30A6679,SESS-E948E597,Returns & Refunds,Technology,Kiosk,en,5,1,0,,,104,1.0,0.88,2026-03-16T23:47:07
CONT-1D08D422,SESS-EA2BABD6,Password Reset,Financial Services,Mobile App,en,1,0,1,,Tier1-Support,17,0.9305,0.5522,2026-03-25T12:03:55
CONT-D9D03317,SESS-CE98683A,Subscription Management,Financial Services,Mobile App,en,6,1,0,4.3,,255,0.6267,0.8087,2026-03-12T20:49:36
CONT-8347BAA8,SESS-1F0B1133,Loyalty Program,Retail,Partner API,en,1,0,0,,,49,0.8264,0.5106,2026-03-09T12:04:23
CONT-B2134DB0,SESS-61EBFFA0,Loyalty Program,Retail,Partner API,en,10,0,0,,,259,0.5368,0.3947,2026-03-27T06:32:39
CONT-367FBDD1,SESS-88E6CEC1,Order Status,Technology,Web,en,9,1,0,,,594,0.3585,0.6234,2026-03-30T01:13:15
CONT-BF087480,SESS-A25460B8,Password Reset,Healthcare,Web,en,12,1,0,2.4,,377,1.0,0.844,2026-03-19T18:06:57
CONT-8F0A65D1,SESS-C8621CC7,Product Support,Financial Services,Mobile App,es,10,1,0,2.5,,250,0.9296,0.8218,2026-03-09T17:42:07
CONT-B4E7B8DB,SESS-9A9CBA0E,Password Reset,Healthcare,Partner API,en,3,1,0,,,94,0.8018,0.8007,2026-04-05T10:35:45
CONT-18FBD5EE,SESS-2EB19938,Technical Troubleshooting,Travel,Web,en,10,0,1,,Tech-Escalation,661,0.9258,0.5503,2026-03-09T18:04:51
CONT-A95E7203,SESS-3212C834,Returns & Refunds,Travel,Partner API,fr,11,1,0,2.5,,436,1.0,0.85,2026-03-24T21:51:22
CONT-73368DA5,SESS-99BDA791,Returns & Refunds,Travel,Kiosk,ja,19,1,0,2.4,,596,0.7468,0.7427,2026-03-27T19:08:47
CONT-A913978F,SESS-9FD0EB02,Billing Inquiry,Financial Services,Mobile App,en,2,1,0,2.3,,103,0.4756,0.6282,2026-03-15T16:15:05
CONT-1D67C6F0,SESS-689D08A4,Account Management,Healthcare,Web,es,12,0,1,4.2,Billing-Ops,451,0.7323,0.5449,2026-03-08T03:04:57
CONT-285CA050,SESS-D85D7445,Product Support,Retail,IVR,en,6,0,0,,,206,1.0,0.58,2026-03-16T02:22:16
CONT-70FEDD86,SESS-5C5E1CA2,Loyalty Program,Financial Services,Kiosk,pt,3,1,0,2.4,,81,0.9359,0.8184,2026-03-29T02:46:04
CONT-F2694B9C,SESS-6BE1E0D0,Loyalty Program,Technology,Mobile App,en,8,1,0,,,597,0.6972,0.7589,2026-03-08T21:59:33
CONT-2D275EC7,SESS-764B9CDA,Password Reset,Financial Services,Kiosk,en,7,1,0,,,186,0.5463,0.6985,2026-03-28T14:02:24
CONT-B5AA3CDC,SESS-F528D96B,Returns & Refunds,Travel,IVR,en,19,1,0,4.5,,622,0.3429,0.7072,2026-03-24T15:30:08
CONT-91B3ED06,SESS-3B89F19D,Technical Troubleshooting,Travel,Kiosk,de,11,1,0,3.3,,269,0.4035,0.6594,2026-03-12T19:43:15
CONT-83F635E7,SESS-51878185,Returns & Refunds,Retail,Kiosk,en,2,1,0,1.5,,200,0.8237,0.7195,2026-03-20T22:16:30
CONT-4922E0EF,SESS-EA6C6DA9,Account Management,Travel,Partner API,en,13,1,0,,,931,0.8178,0.8071,2026-03-19T18:35:04
CONT-EF856EB4,SESS-72CA5C92,Billing Inquiry,Healthcare,Kiosk,es,12,1,0,1.2,,592,0.9921,0.7688,2026-03-25T12:42:57
CONT-8A1BAD63,SESS-43D75A22,Order Status,Financial Services,IVR,en,16,1,0,,,495,0.7213,0.7685,2026-03-22T20:17:01
CONT-4768E22D,SESS-401B81CB,Account Management,Travel,Partner API,en,14,0,0,,,979,0.4358,0.3543,2026-03-20T04:22:43
CONT-8A139577,SESS-BB19828E,Account Management,Healthcare,Mobile App,pt,20,1,0,,,5731,0.7057,0.7623,2026-03-09T05:29:40
CONT-A7812D07,SESS-CD718C98,Returns & Refunds,Technology,IVR,es,2,1,0,,,97,0.9514,0.8606,2026-03-26T05:49:15
CONT-E086687C,SESS-53E237F0,Order Status,Healthcare,Web,en,17,0,0,,,1315,0.7076,0.463,2026-03-29T05:21:19
CONT-16D74BB5,SESS-2EC7EA48,Technical Troubleshooting,Healthcare,IVR,es,4,1,0,,,193,0.3992,0.6397,2026-04-04T14:47:32
CONT-9FAA0D68,SESS-159B1BD8,Account Management,Financial Services,Mobile App,en,8,1,0,,,256,0.8034,0.8014,2026-03-08T17:21:53
CONT-8D2720DE,SESS-AF7947BF,Billing Inquiry,Retail,Web,en,10,1,0,3.5,,583,0.9442,0.8877,2026-03-20T23:12:40
CONT-891E8C3B,SESS-9804433E,Account Management,Technology,Kiosk,en,10,1,0,,,415,0.4225,0.649,2026-03-27T12:48:50
CONT-A0DAC9F6,SESS-402140CE,Subscription Management,Financial Services,Kiosk,es,14,1,0,,,1179,0.9872,0.8749,2026-03-22T16:36:05
CONT-70FE4424,SESS-628D192A,Password Reset,Financial Services,Partner API,en,12,1,0,,,919,0.6673,0.7469,2026-03-27T04:59:28
CONT-501012B2,SESS-73268FE4,Order Status,Financial Services,Web,es,7,0,0,,,585,1.0,0.58,2026-03-09T06:35:24
CONT-95A4F178,SESS-A36DC475,Billing Inquiry,Retail,Web,en,16,1,0,4.9,,766,0.4377,0.7691,2026-04-02T14:36:45
CONT-3F746932,SESS-5EF01D35,Account Management,Technology,IVR,fr,18,1,0,1.4,,566,0.8251,0.714,2026-04-03T17:41:22
CONT-6F607AF5,SESS-91B8AAE4,Subscription Management,Travel,IVR,ja,14,1,0,3.0,,238,0.7339,0.7736,2026-03-31T14:45:50
CONT-B779D1FC,SESS-2CEB99B8,Order Status,Financial Services,Web,en,2,1,0,,,112,1.0,0.88,2026-04-01T20:18:35
CONT-2C9AEBC1,SESS-A5335ACD,Product Support,Technology,Mobile App,fr,20,1,0,,,1962,0.8729,0.8292,2026-03-20T01:55:23
CONT-24C3E988,SESS-7AE8EAAC,Technical Troubleshooting,Healthcare,Mobile App,zh,8,1,0,3.1,,97,0.8842,0.8397,2026-04-01T07:12:07
CONT-B6A5B671,SESS-28536BDA,Password Reset,Financial Services,Partner API,de,8,1,0,4.4,,546,0.7512,0.8645,2026-03-15T15:18:38
CONT-D62C8781,SESS-A57DEC89,Loyalty Program,Retail,Web,fr,11,1,0,2.5,,174,0.5446,0.6678,2026-03-20T15:45:44
CONT-7EE49C1F,SESS-1FA5DA96,Subscription Management,Financial Services,Web,en,6,1,0,,,133,0.297,0.5988,2026-03-07T12:42:45
CONT-CA1B35CD,SESS-819D498B,General Inquiry,Financial Services,IVR,es,13,0,0,,,580,0.5404,0.3962,2026-03-24T05:25:43
CONT-8300BFE5,SESS-F5DF8034,Technical Troubleshooting,Healthcare,Kiosk,en,4,1,0,,,863,0.6662,0.7465,2026-03-29T15:28:54
CONT-782F172F,SESS-370B7DC8,Subscription Management,Retail,Kiosk,en,14,0,0,,,1360,0.3862,0.3345,2026-03-30T04:18:00
CONT-25B8BD68,SESS-4AC73132,Account Management,Healthcare,Web,en,17,0,1,,General-Service,552,0.7194,0.4678,2026-03-20T09:01:12
CONT-371B993C,SESS-F1752F87,Billing Inquiry,Financial Services,Kiosk,es,16,1,0,3.1,,414,0.6156,0.7322,2026-03-24T10:24:30
CONT-A70BAE7F,SESS-D7CAB4CC,Returns & Refunds,Financial Services,Kiosk,en,11,1,0,,,431,0.6532,0.7413,2026-03-30T16:57:05
CONT-DD480537,SESS-6B7A3D88,General Inquiry,Retail,Web,en,8,1,0,2.6,,1088,0.7756,0.7662,2026-03-25T16:26:35
CONT-9721F2DB,SESS-321989BB,Order Status,Technology,Mobile App,pt,7,1,0,3.4,,417,0.8079,0.8272,2026-04-05T23:36:43
CONT-2DA0412E,SESS-B4573D3E,Account Management,Retail,Web,en,6,0,1,2.8,General-Service,387,0.6834,0.4414,2026-03-08T08:42:45
CONT-891E8C3B,SESS-372C02BB,Subscription Management,Financial Services,Kiosk,es,12,1,0,2.9,,442,0.7334,0.7674,2026-03-21T11:34:45
CONT-34E0C040,SESS-71210D56,Billing Inquiry,Financial Services,Partner API,en,10,0,1,5.0,General-Service,894,0.9252,0.6701,2026-03-19T07:21:02
CONT-E3E0671B,SESS-16F80E1A,Product Support,Retail,Partner API,en,10,1,0,3.9,,386,0.8536,0.8754,2026-03-11T04:29:03
CONT-CCDFFD52,SESS-BE5BBF3C,Subscription Management,Technology,Web,en,14,1,0,,,556,0.7068,0.7627,2026-04-04T13:16:44
CONT-B419B107,SESS-EFC1681D,Loyalty Program,Travel,Partner API,es,5,1,0,,,168,0.6637,0.7455,2026-04-01T18:47:15
CONT-397882A9,SESS-176E0185,Product Support,Technology,Partner API,en,10,1,0,2.4,,999,0.7185,0.7314,2026-04-04T16:01:19
CONT-CA9AD461,SESS-EDD0E45E,Order Status,Financial Services,Mobile App,ja,20,1,0,1.9,,969,0.4106,0.5782,2026-03-31T22:48:55
CONT-2BDA8EF3,SESS-CE6A0F27,Returns & Refunds,Financial Services,Partner API,en,5,1,0,,,185,0.6517,0.7407,2026-03-28T15:23:46
CONT-F0469CBE,SESS-9ED2FA80,Order Status,Healthcare,Kiosk,ja,13,1,0,2.2,,353,0.7043,0.7137,2026-03-19T15:57:27
CONT-4B33E9F7,SESS-89276B92,Returns & Refunds,Travel,IVR,de,19,0,0,,,656,0.716,0.4664,2026-03-25T01:48:08
CONT-3EBF5882,SESS-DEAD9D71,Product Support,Retail,Partner API,en,19,1,0,1.3,,913,0.5088,0.5815,2026-03-16T11:40:03
CONT-64996B93,SESS-35EC168D,Loyalty Program,Travel,IVR,en,17,1,0,1.9,,598,0.7155,0.7002,2026-03-18T12:19:23
CONT-834B0D71,SESS-924B8EFE,Billing Inquiry,Retail,Mobile App,es,11,1,0,,,1000,0.7513,0.7805,2026-03-19T20:11:10
CONT-F3A21467,SESS-D33F981B,Returns & Refunds,Healthcare,IVR,en,3,1,0,1.4,,90,0.7798,0.6959,2026-03-11T04:55:44
CONT-73F0210F,SESS-4DE306DC,Order Status,Financial Services,Kiosk,en,16,0,1,,Tech-Escalation,1992,0.8833,0.5333,2026-03-15T18:17:42
CONT-69DC1146,SESS-9D347BAC,Password Reset,Healthcare,IVR,pt,11,1,0,4.0,,682,0.8451,0.878,2026-03-12T22:40:00
CONT-7E17166F,SESS-8994DE6D,Order Status,Financial Services,Web,en,11,1,0,,,1166,0.9151,0.846,2026-03-31T15:35:55
CONT-708249C8,SESS-6C57AB49,Subscription Management,Healthcare,IVR,en,12,1,0,,,753,0.9137,0.8455,2026-03-25T23:32:10
CONT-F12FEAE5,SESS-A7FF6EDE,Technical Troubleshooting,Healthcare,Web,fr,5,1,0,,,116,0.3995,0.6398,2026-03-14T11:37:20
CONT-86C3387E,SESS-35CC12C8,Order Status,Technology,Web,ja,16,1,0,,,785,0.7137,0.7655,2026-03-30T11:33:46
CONT-92059235,SESS-2047EE7D,Product Support,Financial Services,Mobile App,es,10,1,0,3.3,,322,0.8652,0.8441,2026-03-22T09:46:20
CONT-D39FAF79,SESS-86AE67AF,Subscription Management,Healthcare,Kiosk,de,4,1,0,,,58,0.593,0.7172,2026-03-23T04:26:33
CONT-4E33A99F,SESS-59A0A23C,Account Management,Retail,Partner API,en,8,1,0,1.1,,267,0.3727,0.5151,2026-04-05T09:19:56
CONT-629DA663,SESS-73B942AA,Product Support,Retail,IVR,fr,13,1,0,3.4,,1424,0.4282,0.6753,2026-04-05T21:11:28
CONT-44DA9AAC,SESS-C36F0CD1,General Inquiry,Travel,Partner API,en,19,1,0,,,596,0.8816,0.8326,2026-03-12T02:40:55
CONT-199BF26F,SESS-E475156A,Password Reset,Retail,Partner API,en,3,1,0,3.8,,197,0.4784,0.7194,2026-03-12T20:15:42
CONT-03C10A66,SESS-BC66E546,Password Reset,Retail,IVR,ja,14,1,0,3.1,,942,0.758,0.7892,2026-03-27T21:10:39
CONT-1C3E1942,SESS-CB49F178,Password Reset,Travel,Partner API,en,14,1,0,,,2537,0.7808,0.7923,2026-04-03T00:34:11
CONT-6086ADE1,SESS-87F050E5,Technical Troubleshooting,Financial Services,Partner API,en,20,1,0,,,821,0.5287,0.6915,2026-03-23T08:49:41
CONT-B1BC54AE,SESS-C872E51D,Billing Inquiry,Healthcare,Web,en,19,1,0,,,543,0.5348,0.6939,2026-04-02T08:53:36
CONT-19031451,SESS-C8E70FA7,Billing Inquiry,Retail,IVR,es,16,1,0,1.8,,1628,0.7036,0.6894,2026-03-31T19:44:04
CONT-5978A9A9,SESS-57FF74A8,Loyalty Program,Healthcare,Web,es,20,1,0,2.8,,1254,1.0,0.868,2026-03-29T05:38:13
CONT-9322EC17,SESS-F135061C,Billing Inquiry,Technology,Partner API,en,1,0,0,1.8,,10,0.9558,0.4903,2026-03-20T22:38:39
CONT-2B051AE8,SESS-DC70403E,Subscription Management,Travel,Mobile App,es,13,1,0,,,600,0.787,0.7948,2026-03-11T14:47:12
CONT-21C3234A,SESS-718E2AEC,General Inquiry,Healthcare,IVR,en,4,1,0,2.4,,108,0.549,0.6636,2026-03-14T01:55:48
CONT-4DAA2DCC,SESS-F16412E9,Returns & Refunds,Retail,Mobile App,en,15,1,0,3.7,,899,1.0,0.922,2026-03-16T04:19:02
CONT-DD78E714,SESS-7D48D882,Order Status,Travel,Web,ja,15,1,0,2.1,,1224,0.9531,0.8072,2026-04-03T20:31:09
CONT-065147AC,SESS-FA9D61CA,Product Support,Technology,Mobile App,ja,6,0,1,5.0,Tech-Escalation,239,0.58,0.532,2026-03-16T20:33:40
CONT-602056C5,SESS-D137635C,Subscription Management,Financial Services,Web,de,19,1,0,,,531,0.6023,0.7209,2026-03-15T19:10:16
CONT-6985F8C0,SESS-55AD1634,Password Reset,Financial Services,IVR,fr,2,1,0,4.9,,26,0.555,0.816,2026-04-04T05:59:09
CONT-A92917C8,SESS-E9CF3115,Account Management,Healthcare,Partner API,en,1,0,0,,,31,0.6649,0.446,2026-03-19T09:35:24
CONT-96FB8DBB,SESS-434BF015,Account Management,Travel,Partner API,en,13,1,0,,,628,0.7725,0.789,2026-03-19T15:20:08
CONT-F813C05C,SESS-D6605D6D,Billing Inquiry,Technology,Web,en,19,1,0,3.3,,841,0.5837,0.7315,2026-03-13T14:00:56
CONT-F2E421A1,SESS-4E8725CE,General Inquiry,Retail,Partner API,pt,14,1,0,1.8,,192,0.5849,0.642,2026-04-05T21:26:35
CONT-C48CF021,SESS-E69D4A57,Account Management,Retail,Kiosk,fr,15,0,0,4.7,,374,0.7932,0.5993,2026-04-03T00:34:56
CONT-2DBD7AD0,SESS-5BB2E107,Product Support,Financial Services,Partner API,en,16,0,1,2.9,Tier1-Support,1234,0.8877,0.5291,2026-03-22T08:10:22
CONT-D9D03317,SESS-CEA587E2,Product Support,Healthcare,Mobile App,zh,10,0,0,3.5,,703,0.6733,0.4793,2026-03-17T12:58:28
CONT-6F602111,SESS-5AC46994,Product Support,Retail,Web,ja,13,1,0,4.3,,424,0.5506,0.7782,2026-03-08T17:24:11
CONT-BA7BA703,SESS-53FB9E21,Product Support,Healthcare,Kiosk,en,1,1,0,1.4,,18,0.8984,0.7434,2026-03-31T22:56:35
CONT-A6A2FC29,SESS-06A739B4,Billing Inquiry,Travel,Web,en,9,0,1,,Billing-Ops,362,0.4507,0.3603,2026-03-09T00:49:22
CONT-C35955FD,SESS-2FD7E420,Returns & Refunds,Healthcare,Web,fr,18,0,1,,General-Service,490,0.5266,0.3906,2026-04-01T04:01:52
CONT-450D1E7E,SESS-A64BFCAA,Loyalty Program,Retail,Partner API,pt,9,1,0,4.2,,412,0.9135,0.9174,2026-03-27T05:01:13
CONT-A1DCE11D,SESS-0709F66D,Password Reset,Healthcare,Partner API,ja,6,0,1,,Tech-Escalation,217,0.2495,0.2798,2026-03-15T00:20:07
CONT-D6E6B0C5,SESS-C61B3FBB,Technical Troubleshooting,Retail,Kiosk,en,15,0,1,3.8,General-Service,598,0.6688,0.4955,2026-03-21T05:01:30
CONT-8DAE0DDA,SESS-9299D15F,Subscription Management,Healthcare,Partner API,en,10,1,0,2.6,,390,0.5745,0.6858,2026-03-11T02:52:39
CONT-17598984,SESS-9EEED4CA,Returns & Refunds,Healthcare,Web,en,14,1,0,1.6,,713,0.7132,0.6813,2026-03-20T03:08:18
CONT-EBCE24C6,SESS-3843BEA6,Billing Inquiry,Travel,Web,en,14,0,0,1.1,,616,0.7825,0.379,2026-03-26T09:48:36
CONT-33857482,SESS-9125230C,Product Support,Technology,Mobile App,en,18,1,0,,,621,0.6027,0.7211,2026-03-07T21:37:25
CONT-4A615CBF,SESS-B3EF926B,Account Management,Technology,Mobile App,en,10,0,0,2.1,,1023,0.8119,0.4508,2026-03-17T09:44:49
CONT-14CC7B5C,SESS-173A5708,General Inquiry,Healthcare,Kiosk,en,12,1,0,3.8,,881,0.9452,0.9061,2026-03-20T20:30:08
CONT-706798AF,SESS-83192B29,General Inquiry,Technology,Web,es,16,0,0,2.8,,980,0.8857,0.5223,2026-03-13T16:12:25
CONT-67EF7131,SESS-A94B2FE8,Password Reset,Financial Services,Web,en,18,1,0,,,311,0.7408,0.7763,2026-03-09T07:26:12
CONT-C25F08D5,SESS-101559DD,Returns & Refunds,Technology,Mobile App,en,15,1,0,,,600,1.0,0.88,2026-03-24T04:15:36
CONT-D1102239,SESS-A9521D52,Billing Inquiry,Travel,Partner API,en,14,1,0,,,1091,0.5739,0.7096,2026-03-14T04:37:29
CONT-E9BFC889,SESS-48B85203,Billing Inquiry,Healthcare,Mobile App,pt,4,1,0,3.2,,223,0.7335,0.7854,2026-03-10T18:25:44
CONT-4DBE01EF,SESS-8D15297C,Order Status,Technology,IVR,fr,20,0,1,1.8,Billing-Ops,1174,0.4962,0.3065,2026-04-03T08:46:51
CONT-1473C52B,SESS-0FADD527,Product Support,Technology,Web,de,8,1,0,,,443,0.6544,0.7418,2026-03-30T18:16:10
CONT-33FD89C3,SESS-62A23634,Subscription Management,Healthcare,Partner API,en,5,1,0,,,264,0.5551,0.702,2026-03-11T17:19:26
CONT-4689F57D,SESS-06060EF9,Returns & Refunds,Retail,Web,en,17,1,0,2.4,,534,0.9348,0.8179,2026-03-14T21:57:09
CONT-35E1F6AA,SESS-2721FD40,Billing Inquiry,Healthcare,Mobile App,es,12,1,0,,,285,0.5044,0.6818,2026-03-26T03:43:20
CONT-3364A1DE,SESS-8A46CEE5,General Inquiry,Technology,Web,fr,2,1,0,,,86,0.5456,0.6982,2026-03-09T04:02:01
CONT-32582483,SESS-73B05C53,Order Status,Financial Services,Kiosk,pt,16,1,0,3.8,,420,0.721,0.8164,2026-03-20T06:17:01
CONT-055B7329,SESS-04F9260D,Password Reset,Healthcare,IVR,en,14,1,0,3.0,,253,0.4984,0.6794,2026-03-26T06:15:34
CONT-FB5D5D25,SESS-62BCFE6F,Returns & Refunds,Travel,Web,en,17,0,1,4.1,Tech-Escalation,2606,0.7919,0.5628,2026-03-07T14:05:49
CONT-522CB634,SESS-1B5DFA1B,Product Support,Healthcare,Mobile App,en,14,1,0,,,399,0.7836,0.7934,2026-03-24T03:26:29
CONT-D92310A8,SESS-F8565854,Product Support,Healthcare,Kiosk,es,5,0,0,,,314,0.8989,0.5396,2026-03-20T18:56:49
CONT-84F41F46,SESS-86FAD542,Loyalty Program,Financial Services,Kiosk,pt,2,1,0,,,82,0.8953,0.8381,2026-03-31T09:06:56
CONT-07E61CF7,SESS-DDAC12C0,General Inquiry,Travel,Mobile App,en,3,1,0,,,39,0.4887,0.6755,2026-03-09T18:46:27
CONT-3F9236EF,SESS-E83960A5,General Inquiry,Retail,Partner API,ja,16,1,0,,,789,0.7659,0.7864,2026-03-29T04:46:22
CONT-2DA451A0,SESS-DB54F63F,Account Management,Retail,Kiosk,en,18,0,0,,,465,0.7519,0.4808,2026-03-09T09:36:01
CONT-99FC5C95,SESS-D6216B9F,Technical Troubleshooting,Retail,Partner API,en,7,1,0,,,215,0.6446,0.7378,2026-03-25T01:53:10
CONT-D9E700C4,SESS-2BAA1359,Order Status,Technology,Kiosk,en,20,1,0,,,1653,0.8818,0.8327,2026-03-14T05:54:57
CONT-BA048F67,SESS-07020D22,Account Management,Travel,Kiosk,en,1,1,0,1.4,,24,0.4885,0.5794,2026-03-11T16:45:58
CONT-FB23D0CA,SESS-A7172A30,Technical Troubleshooting,Travel,Kiosk,en,12,1,0,,,419,0.6947,0.7579,2026-03-20T00:13:53
CONT-C7F7BC27,SESS-30D81355,General Inquiry,Technology,Web,en,11,1,0,2.5,,331,0.9081,0.8132,2026-03-09T05:40:30
CONT-481B30A3,SESS-7F3F30A1,Loyalty Program,Retail,Web,es,1,0,1,1.6,Tech-Escalation,55,0.7812,0.4085,2026-03-16T18:17:25
CONT-39EF4633,SESS-6F22EE4A,Order Status,Technology,Web,de,9,1,0,3.5,,188,0.9335,0.8834,2026-03-29T19:17:26
CONT-DBDAFACB,SESS-72EC81E8,Product Support,Retail,IVR,en,10,1,0,1.5,,82,0.8668,0.7367,2026-03-10T01:37:53
CONT-4B7904A1,SESS-7949F923,Returns & Refunds,Technology,Partner API,en,6,1,0,,,469,0.6135,0.7254,2026-03-18T09:15:47
CONT-1756AFC1,SESS-C59D5B20,Account Management,Financial Services,Web,en,18,1,0,2.4,,1726,0.6874,0.719,2026-03-16T21:47:55
CONT-16D74BB5,SESS-AC255872,Technical Troubleshooting,Travel,Partner API,en,15,0,0,,,696,0.7679,0.4872,2026-03-12T16:34:48
CONT-308BFF64,SESS-00D09CFE,Billing Inquiry,Financial Services,Kiosk,en,13,1,0,,,3931,0.9689,0.8676,2026-04-05T08:27:57
CONT-34E0C040,SESS-2F217974,Order Status,Technology,Mobile App,en,8,1,0,2.0,,544,0.5174,0.627,2026-03-25T15:25:14
CONT-FC3EC9B7,SESS-AB849B16,Billing Inquiry,Healthcare,IVR,es,5,0,1,3.4,Tech-Escalation,243,0.5374,0.419,2026-03-19T12:20:35
CONT-A1034A2B,SESS-FE9A452E,Technical Troubleshooting,Financial Services,Partner API,en,2,0,0,,,146,0.7281,0.4712,2026-03-16T19:26:19
CONT-1BE7106A,SESS-AA9531A8,Order Status,Healthcare,Mobile App,en,8,1,0,2.1,,182,0.7162,0.7125,2026-03-28T12:15:01
CONT-1A9DC80D,SESS-44A93D8F,Billing Inquiry,Travel,Web,es,15,1,0,,,402,0.7302,0.7721,2026-04-01T23:39:43
CONT-0FAF2198,SESS-B1A71893,Technical Troubleshooting,Healthcare,Kiosk,en,8,1,0,4.9,,213,0.7055,0.8762,2026-03-25T05:43:54
CONT-A45D3573,SESS-FFD65CE2,Product Support,Financial Services,Kiosk,fr,16,1,0,1.0,,1122,0.6894,0.6358,2026-03-16T23:41:38
CONT-D6D3B140,SESS-B9C3A8C8,General Inquiry,Retail,IVR,de,19,1,0,3.1,,671,0.7407,0.7823,2026-03-25T18:08:57
CONT-80DF7521,SESS-8E420F10,Order Status,Technology,IVR,en,7,0,1,4.0,Billing-Ops,475,0.4786,0.4314,2026-04-01T04:45:20
CONT-4C614E71,SESS-68F642D4,Order Status,Financial Services,Partner API,en,11,1,0,,,574,0.9635,0.8654,2026-03-10T20:33:54
CONT-366D98E1,SESS-C4E9A96A,Billing Inquiry,Healthcare,Mobile App,de,12,1,0,1.8,,756,0.7116,0.6926,2026-03-18T00:52:12
CONT-805EE297,SESS-12EE3631,Returns & Refunds,Financial Services,IVR,zh,17,1,0,4.6,,1115,0.7905,0.8922,2026-04-01T20:31:00
CONT-E3C10C4D,SESS-B36478BF,Billing Inquiry,Healthcare,IVR,en,20,1,0,,,1405,0.2952,0.5981,2026-03-21T06:23:19
CONT-E4E13113,SESS-D867801F,Product Support,Travel,IVR,en,15,1,0,,,264,0.901,0.8404,2026-03-20T14:54:01
CONT-067C0A1A,SESS-BBD69B97,Billing Inquiry,Financial Services,Mobile App,en,17,1,0,,,307,0.7803,0.7921,2026-04-04T14:06:18
CONT-89F7305A,SESS-730AE5C4,Product Support,Healthcare,Kiosk,pt,8,1,0,2.6,,289,0.5008,0.6563,2026-04-01T02:23:44
CONT-0053BA16,SESS-B939EAF9,Order Status,Travel,Mobile App,en,8,1,0,4.2,,441,0.7402,0.8481,2026-03-25T21:39:28
CONT-3E72516F,SESS-06891B20,Subscription Management,Financial Services,IVR,en,5,0,0,,,792,0.575,0.41,2026-03-21T08:28:55
CONT-F2008436,SESS-8E9D8870,Loyalty Program,Technology,Kiosk,en,9,1,0,,,954,0.7705,0.7882,2026-03-07T17:18:33
CONT-D4378876,SESS-B17999D7,Order Status,Retail,Partner API,en,13,1,0,,,390,0.8598,0.8239,2026-04-05T00:03:45
CONT-E679AFDB,SESS-F6332D1A,General Inquiry,Healthcare,Partner API,en,6,1,0,,,376,0.7072,0.7629,2026-03-22T15:19:58
CONT-FEF5AA9E,SESS-CD868E4E,Loyalty Program,Financial Services,IVR,en,19,1,0,,,996,0.5806,0.7122,2026-03-10T21:58:25
CONT-54EB4EBA,SESS-27C77A6C,Billing Inquiry,Travel,Partner API,en,8,1,0,,,217,0.8519,0.8208,2026-03-28T14:57:17
CONT-278A8535,SESS-BDDFE716,Product Support,Travel,Web,en,17,1,0,1.2,,664,0.684,0.6456,2026-03-12T15:26:39
CONT-706BC317,SESS-65D814DE,Returns & Refunds,Technology,Web,en,7,0,1,,General-Service,370,0.7531,0.4812,2026-03-13T22:48:08
CONT-EB1A1565,SESS-EC89ACDB,Loyalty Program,Travel,Mobile App,es,17,1,0,,,322,0.9573,0.8629,2026-03-15T06:46:26
CONT-602056C5,SESS-7A6B0991,Billing Inquiry,Travel,Web,en,11,1,0,,,528,0.6595,0.7438,2026-03-15T12:46:17
CONT-067C0A1A,SESS-8E490ECF,General Inquiry,Travel,Kiosk,en,4,1,0,2.9,,231,0.7473,0.7729,2026-03-21T20:17:07
CONT-8388F7D5,SESS-FA04E29B,Returns & Refunds,Technology,Kiosk,pt,8,1,0,,,566,0.8076,0.803,2026-03-31T10:51:40
CONT-5187F92F,SESS-B12AE17F,Password Reset,Retail,Kiosk,en,6,0,1,,Billing-Ops,412,0.9702,0.5681,2026-03-24T14:39:42
CONT-666A84A9,SESS-903CF07A,Subscription Management,Travel,Mobile App,en,5,0,1,4.9,Tier1-Support,379,0.6679,0.5612,2026-03-18T15:53:55
CONT-2B914CBE,SESS-2CE4DF6F,General Inquiry,Technology,Partner API,es,3,1,0,4.6,,68,1.0,0.976,2026-03-27T23:57:28
CONT-54EB4EBA,SESS-BAA07545,Product Support,Healthcare,Kiosk,en,2,1,0,2.9,,77,0.6054,0.7162,2026-03-18T07:25:26
CONT-7C8F053F,SESS-48E6F5B7,Technical Troubleshooting,Travel,Web,fr,19,1,0,4.2,,299,0.7677,0.8591,2026-03-22T06:15:47
CONT-9BC55583,SESS-C6AAFDCB,Technical Troubleshooting,Financial Services,Mobile App,es,20,1,0,1.7,,977,0.397,0.5608,2026-04-04T09:54:28
CONT-087C1338,SESS-27ED8BAD,Loyalty Program,Healthcare,Kiosk,en,11,1,0,1.5,,645,0.6004,0.6302,2026-03-08T20:19:10
CONT-41D26BEA,SESS-41CDCCBF,Returns & Refunds,Travel,IVR,pt,19,0,1,4.5,General-Service,4266,0.5861,0.5044,2026-03-28T17:52:44
CONT-143C9C73,SESS-BA233F5E,Order Status,Healthcare,Mobile App,en,14,1,0,,,481,0.525,0.69,2026-03-09T11:36:25
CONT-9730C494,SESS-D109C7FB,Billing Inquiry,Technology,Web,es,12,1,0,,,1154,0.6254,0.7302,2026-03-30T03:44:29
CONT-AC0A1E16,SESS-6649469B,Subscription Management,Financial Services,Mobile App,en,12,1,0,,,347,0.8414,0.8166,2026-03-27T02:19:46
CONT-9FCD3C63,SESS-B889F30F,Billing Inquiry,Healthcare,IVR,es,16,1,0,2.5,,312,0.825,0.78,2026-03-31T02:50:23
CONT-73E600A8,SESS-B50EE5D2,Password Reset,Retail,Mobile App,es,7,1,0,,,911,0.8133,0.8053,2026-04-01T01:46:58
CONT-3F5166C9,SESS-828088B9,Account Management,Financial Services,IVR,es,15,1,0,2.3,,983,0.874,0.7876,2026-03-31T09:37:19
CONT-2DB4BB1A,SESS-D8235406,Account Management,Healthcare,Mobile App,pt,3,1,0,2.3,,374,0.942,0.8148,2026-03-22T19:32:44
CONT-DCDC67E3,SESS-51B8DEA4,Product Support,Travel,Partner API,es,13,1,0,,,756,0.8808,0.8323,2026-03-29T10:25:58
CONT-B2D0F776,SESS-A931748B,Subscription Management,Retail,Web,en,10,0,1,4.8,Billing-Ops,262,0.8553,0.6301,2026-04-01T15:19:30
CONT-AF638CF5,SESS-6C3A3A49,Account Management,Financial Services,Kiosk,en,3,1,0,,,73,0.6266,0.7306,2026-04-03T11:09:08
CONT-F2B8DB1E,SESS-E38B9E8F,Returns & Refunds,Healthcare,Web,de,1,1,0,,,7,0.7803,0.7921,2026-03-19T23:29:05
CONT-7E5D7635,SESS-BB59BFCA,Returns & Refunds,Retail,IVR,es,3,1,0,1.9,,91,0.9222,0.7829,2026-03-20T23:24:31
CONT-0CCD9368,SESS-D75C6A92,Billing Inquiry,Retail,Kiosk,de,11,1,0,,,621,0.9248,0.8499,2026-03-19T15:10:45
CONT-BB043483,SESS-F74165DA,Account Management,Financial Services,IVR,en,6,0,0,,,139,0.9077,0.5431,2026-03-18T02:55:26
CONT-90A74461,SESS-3BD6BB8B,Loyalty Program,Financial Services,Partner API,en,4,0,1,3.5,Tier1-Support,632,0.8528,0.5511,2026-03-24T02:32:08
CONT-67EF7131,SESS-72F23C68,Product Support,Financial Services,Mobile App,en,2,1,0,2.7,,143,0.7339,0.7556,2026-03-30T07:31:05
CONT-D7863B47,SESS-40F82F44,Billing Inquiry,Financial Services,IVR,de,13,1,0,3.6,,424,0.8522,0.8569,2026-04-03T05:13:54
CONT-D34E306A,SESS-75269A20,Account Management,Technology,Web,en,11,1,0,,,199,0.6164,0.7266,2026-03-27T09:04:30
CONT-78707BEF,SESS-EC2C04D5,Account Management,Healthcare,Web,en,8,0,1,,Tier1-Support,123,0.5593,0.4037,2026-03-21T06:26:21
CONT-E449DC9B,SESS-241D860D,Returns & Refunds,Retail,IVR,es,9,0,1,4.0,Billing-Ops,591,0.8011,0.5604,2026-03-22T14:18:54
CONT-76880F9D,SESS-9A96393D,Billing Inquiry,Technology,Mobile App,es,10,1,0,,,460,0.7341,0.7736,2026-03-24T09:27:24
CONT-4A615CBF,SESS-227A1024,Product Support,Healthcare,Web,en,9,0,1,1.4,General-Service,129,0.6255,0.3342,2026-04-02T15:49:22
CONT-538D06D2,SESS-67545276,Product Support,Technology,Kiosk,en,8,1,0,2.9,,237,0.5682,0.7013,2026-04-02T01:24:29
CONT-C2C6606D,SESS-95C7C7E6,General Inquiry,Technology,Partner API,en,14,0,1,5.0,Tech-Escalation,896,0.5279,0.5112,2026-03-22T18:42:09
CONT-84B89D0B,SESS-CEA87EEB,Subscription Management,Travel,Kiosk,en,20,1,0,3.5,,621,0.2826,0.623,2026-03-30T20:48:33
CONT-8EBE9299,SESS-03C587B1,General Inquiry,Technology,Kiosk,en,6,1,0,,,224,0.4824,0.673,2026-03-19T06:38:38
CONT-4D9A6369,SESS-9FE2301D,Returns & Refunds,Travel,Kiosk,es,1,1,0,2.2,,46,0.5098,0.6359,2026-03-29T01:36:50
CONT-4A597B03,SESS-337F7230,Loyalty Program,Healthcare,Kiosk,en,2,1,0,,,95,0.6711,0.7484,2026-03-18T08:28:06
CONT-BE00DD17,SESS-5D2444F6,Password Reset,Technology,Web,de,10,1,0,4.7,,1219,0.7994,0.9018,2026-03-08T12:50:14
CONT-52C58BE9,SESS-97B38D77,Product Support,Travel,IVR,en,3,1,0,2.8,,44,0.447,0.6468,2026-04-05T21:50:41
CONT-FAE730B0,SESS-D5E97F0F,Account Management,Travel,Web,fr,18,1,0,3.8,,831,0.514,0.7336,2026-03-17T15:11:32
CONT-4C8BF938,SESS-5F86B005,Loyalty Program,Retail,Web,en,10,1,0,3.6,,75,0.9699,0.904,2026-03-20T10:54:41
CONT-D5DE4707,SESS-30193D68,Returns & Refunds,Healthcare,Kiosk,de,8,1,0,1.5,,550,0.8042,0.7117,2026-03-26T16:57:16
CONT-59C9BE78,SESS-3FF6E88F,Product Support,Retail,Web,en,11,0,1,,Tech-Escalation,341,0.7855,0.4942,2026-03-24T14:04:08
CONT-928C9AB2,SESS-739FA464,Product Support,Technology,Kiosk,ja,17,1,0,,,497,0.741,0.7764,2026-03-26T17:43:20
CONT-C25D0DD5,SESS-FA6679DF,Technical Troubleshooting,Retail,Kiosk,fr,6,1,0,4.4,,154,1.0,0.964,2026-03-07T08:00:55
CONT-B3095BA1,SESS-3E9BCA0F,Loyalty Program,Travel,Partner API,es,16,1,0,,,278,0.9465,0.8586,2026-03-12T04:26:38
CONT-2414CFA3,SESS-79D3AED8,Order Status,Technology,IVR,en,6,1,0,,,274,0.6021,0.7208,2026-03-27T20:32:17
CONT-04306393,SESS-35BFB1AC,General Inquiry,Financial Services,Web,de,9,1,0,,,444,0.8467,0.8187,2026-04-02T00:49:32
CONT-96A8ADB3,SESS-496ABC93,Billing Inquiry,Retail,IVR,en,15,1,0,3.8,,1522,0.7626,0.833,2026-03-10T12:02:47
CONT-35F0D645,SESS-0ECE4B9B,General Inquiry,Retail,Mobile App,en,16,1,0,,,419,0.7111,0.7644,2026-03-07T10:53:50
CONT-087C1338,SESS-081F5AD1,Product Support,Healthcare,Mobile App,fr,11,1,0,1.8,,1462,0.9695,0.7958,2026-04-02T09:34:12
CONT-8F2DD05C,SESS-F30110C7,Billing Inquiry,Healthcare,Web,es,19,1,0,3.0,,1465,0.8591,0.8236,2026-03-27T22:49:41
CONT-B2F53CEB,SESS-96CA8037,Password Reset,Financial Services,Mobile App,en,20,1,0,3.1,,1360,0.9318,0.8587,2026-03-10T22:54:40
CONT-A4DF0F4C,SESS-88740222,Loyalty Program,Travel,Mobile App,en,2,1,0,4.1,,67,0.429,0.7176,2026-03-08T13:25:20
CONT-65BAB8FB,SESS-FFDCC1FD,General Inquiry,Healthcare,Kiosk,en,15,1,0,,,698,0.5365,0.6946,2026-03-13T23:53:06
CONT-A047B82F,SESS-ABB949E7,Order Status,Technology,IVR,en,14,1,0,,,332,0.5559,0.7024,2026-03-25T02:51:31
CONT-DD54A8FE,SESS-50116620,General Inquiry,Technology,IVR,en,16,1,0,,,3177,0.7272,0.7709,2026-03-29T19:03:56
CONT-D21F2B0F,SESS-076BE23D,Password Reset,Financial Services,Mobile App,en,12,1,0,1.5,,666,0.4555,0.5722,2026-03-28T03:49:16
CONT-2AB81456,SESS-5B863F37,General Inquiry,Technology,IVR,en,6,1,0,,,88,0.5362,0.6945,2026-04-01T09:58:38
CONT-31F23454,SESS-361BED30,Account Management,Healthcare,Mobile App,en,11,1,0,,,1165,0.7669,0.7868,2026-03-26T03:11:43
CONT-1556B457,SESS-96CD8F36,Account Management,Technology,Partner API,en,11,1,0,3.4,,704,0.8477,0.8431,2026-03-18T14:42:36
CONT-24EB9F96,SESS-117CE24C,Billing Inquiry,Travel,Web,es,8,0,0,,,250,0.9776,0.571,2026-03-13T03:21:19
CONT-C60E4103,SESS-5FACE63A,Password Reset,Travel,Kiosk,zh,10,1,0,2.4,,305,0.9812,0.8365,2026-03-19T05:19:19
CONT-DAD7DF87,SESS-E5D3B732,Technical Troubleshooting,Retail,Kiosk,en,6,1,0,2.2,,349,0.3422,0.5689,2026-03-21T03:15:41
CONT-8D6368EF,SESS-81D0BC0E,Subscription Management,Financial Services,Web,en,13,1,0,,,370,0.343,0.6172,2026-03-11T14:56:10
CONT-0E69DC84,SESS-002A035D,Account Management,Retail,Web,en,15,1,0,,,1347,0.6951,0.758,2026-03-28T09:25:37
CONT-CF9F00E0,SESS-6D93149D,Product Support,Retail,Mobile App,es,2,1,0,2.6,,23,0.7751,0.766,2026-03-25T04:47:48
CONT-45FBCE6B,SESS-A6F90059,Loyalty Program,Retail,Partner API,fr,14,1,0,,,453,0.4032,0.6413,2026-03-13T09:31:17
CONT-CB9E6681,SESS-AF364948,Loyalty Program,Travel,Web,es,2,1,0,1.0,,244,0.7215,0.6486,2026-03-13T19:57:40
CONT-A8317235,SESS-F007024A,Product Support,Retail,IVR,en,1,1,0,3.8,,37,0.6201,0.776,2026-03-29T10:11:27
CONT-24EB9F96,SESS-9E71A8BD,Product Support,Technology,Partner API,en,13,1,0,,,234,0.4391,0.6556,2026-03-22T07:07:24
CONT-1D79530C,SESS-5BBEF4E2,Loyalty Program,Technology,Web,en,11,1,0,,,1062,0.6052,0.7221,2026-03-25T00:56:17
CONT-04306393,SESS-AB98C637,Loyalty Program,Healthcare,Kiosk,en,10,1,0,,,452,0.2911,0.5964,2026-03-28T04:45:50
CONT-E10BC48A,SESS-D1F8D81A,General Inquiry,Financial Services,Web,en,3,1,0,2.3,,60,0.822,0.7668,2026-03-26T16:46:01
CONT-5E83A9CC,SESS-65E9FAA4,Password Reset,Retail,Partner API,en,2,1,0,,,112,1.0,0.88,2026-03-18T15:58:49
CONT-10DA032B,SESS-34014FBB,Password Reset,Financial Services,Web,zh,14,1,0,2.3,,1400,0.6539,0.6996,2026-03-19T14:28:33
CONT-8D62D59C,SESS-9B354C24,Billing Inquiry,Financial Services,Mobile App,en,11,1,0,3.8,,653,0.6367,0.7827,2026-03-17T03:15:34
CONT-A25E2E31,SESS-0001A7CF,Loyalty Program,Retail,Mobile App,en,2,1,0,2.0,,306,0.9298,0.7919,2026-03-25T15:18:33
CONT-1AE591B4,SESS-7DC5F760,Product Support,Healthcare,IVR,en,11,0,1,4.5,Billing-Ops,544,0.7401,0.566,2026-03-07T08:54:29
CONT-56298904,SESS-21971DDC,Loyalty Program,Retail,Partner API,en,13,0,0,,,1382,0.8159,0.5064,2026-03-27T19:16:15
CONT-D3298458,SESS-F7F0EA3F,Billing Inquiry,Retail,Web,en,3,1,0,4.4,,341,0.2613,0.6685,2026-03-25T05:46:24
CONT-18284F5C,SESS-30D6C8EA,Loyalty Program,Travel,Mobile App,es,19,1,0,,,1120,0.5969,0.7188,2026-03-16T08:50:05
CONT-8F0A65D1,SESS-F52BE8AC,Subscription Management,Retail,Kiosk,en,3,1,0,3.2,,384,1.0,0.892,2026-03-09T18:19:08
CONT-839679A3,SESS-6E22811E,Password Reset,Healthcare,Mobile App,en,3,0,0,,,136,1.0,0.58,2026-03-25T19:06:50
CONT-D34E306A,SESS-C64E48BA,Billing Inquiry,Travel,Partner API,es,5,1,0,,,651,0.7149,0.766,2026-03-14T18:20:03
CONT-E78B65FA,SESS-ED527DB2,Product Support,Retail,Partner API,en,7,1,0,,,1378,0.6937,0.7575,2026-03-09T04:33:46
CONT-8A04B810,SESS-ACE241F8,Subscription Management,Retail,Mobile App,es,17,1,0,4.9,,668,0.8732,0.9433,2026-03-24T09:53:23
CONT-F053C0C6,SESS-A13A5A75,Order Status,Technology,IVR,en,10,1,0,,,361,0.7171,0.7668,2026-04-04T15:44:44
CONT-614AE913,SESS-68918551,Returns & Refunds,Healthcare,Mobile App,en,5,1,0,,,520,0.7038,0.7615,2026-03-20T05:27:56
CONT-94BC90D7,SESS-78673ABB,Account Management,Financial Services,IVR,en,19,1,0,,,307,0.7735,0.7894,2026-03-18T11:42:00
CONT-5E4BA846,SESS-C68486EE,General Inquiry,Travel,Kiosk,es,12,0,1,2.3,Tech-Escalation,353,0.8731,0.4872,2026-03-13T01:56:54
CONT-18133EEF,SESS-9B26E10D,Loyalty Program,Healthcare,Web,en,8,1,0,1.6,,543,0.9943,0.7937,2026-03-22T07:20:54
CONT-2C3CD0FB,SESS-1F724F11,Subscription Management,Retail,Mobile App,en,7,1,0,,,539,0.918,0.8472,2026-03-23T21:12:03
CONT-3F5166C9,SESS-C53C10E5,Billing Inquiry,Financial Services,Web,en,8,1,0,3.8,,239,0.8608,0.8723,2026-03-27T09:50:22
CONT-03C33FC3,SESS-8B8060A0,General Inquiry,Retail,Partner API,en,4,1,0,2.5,,582,0.5623,0.6749,2026-03-15T12:57:44
CONT-A2A79778,SESS-3CAE774B,Product Support,Retail,Web,en,17,1,0,3.2,,2237,0.5901,0.728,2026-03-09T08:53:29
CONT-828B9900,SESS-787E920F,Password Reset,Travel,Partner API,en,8,0,1,1.8,Tier1-Support,214,0.7592,0.4117,2026-04-05T11:38:06
CONT-ABFB3C50,SESS-ADB17C31,Subscription Management,Retail,Mobile App,en,17,0,1,3.7,Tier1-Support,1167,0.8824,0.575,2026-04-02T11:40:15
CONT-6716A982,SESS-9339E9DF,Returns & Refunds,Financial Services,Mobile App,fr,17,1,0,2.0,,426,0.7869,0.7348,2026-03-24T22:12:53
CONT-5EEBC3F7,SESS-FD3D0B41,Loyalty Program,Retail,Kiosk,zh,17,1,0,3.6,,503,0.4022,0.6769,2026-04-04T18:51:47
CONT-3EF8247E,SESS-6718AF0C,Loyalty Program,Retail,IVR,en,16,1,0,,,409,0.5498,0.6999,2026-03-20T18:32:34
CONT-65B79BE2,SESS-79827F4E,Returns & Refunds,Healthcare,Mobile App,pt,12,1,0,4.9,,733,0.9304,0.9662,2026-03-25T12:34:40
CONT-6CDD5764,SESS-FF8BB169,Loyalty Program,Healthcare,Web,es,19,0,1,,Billing-Ops,350,0.7704,0.4882,2026-04-04T00:02:07
CONT-A2E4D364,SESS-825B293E,Password Reset,Healthcare,Kiosk,zh,5,1,0,3.2,,110,0.8258,0.8223,2026-04-02T19:39:12
CONT-F0C839D5,SESS-7E0C132A,Billing Inquiry,Healthcare,IVR,en,19,1,0,1.8,,584,0.4897,0.6039,2026-03-26T11:58:14
CONT-280DC4CE,SESS-0E1AC3AA,General Inquiry,Retail,Kiosk,ja,13,1,0,2.7,,938,0.5826,0.695,2026-04-01T11:27:01
CONT-BB154D75,SESS-48BBBE4F,Billing Inquiry,Healthcare,Web,fr,9,1,0,,,332,0.256,0.5824,2026-03-23T12:34:32
CONT-47951263,SESS-EF7161F8,Technical Troubleshooting,Financial Services,IVR,en,7,1,0,,,552,0.8642,0.8257,2026-03-27T05:21:58
CONT-280DC4CE,SESS-6BEEA7AF,Order Status,Healthcare,Kiosk,es,2,1,0,,,89,0.3945,0.6378,2026-03-30T00:11:28
CONT-3E68C4F3,SESS-7C4AF19E,General Inquiry,Technology,IVR,fr,10,1,0,,,923,0.5667,0.7067,2026-03-25T02:45:41
CONT-ED395817,SESS-FCB2F07A,Returns & Refunds,Travel,Web,en,20,1,0,2.9,,681,1.0,0.874,2026-03-09T09:14:52
CONT-4013060C,SESS-582DE34D,Account Management,Technology,Web,en,1,1,0,,,29,0.8484,0.8194,2026-03-17T09:24:31
CONT-E679AFDB,SESS-4479AEF5,Technical Troubleshooting,Travel,IVR,en,12,1,0,1.7,,751,0.778,0.7132,2026-04-04T12:12:42
CONT-F12FEAE5,SESS-DC1574FA,Technical Troubleshooting,Retail,Partner API,es,10,0,0,3.1,,529,0.7753,0.4961,2026-03-20T23:13:28
CONT-A99BA6F4,SESS-F70D4241,Subscription Management,Retail,Partner API,en,10,1,0,2.8,,526,0.6896,0.7438,2026-04-01T09:38:38
CONT-13868820,SESS-335F9E06,Subscription Management,Financial Services,IVR,en,1,1,0,3.3,,110,0.4375,0.673,2026-03-30T03:04:50
CONT-03160B4A,SESS-ADC0EE2D,Account Management,Financial Services,IVR,en,20,1,0,2.9,,1650,0.8645,0.8198,2026-03-20T08:21:44
CONT-D135EEC8,SESS-F98F5679,Password Reset,Healthcare,Mobile App,en,1,1,0,1.2,,67,0.9234,0.7414,2026-03-23T09:45:25
CONT-89B833B5,SESS-8EDDC551,Account Management,Retail,Mobile App,en,10,1,0,4.0,,422,0.3262,0.6705,2026-03-29T19:30:15
CONT-E449DC9B,SESS-767E211C,Product Support,Technology,Kiosk,es,14,1,0,,,599,0.5018,0.6807,2026-03-31T14:11:52
CONT-9A3096A3,SESS-17883FF9,Order Status,Healthcare,Web,fr,13,1,0,1.2,,374,0.4515,0.5526,2026-03-23T02:26:37
CONT-B6933BA5,SESS-5AC0C91A,Loyalty Program,Healthcare,Mobile App,en,6,0,0,,,201,0.5807,0.4123,2026-04-01T06:03:13
CONT-782F172F,SESS-3C669360,Technical Troubleshooting,Technology,IVR,en,18,1,0,,,193,0.84,0.816,2026-03-08T13:16:09
CONT-21A27918,SESS-EDF69A1F,Returns & Refunds,Financial Services,Web,es,3,0,1,1.7,Billing-Ops,508,0.8212,0.4305,2026-03-26T09:12:16
CONT-496FF778,SESS-63C03BFA,Returns & Refunds,Retail,Web,fr,18,0,1,2.8,Tech-Escalation,712,0.6891,0.4436,2026-03-12T05:54:47
CONT-5586F3A8,SESS-3C05D0FD,Billing Inquiry,Travel,Mobile App,en,12,1,0,4.5,,416,0.718,0.8572,2026-03-16T09:31:03
CONT-7863DAA4,SESS-5C809900,Billing Inquiry,Travel,Kiosk,en,18,1,0,,,786,0.5318,0.6927,2026-03-27T03:27:18
CONT-772F57C6,SESS-96928D84,Order Status,Healthcare,Mobile App,fr,9,1,0,,,1104,0.4026,0.641,2026-03-12T01:39:48
CONT-AA9D7FE2,SESS-97AADA3F,Loyalty Program,Technology,Partner API,fr,11,1,0,1.9,,756,0.6798,0.6859,2026-03-29T15:40:22
CONT-574DBCE6,SESS-F11332AD,Technical Troubleshooting,Technology,Web,en,15,0,0,2.8,,2097,0.7682,0.4753,2026-03-16T19:27:22
CONT-986926C7,SESS-B32E67AD,General Inquiry,Travel,Web,en,5,0,1,3.7,Tier1-Support,180,0.6505,0.4822,2026-03-23T02:17:15
CONT-3757C7E4,SESS-ABEF9A48,Returns & Refunds,Financial Services,Mobile App,en,19,1,0,3.7,,869,0.4714,0.7106,2026-03-07T23:35:37
CONT-DD54A8FE,SESS-07C4C5CE,Billing Inquiry,Healthcare,Kiosk,ja,18,1,0,,,507,0.343,0.6172,2026-03-17T12:19:39
CONT-BD6F807C,SESS-64D11721,Returns & Refunds,Financial Services,Mobile App,en,19,1,0,1.1,,488,0.7188,0.6535,2026-03-18T18:18:59
CONT-16DBA9B5,SESS-6462577C,Loyalty Program,Technology,IVR,en,11,1,0,3.0,,588,0.3041,0.6016,2026-03-08T19:39:55
CONT-8BA07529,SESS-02C29A15,Account Management,Healthcare,Mobile App,en,1,1,0,3.4,,41,0.8127,0.8291,2026-03-30T14:34:13
CONT-50B40843,SESS-B37CB00A,Loyalty Program,Travel,Kiosk,en,1,0,1,4.7,General-Service,40,0.5732,0.5113,2026-03-28T11:14:14
CONT-473A5B20,SESS-FF919764,Order Status,Travel,Partner API,es,16,1,0,1.8,,558,0.5918,0.6447,2026-03-08T13:20:10
CONT-FF45ED55,SESS-3BE38E17,Password Reset,Travel,Partner API,en,19,1,0,3.1,,579,0.7348,0.7799,2026-04-05T02:07:52
CONT-072C6F63,SESS-D7202A52,Product Support,Retail,IVR,es,19,1,0,,,3391,0.5513,0.7005,2026-03-18T19:28:52
CONT-6A15AB07,SESS-C54D6590,Billing Inquiry,Retail,Web,ja,7,1,0,,,258,0.6897,0.7559,2026-03-07T06:21:46
CONT-3AD04315,SESS-506093C5,Order Status,Retail,Partner API,en,5,1,0,2.0,,147,0.9196,0.7878,2026-03-26T04:30:29
CONT-DECA8575,SESS-800B44AD,Returns & Refunds,Healthcare,Kiosk,en,7,1,0,1.6,,75,0.5938,0.6335,2026-03-22T23:14:32
CONT-666A84A9,SESS-C4BD17B1,Technical Troubleshooting,Healthcare,IVR,en,17,1,0,2.2,,1241,0.6412,0.6885,2026-04-02T23:31:56
CONT-CBFDBA51,SESS-DAE0612D,Account Management,Healthcare,Partner API,en,16,1,0,,,437,0.7882,0.7953,2026-03-13T04:40:27
CONT-B3095BA1,SESS-5FC0FA3E,General Inquiry,Financial Services,Mobile App,en,8,1,0,1.4,,616,0.7421,0.6808,2026-03-21T09:04:13
CONT-6D356A4C,SESS-281C0963,Product Support,Healthcare,Mobile App,es,17,0,0,2.8,,469,0.7912,0.4845,2026-03-15T15:31:20
CONT-A5BBB22C,SESS-6F3B3EE4,Returns & Refunds,Travel,Mobile App,en,10,1,0,4.2,,351,0.849,0.8916,2026-03-26T13:34:23
CONT-8AFA8545,SESS-138284C6,Subscription Management,Healthcare,IVR,en,11,0,1,1.4,Billing-Ops,1197,0.1789,0.1556,2026-03-07T13:52:44
CONT-26E5DD54,SESS-7BFE6BC3,Product Support,Retail,Kiosk,fr,18,1,0,,,860,0.3529,0.6212,2026-03-25T15:38:49
CONT-28AD36D2,SESS-3546CCBF,Product Support,Financial Services,Mobile App,en,2,0,1,1.3,Billing-Ops,386,0.6064,0.3206,2026-03-29T12:32:49
CONT-EEAD5EDB,SESS-9B57CFD4,Account Management,Retail,IVR,en,1,1,0,,,69,0.6929,0.7572,2026-03-14T04:55:17
CONT-473A5B20,SESS-3B2738AE,Order Status,Travel,Kiosk,en,2,1,0,1.7,,55,0.5156,0.6082,2026-03-07T08:34:46
CONT-6DD64E83,SESS-0C44153C,Loyalty Program,Financial Services,Mobile App,fr,10,1,0,3.4,,1157,0.8912,0.8605,2026-03-17T16:14:44
CONT-EFA909CF,SESS-3BAC6293,Subscription Management,Retail,Web,en,11,1,0,2.1,,1578,0.7111,0.7104,2026-04-04T02:18:26
CONT-B3597152,SESS-4AC35A47,Subscription Management,Healthcare,Web,fr,13,1,0,,,690,0.6466,0.7386,2026-03-12T07:06:09
CONT-986926C7,SESS-5B2920D6,Loyalty Program,Financial Services,Mobile App,en,4,0,1,,Tech-Escalation,150,0.4916,0.3766,2026-03-09T23:55:29
CONT-9E5D752C,SESS-C9AB1128,Account Management,Financial Services,Mobile App,en,6,1,0,1.5,,282,0.5422,0.6069,2026-04-03T15:02:09
CONT-C4E7B808,SESS-66AC7B84,Product Support,Travel,Kiosk,pt,17,1,0,,,990,0.734,0.7736,2026-03-16T01:25:45
CONT-4A23F421,SESS-B6B69E45,Order Status,Healthcare,Web,en,4,1,0,4.2,,212,1.0,0.952,2026-03-11T02:49:12
CONT-4C5630CD,SESS-95CCCCD4,Billing Inquiry,Retail,Web,en,19,1,0,4.9,,830,0.8513,0.9345,2026-03-07T00:04:33
CONT-A4EACDEB,SESS-58629BDD,General Inquiry,Technology,Partner API,es,6,1,0,3.6,,918,0.9613,0.9005,2026-03-11T07:27:42
CONT-9F9AFA06,SESS-81BECC37,Returns & Refunds,Financial Services,Kiosk,de,20,1,0,1.5,,1785,0.6387,0.6455,2026-04-03T17:16:53
CONT-51AED89D,SESS-1D93AFAB,General Inquiry,Travel,Web,en,8,0,0,4.0,,410,0.4363,0.4145,2026-03-11T23:28:00
CONT-B2E76CD4,SESS-6D8B65C0,Technical Troubleshooting,Healthcare,Mobile App,es,14,1,0,1.3,,844,0.7549,0.68,2026-03-21T04:38:30
CONT-940EBED5,SESS-0D35E4FD,Account Management,Healthcare,Partner API,en,1,1,0,2.5,,45,0.9054,0.8122,2026-03-14T01:41:11
CONT-A92917C8,SESS-3BC47D32,Account Management,Retail,Partner API,en,6,1,0,,,129,1.0,0.88,2026-03-24T20:50:48
CONT-622DA0D9,SESS-99E3EE00,General Inquiry,Financial Services,Partner API,en,12,1,0,1.5,,921,0.6859,0.6644,2026-03-22T07:28:24
CONT-EE04BF1C,SESS-4D1D05E8,Technical Troubleshooting,Technology,IVR,es,4,1,0,,,163,0.7961,0.7984,2026-03-10T11:34:49
CONT-984F6D00,SESS-AC1E7BCB,Password Reset,Travel,Kiosk,fr,1,0,0,2.8,,111,0.7203,0.4561,2026-03-22T14:11:47
CONT-665F2C5B,SESS-E1546141,Order Status,Financial Services,Mobile App,en,19,1,0,,,925,0.7036,0.7614,2026-03-16T14:15:33
CONT-BCE4E59E,SESS-FB827B2E,Subscription Management,Travel,IVR,de,17,1,0,2.7,,2213,0.6262,0.7125,2026-03-12T14:57:07
CONT-63B2BE4A,SESS-FF3D6079,Product Support,Retail,Mobile App,fr,5,1,0,,,219,0.9927,0.8771,2026-03-09T04:32:46
CONT-4E33A99F,SESS-45BF1B3E,Account Management,Financial Services,IVR,fr,14,1,0,3.1,,683,0.9274,0.857,2026-03-19T09:53:05
CONT-D379A0F0,SESS-CD577F93,Account Management,Retail,Kiosk,fr,5,0,1,,Tier1-Support,129,0.6589,0.4436,2026-03-07T20:49:19
CONT-16573E15,SESS-14F6ACA1,Account Management,Healthcare,Kiosk,fr,20,1,0,3.2,,2178,0.5647,0.7179,2026-03-20T17:57:15
CONT-FDA4A257,SESS-1AB1AA48,Account Management,Healthcare,IVR,en,15,1,0,1.6,,612,0.7513,0.6965,2026-03-13T00:18:00
CONT-D0DBD1BB,SESS-ECE6CDAB,Subscription Management,Travel,Partner API,en,8,0,1,,Billing-Ops,197,0.6172,0.4269,2026-04-02T10:18:29
CONT-8A5EFD86,SESS-EC821E1E,Order Status,Retail,Partner API,es,14,1,0,3.6,,669,0.7093,0.7997,2026-03-17T03:55:16
CONT-481B30A3,SESS-43B029AF,Account Management,Financial Services,Web,en,5,0,0,,,481,1.0,0.58,2026-04-05T19:46:58
CONT-43AE61CE,SESS-59D0C90F,Account Management,Financial Services,Kiosk,en,11,1,0,,,294,0.7223,0.7689,2026-03-24T07:18:12
CONT-DB00495E,SESS-8A9319D0,General Inquiry,Healthcare,Web,en,16,1,0,4.1,,1071,1.0,0.946,2026-03-23T18:44:44
CONT-35F50638,SESS-0AC62241,Returns & Refunds,Healthcare,Kiosk,de,19,1,0,4.0,,1307,0.7582,0.8433,2026-03-07T20:22:54
CONT-7BE930DA,SESS-5FD0D613,Technical Troubleshooting,Healthcare,Kiosk,en,20,0,1,,Tier1-Support,1333,0.8348,0.5139,2026-03-28T23:27:51
CONT-6A8042B4,SESS-8413F3C2,General Inquiry,Healthcare,Partner API,en,9,1,0,,,230,0.7386,0.7754,2026-03-31T22:27:25
CONT-79A527D3,SESS-3D663148,Product Support,Travel,Partner API,en,17,1,0,2.2,,1823,0.6585,0.6954,2026-03-28T06:39:45
CONT-4454CB0E,SESS-0701266B,Subscription Management,Financial Services,Web,de,20,1,0,2.4,,966,0.6515,0.7046,2026-04-03T13:16:27
CONT-778CEBFE,SESS-B4148AB8,Returns & Refunds,Technology,Partner API,es,13,1,0,,,144,0.7041,0.7616,2026-03-28T01:57:39
CONT-C264F626,SESS-EBF46B42,Loyalty Program,Travel,Mobile App,en,3,0,1,,Billing-Ops,160,0.5975,0.419,2026-03-23T21:08:46
CONT-5B5404CD,SESS-316852C7,Product Support,Retail,Web,de,17,1,0,2.5,,380,0.5239,0.6596,2026-03-18T21:00:57
CONT-20E3F2A9,SESS-AF7A112A,Billing Inquiry,Technology,IVR,en,12,1,0,2.7,,848,1.0,0.862,2026-03-17T19:19:57
CONT-E5216386,SESS-82F9B3E9,Account Management,Healthcare,Mobile App,en,19,1,0,,,1946,0.4311,0.6524,2026-03-23T21:55:27
CONT-065147AC,SESS-85142D66,Returns & Refunds,Retail,IVR,es,12,1,0,3.9,,895,0.5674,0.761,2026-04-03T12:32:32
CONT-6EAE0CBD,SESS-12553505,Billing Inquiry,Healthcare,IVR,zh,15,1,0,,,472,0.6076,0.723,2026-03-14T01:34:09
CONT-889AAA21,SESS-21784BFE,Loyalty Program,Financial Services,Partner API,en,5,1,0,2.8,,341,0.8919,0.8248,2026-03-11T22:12:33
CONT-E8545BB1,SESS-D00A3C2B,Subscription Management,Retail,IVR,pt,12,1,0,,,505,0.6838,0.7535,2026-03-22T07:31:23
CONT-44DA9AAC,SESS-46E66487,Subscription Management,Healthcare,Web,en,8,1,0,,,472,0.8136,0.8054,2026-03-26T00:44:54
CONT-53AB19B0,SESS-CE4FD2E9,Password Reset,Retail,Web,en,19,1,0,2.6,,1720,0.4431,0.6332,2026-03-17T22:41:46
CONT-F03574F5,SESS-7ACA1C26,Product Support,Healthcare,Partner API,es,5,0,0,,,226,0.4864,0.3746,2026-03-15T08:33:41
CONT-9A4C0FEA,SESS-F3770EC7,Technical Troubleshooting,Retail,Kiosk,en,17,0,1,2.8,Tech-Escalation,737,0.6548,0.4299,2026-03-10T08:37:48
CONT-8C373ED1,SESS-697A40D7,Order Status,Financial Services,Mobile App,en,2,0,1,4.8,General-Service,86,0.5401,0.504,2026-03-25T14:20:42
CONT-598FA4DE,SESS-903BD03C,Account Management,Healthcare,Mobile App,en,11,0,0,3.8,,201,0.2811,0.3404,2026-03-11T20:17:49
CONT-8F0A65D1,SESS-58679B69,Technical Troubleshooting,Healthcare,Partner API,es,18,1,0,3.5,,743,0.6138,0.7555,2026-03-26T01:36:05
CONT-E238CC6E,SESS-1445D067,Loyalty Program,Healthcare,IVR,en,16,1,0,3.7,,476,0.9645,0.9078,2026-03-25T00:11:03
CONT-B3C142E4,SESS-03273C4D,Password Reset,Technology,Kiosk,en,1,0,0,3.6,,26,0.9834,0.6094,2026-03-20T17:50:24
CONT-13868820,SESS-4E0CA28D,Loyalty Program,Technology,IVR,en,16,0,1,1.3,Billing-Ops,1894,0.3098,0.2019,2026-03-26T21:48:12
CONT-844296C1,SESS-B4F06E0C,Technical Troubleshooting,Technology,IVR,en,20,0,1,1.2,General-Service,944,0.6201,0.32,2026-03-14T16:58:11
CONT-99FC5C95,SESS-B2F98304,Password Reset,Financial Services,Mobile App,en,15,1,0,2.8,,116,0.4111,0.6324,2026-03-27T23:52:42
CONT-3D70F8EA,SESS-6049EC47,Technical Troubleshooting,Technology,Web,en,1,1,0,,,71,1.0,0.88,2026-03-12T08:11:10
CONT-D5643F24,SESS-86349802,Product Support,Financial Services,Kiosk,de,19,1,0,2.4,,1459,0.7647,0.7499,2026-03-28T18:38:16
CONT-C88505FD,SESS-64C6FF56,Returns & Refunds,Healthcare,Partner API,zh,15,1,0,4.6,,661,1.0,0.976,2026-03-27T12:27:53
CONT-8D6368EF,SESS-AC060861,Returns & Refunds,Travel,Web,en,20,1,0,,,3244,0.5826,0.713,2026-03-30T05:17:05
CONT-25A979B5,SESS-D3640C35,Billing Inquiry,Travel,Mobile App,en,1,1,0,,,13,0.2804,0.5922,2026-03-18T14:27:28
CONT-3AE690E6,SESS-1403884F,Billing Inquiry,Healthcare,IVR,fr,16,0,0,,,1580,0.6906,0.4562,2026-03-08T22:55:40
CONT-B3095BA1,SESS-F87F54C7,Technical Troubleshooting,Retail,Partner API,en,18,1,0,,,898,0.3419,0.6168,2026-04-03T14:31:41
CONT-84AB1E09,SESS-03C9FE53,Product Support,Healthcare,Partner API,en,20,1,0,1.3,,568,0.6409,0.6344,2026-03-09T01:59:43
CONT-CBFDBA51,SESS-D8AA4169,Order Status,Retail,Partner API,de,19,1,0,,,962,0.6203,0.7281,2026-03-25T16:27:04
CONT-FDE7ADF9,SESS-68468989,Loyalty Program,Retail,Kiosk,en,10,1,0,,,239,0.5431,0.6972,2026-03-25T20:50:40
CONT-B660CA2B,SESS-B2B46C63,Subscription Management,Technology,Web,en,1,1,0,,,92,0.749,0.7796,2026-04-01T13:02:05
CONT-BC294CA3,SESS-7DD5CEB2,Order Status,Travel,IVR,en,1,1,0,1.1,,64,0.5202,0.5741,2026-04-03T06:40:04
CONT-7A62DE92,SESS-C0454B98,Technical Troubleshooting,Technology,Kiosk,zh,19,1,0,2.4,,144,0.5954,0.6822,2026-03-19T06:52:01
CONT-C5283F95,SESS-A0982F48,Account Management,Financial Services,Kiosk,fr,8,1,0,,,212,0.7698,0.7879,2026-03-17T11:04:54
CONT-0FC9F9CF,SESS-F5806F54,General Inquiry,Travel,Mobile App,en,8,1,0,,,2567,0.839,0.8156,2026-03-19T18:34:47
CONT-F1252D54,SESS-B89A956E,Returns & Refunds,Healthcare,Partner API,ja,20,0,1,,Billing-Ops,4616,0.8138,0.5055,2026-03-10T00:26:56
CONT-AC6E2C62,SESS-4D6F12A6,General Inquiry,Travel,Kiosk,en,3,1,0,4.2,,91,0.7696,0.8598,2026-03-28T14:42:31
CONT-9102C815,SESS-BD87F9A8,Loyalty Program,Financial Services,Kiosk,en,13,1,0,,,1691,1.0,0.88,2026-03-09T06:45:34
CONT-7F200648,SESS-F3D472DC,Billing Inquiry,Financial Services,Partner API,ja,14,0,1,1.9,Tier1-Support,443,0.7506,0.4142,2026-03-29T08:41:35
CONT-60EB9933,SESS-C8CA38CE,Order Status,Financial Services,Partner API,de,13,1,0,,,246,0.8649,0.826,2026-04-03T17:23:30
CONT-E9000E83,SESS-516FB659,Technical Troubleshooting,Technology,Web,es,2,1,0,,,227,0.708,0.7632,2026-03-08T15:28:34
CONT-518322B2,SESS-BCDD2006,Order Status,Healthcare,Mobile App,en,14,0,0,2.6,,419,0.772,0.4648,2026-03-13T00:11:55
CONT-E9BFC889,SESS-789D3EE5,Order Status,Healthcare,Mobile App,en,15,0,1,,Tech-Escalation,861,0.7162,0.4665,2026-03-30T15:52:05
CONT-6F49618A,SESS-C290221F,General Inquiry,Financial Services,Web,en,18,1,0,,,895,0.6652,0.7461,2026-03-16T01:48:54
CONT-62A11600,SESS-D9CBC862,General Inquiry,Technology,Mobile App,fr,17,1,0,,,1381,0.8472,0.8189,2026-03-19T05:56:25
CONT-F2A8DAC0,SESS-2E8D153A,Subscription Management,Healthcare,Kiosk,ja,8,1,0,1.2,,198,0.4979,0.5712,2026-03-26T08:03:10
CONT-B7D7F4F7,SESS-5E6987BA,General Inquiry,Retail,IVR,en,19,1,0,2.7,,729,0.8474,0.801,2026-03-21T20:32:24
CONT-73D81A47,SESS-DB6A21BD,Order Status,Healthcare,Partner API,fr,9,1,0,3.0,,439,0.5714,0.7086,2026-03-10T10:43:53
CONT-A5F604BF,SESS-4E9983D7,Billing Inquiry,Healthcare,IVR,en,13,0,1,,Tier1-Support,679,0.6338,0.4335,2026-03-18T18:37:25
CONT-EA3C22BD,SESS-1EC6EAA9,Product Support,Financial Services,Web,en,1,0,0,,,75,0.7666,0.4866,2026-03-31T10:54:12
CONT-AB6BA1F6,SESS-2738E0B4,Password Reset,Financial Services,Web,en,14,1,0,,,517,0.7463,0.7785,2026-03-23T15:12:31
CONT-D30BAFDD,SESS-39C2D03A,Order Status,Healthcare,Mobile App,en,5,1,0,3.9,,491,0.5861,0.7684,2026-03-07T10:18:13
CONT-C57C3900,SESS-6D0A163A,Product Support,Healthcare,Partner API,en,4,1,0,3.1,,227,0.6859,0.7604,2026-04-03T02:28:00
CONT-B193383F,SESS-13310471,Order Status,Travel,Mobile App,en,3,1,0,3.5,,173,0.5691,0.7376,2026-03-31T01:22:18
CONT-1C944CDC,SESS-E389F859,Technical Troubleshooting,Travel,IVR,en,9,1,0,4.9,,429,0.9216,0.9626,2026-03-27T19:13:33
CONT-1B6952B6,SESS-B35D4039,Subscription Management,Travel,Mobile App,es,2,1,0,1.8,,50,0.4341,0.5816,2026-03-07T17:02:01
CONT-4351C18E,SESS-4925DD3A,Loyalty Program,Technology,IVR,en,14,1,0,,,288,0.4659,0.6664,2026-03-31T15:21:57
CONT-BB2D6E20,SESS-7192CA88,Technical Troubleshooting,Retail,Partner API,en,6,1,0,2.1,,383,0.4188,0.5935,2026-03-23T08:42:13
CONT-2F3DC9A4,SESS-4EA66A84,Technical Troubleshooting,Healthcare,Mobile App,en,12,1,0,2.9,,448,0.8237,0.8035,2026-03-19T07:56:04
CONT-704B803F,SESS-D1A1AC43,Billing Inquiry,Retail,Partner API,en,18,0,1,2.8,Tech-Escalation,1033,0.6229,0.4172,2026-03-31T19:15:00
CONT-ADC16D59,SESS-BC6A8AD1,Loyalty Program,Financial Services,Web,de,17,1,0,,,852,0.7214,0.7686,2026-03-09T09:42:34
CONT-4778D936,SESS-4885A40A,Account Management,Technology,Kiosk,fr,8,1,0,,,312,0.6578,0.7431,2026-04-04T15:19:46
CONT-8B7D5EC6,SESS-0F8347A9,Technical Troubleshooting,Technology,IVR,fr,14,1,0,4.4,,2393,0.8619,0.9088,2026-03-19T05:44:14
CONT-366D98E1,SESS-DB008BE4,Password Reset,Retail,Partner API,en,20,1,0,2.3,,3960,0.6006,0.6782,2026-04-01T12:19:11
CONT-A913978F,SESS-BB0667B4,General Inquiry,Healthcare,Mobile App,es,7,1,0,5.0,,297,0.4336,0.7734,2026-03-24T19:46:08
CONT-FA91AFEB,SESS-655EA5A9,Subscription Management,Financial Services,Kiosk,en,3,1,0,3.0,,82,1.0,0.88,2026-03-08T23:26:55
CONT-10D3F9C8,SESS-E1197EA7,Password Reset,Travel,Web,en,10,1,0,3.3,,326,1.0,0.898,2026-03-24T23:49:23
CONT-EEDDB97E,SESS-03A46EB3,Product Support,Healthcare,Partner API,en,18,0,1,,Billing-Ops,381,0.4893,0.3757,2026-03-11T16:40:52
CONT-8C5F677B,SESS-BC421D25,Loyalty Program,Travel,Mobile App,en,2,1,0,2.6,,72,0.6873,0.7309,2026-04-01T06:29:16
CONT-4AC27ACA,SESS-B26EB1FD,General Inquiry,Healthcare,IVR,en,9,1,0,,,699,0.7902,0.7961,2026-03-31T04:21:40
CONT-15378D97,SESS-2DFA8713,Returns & Refunds,Retail,IVR,ja,15,1,0,4.1,,522,0.6733,0.8153,2026-03-12T17:55:03
CONT-90A74461,SESS-290D7C84,Technical Troubleshooting,Technology,IVR,en,5,1,0,,,184,0.5171,0.6868,2026-03-20T10:14:20
CONT-62991E9E,SESS-631F4001,Order Status,Retail,Mobile App,pt,11,1,0,3.6,,288,0.9056,0.8782,2026-03-30T22:17:00
CONT-067C0A1A,SESS-3A333DE7,Subscription Management,Healthcare,Mobile App,en,18,1,0,,,268,1.0,0.88,2026-03-17T08:40:38
CONT-B2572C05,SESS-18892AAD,Account Management,Financial Services,Mobile App,de,4,1,0,2.1,,145,0.5455,0.6442,2026-04-03T06:27:10
CONT-EE656F37,SESS-4687E429,Billing Inquiry,Healthcare,Kiosk,en,19,1,0,2.2,,1323,0.997,0.8308,2026-03-19T21:19:52
CONT-AB86ED14,SESS-5588FE8E,Billing Inquiry,Travel,Kiosk,en,20,1,0,,,1748,0.8004,0.8002,2026-03-14T16:52:21
CONT-4B33E9F7,SESS-A323BECE,Subscription Management,Financial Services,Partner API,en,2,1,0,2.9,,171,0.3567,0.6167,2026-03-08T08:11:45
CONT-3D9B8BA5,SESS-602F7703,General Inquiry,Technology,Web,zh,7,0,1,,General-Service,228,0.5178,0.3871,2026-03-18T22:01:37
CONT-D8438490,SESS-4527CB1A,Password Reset,Financial Services,Mobile App,en,16,1,0,4.0,,1491,0.6233,0.7893,2026-03-11T18:01:56
CONT-22FA5A5B,SESS-5A972DF7,Subscription Management,Financial Services,Kiosk,en,20,1,0,2.8,,1484,0.8072,0.7909,2026-03-10T03:18:53
CONT-5AEE0328,SESS-BF166FA6,Technical Troubleshooting,Retail,Web,en,15,1,0,2.5,,399,0.5826,0.683,2026-03-12T15:30:02
CONT-397882A9,SESS-D055029D,Technical Troubleshooting,Travel,Mobile App,en,20,1,0,,,1943,0.5449,0.698,2026-03-29T13:19:48
CONT-53FDC395,SESS-0B708C23,Subscription Management,Retail,Web,en,19,0,0,,,915,0.5435,0.3974,2026-03-20T14:48:10
CONT-598FA4DE,SESS-2E619A88,Returns & Refunds,Retail,Mobile App,en,2,1,0,1.9,,74,0.6908,0.6903,2026-04-02T22:53:50
CONT-003D6797,SESS-7C35EBD4,Loyalty Program,Travel,IVR,en,7,1,0,,,195,0.5079,0.6832,2026-03-31T17:06:42
CONT-89F7305A,SESS-E1FD177A,Technical Troubleshooting,Travel,Kiosk,en,1,1,0,3.5,,53,0.5311,0.7224,2026-04-05T22:33:14
CONT-88F4199E,SESS-F9D20C49,Loyalty Program,Technology,IVR,pt,11,1,0,,,302,0.5122,0.6849,2026-04-01T06:41:43
CONT-01A41BA6,SESS-C329D8BF,Subscription Management,Travel,Partner API,en,11,1,0,,,469,0.8887,0.8355,2026-04-04T17:21:59
CONT-8A6FF16D,SESS-62FD5D24,Product Support,Healthcare,Web,zh,7,1,0,,,772,0.5548,0.7019,2026-03-16T21:20:58
CONT-B3597152,SESS-830BEE79,Product Support,Technology,Kiosk,de,17,0,1,,Tier1-Support,2761,0.4991,0.3796,2026-03-14T01:54:47
CONT-789CC026,SESS-B17F3239,Loyalty Program,Healthcare,Mobile App,fr,8,1,0,3.3,,685,0.5557,0.7203,2026-03-13T04:53:23
CONT-7D57B823,SESS-EF9303ED,Technical Troubleshooting,Technology,Partner API,en,9,1,0,4.3,,238,0.551,0.7784,2026-03-14T22:06:37
CONT-31F23454,SESS-4C9C040E,Subscription Management,Retail,Mobile App,en,11,0,1,,Tier1-Support,476,0.816,0.5064,2026-03-12T20:02:55
CONT-8A80999C,SESS-DA4D8D0D,Account Management,Technology,Mobile App,zh,14,1,0,,,935,0.5112,0.6845,2026-03-10T04:31:50
CONT-FBFB3FBC,SESS-F12DBAF3,Product Support,Financial Services,Kiosk,en,9,1,0,4.2,,222,0.5167,0.7587,2026-04-05T14:10:49
CONT-7E977441,SESS-2DD009E8,Account Management,Technology,IVR,pt,9,1,0,,,376,0.658,0.7432,2026-03-27T09:58:13
CONT-CBEDBFCD,SESS-861F143F,Password Reset,Retail,Mobile App,en,2,1,0,,,50,0.7539,0.7816,2026-03-09T11:30:34
CONT-538D06D2,SESS-194A00F6,Technical Troubleshooting,Healthcare,IVR,fr,12,0,1,3.9,Tech-Escalation,2084,0.5991,0.4736,2026-03-28T23:54:37
CONT-95A4F178,SESS-45401B6F,Returns & Refunds,Financial Services,IVR,en,4,1,0,4.4,,137,0.8119,0.8888,2026-04-03T00:09:19
CONT-1A9DC80D,SESS-4C9A4E42,Subscription Management,Travel,Web,es,16,1,0,3.0,,511,0.8338,0.8135,2026-03-30T16:12:36
CONT-951F8BD2,SESS-8CF20171,Technical Troubleshooting,Travel,Web,en,19,1,0,4.6,,551,1.0,0.976,2026-03-13T17:57:13
CONT-C10AE686,SESS-BB451D43,General Inquiry,Financial Services,IVR,en,2,1,0,3.3,,109,0.576,0.7284,2026-03-30T03:32:11
CONT-36BFA3F4,SESS-13AA884E,Technical Troubleshooting,Technology,Mobile App,fr,1,1,0,2.0,,31,0.5972,0.6589,2026-03-30T15:36:13
CONT-AE6DA704,SESS-48136FE3,Billing Inquiry,Travel,Kiosk,en,11,1,0,4.2,,1120,0.4462,0.7305,2026-03-08T20:47:52
CONT-6002BE35,SESS-C5C428E5,Account Management,Financial Services,IVR,pt,18,1,0,4.5,,538,0.5877,0.8051,2026-03-21T16:32:31
CONT-62991E9E,SESS-5C8ADF6A,Order Status,Travel,Web,en,15,1,0,,,664,0.6458,0.7383,2026-03-29T20:35:28
CONT-7E36B9D0,SESS-04DB090B,Loyalty Program,Financial Services,IVR,zh,14,0,0,4.6,,255,0.62,0.524,2026-03-29T21:34:44
CONT-32180164,SESS-58A014AA,Billing Inquiry,Financial Services,IVR,es,12,1,0,3.8,,505,0.5744,0.7578,2026-03-14T14:48:04
CONT-F61C8A49,SESS-E5953040,Product Support,Technology,IVR,en,8,1,0,,,539,0.8839,0.8336,2026-03-11T13:25:15
CONT-BEEDBF5C,SESS-6F0125A5,Returns & Refunds,Financial Services,Web,en,17,1,0,,,725,0.7461,0.7784,2026-03-08T12:16:21
CONT-62A47F11,SESS-7ED3CC77,General Inquiry,Travel,IVR,zh,17,0,1,,General-Service,207,0.6158,0.4263,2026-04-01T06:40:45
CONT-94898F91,SESS-07578CF3,Technical Troubleshooting,Financial Services,Kiosk,en,7,1,0,1.7,,571,0.6153,0.6481,2026-03-27T18:58:13
CONT-0049CD55,SESS-19393B4D,Password Reset,Healthcare,IVR,en,17,1,0,1.6,,488,1.0,0.796,2026-03-23T01:57:44
CONT-EA3C22BD,SESS-D30843B8,General Inquiry,Retail,Partner API,en,18,0,0,4.2,,2396,0.7935,0.5694,2026-03-14T05:06:36
CONT-F30A6679,SESS-A9D52D1E,Product Support,Travel,Partner API,en,8,1,0,4.4,,708,0.2548,0.6659,2026-03-22T12:24:20
CONT-98BD48F4,SESS-6B8BA307,Billing Inquiry,Financial Services,Partner API,en,12,1,0,,,334,0.606,0.7224,2026-03-20T15:55:30
CONT-A4BE3E94,SESS-5FD32193,Technical Troubleshooting,Healthcare,IVR,en,7,0,1,2.7,Tier1-Support,271,0.602,0.4028,2026-03-30T03:31:34
CONT-FB29E36B,SESS-4A873947,Product Support,Healthcare,Partner API,es,4,1,0,,,38,0.7772,0.7909,2026-03-29T19:16:24
CONT-729B12DE,SESS-855DB8AE,Billing Inquiry,Technology,Partner API,en,19,1,0,4.0,,1176,1.0,0.94,2026-03-25T13:52:20
CONT-F4D37CD8,SESS-0573F391,Account Management,Healthcare,Kiosk,fr,10,1,0,1.6,,278,0.526,0.6064,2026-03-24T22:46:21
CONT-D2D0D1C5,SESS-56D5B068,Password Reset,Financial Services,IVR,en,13,1,0,4.5,,116,0.6413,0.8265,2026-03-16T18:19:14
CONT-AF638CF5,SESS-7B0B7A10,Product Support,Healthcare,Kiosk,en,16,1,0,,,1228,0.5776,0.711,2026-03-14T17:15:24
CONT-376EBA00,SESS-FD46F312,General Inquiry,Healthcare,Web,en,8,1,0,,,1294,0.6487,0.7395,2026-03-09T06:11:20
CONT-2DA0412E,SESS-AD7C1AE4,General Inquiry,Retail,Mobile App,zh,17,1,0,4.0,,829,0.4274,0.711,2026-03-09T11:32:34
CONT-5A08836D,SESS-067E2FEF,General Inquiry,Technology,Web,en,19,1,0,4.1,,1009,0.3041,0.6676,2026-04-05T13:49:35
CONT-39F583AA,SESS-184D581B,Account Management,Technology,Kiosk,en,7,1,0,3.2,,474,0.8449,0.83,2026-03-26T00:43:52
CONT-9294A840,SESS-142D02E9,Password Reset,Travel,Mobile App,en,8,1,0,,,808,0.496,0.6784,2026-03-13T03:13:03
CONT-A0E139B8,SESS-94494AA7,Subscription Management,Retail,Web,en,19,1,0,1.4,,935,0.8128,0.7091,2026-03-08T02:48:22
CONT-F06A9D4A,SESS-0463CDA5,Returns & Refunds,Technology,Partner API,en,1,1,0,5.0,,58,0.5269,0.8108,2026-03-22T22:16:07
CONT-563992E8,SESS-C331E493,Billing Inquiry,Healthcare,Partner API,en,1,1,0,,,10,0.7694,0.7878,2026-03-23T00:35:23
CONT-B1D4603E,SESS-8B16A739,Product Support,Technology,Web,ja,3,0,0,,,122,0.5867,0.4147,2026-04-05T02:07:41
CONT-6CC48447,SESS-8A6FA1FD,Password Reset,Retail,Partner API,es,8,1,0,1.4,,565,0.691,0.6604,2026-03-30T10:39:04
CONT-7A7B0C0D,SESS-7C1305A5,Returns & Refunds,Retail,Partner API,es,17,1,0,2.5,,344,0.3137,0.5755,2026-03-17T07:14:41
CONT-D5CBC158,SESS-17665C74,Billing Inquiry,Healthcare,Kiosk,en,3,1,0,,,68,1.0,0.88,2026-03-18T20:14:25
CONT-45383237,SESS-5DD84964,General Inquiry,Travel,Mobile App,en,8,1,0,2.8,,551,0.7377,0.7631,2026-03-07T01:50:33
CONT-9494C3A4,SESS-0DBEBF5B,General Inquiry,Technology,Kiosk,de,18,1,0,1.5,,721,0.6505,0.6502,2026-04-02T19:21:40
CONT-94BD3247,SESS-3E95D5E6,Password Reset,Healthcare,IVR,pt,19,1,0,2.8,,1710,0.6019,0.7088,2026-03-16T01:59:56
CONT-54EB4EBA,SESS-2AEA1748,Order Status,Retail,IVR,en,12,1,0,2.6,,758,0.6303,0.7081,2026-03-11T13:39:50
CONT-32D47C07,SESS-1F72FE59,Technical Troubleshooting,Travel,Kiosk,en,7,1,0,,,1002,0.8485,0.8194,2026-03-16T22:04:01
CONT-DDFCE02B,SESS-7CC9227F,Product Support,Retail,IVR,en,6,0,1,3.5,Billing-Ops,566,0.5831,0.4432,2026-03-27T05:32:15
CONT-D57DE04F,SESS-06613271,Billing Inquiry,Travel,Kiosk,es,1,0,1,4.7,General-Service,84,0.6375,0.537,2026-03-16T18:28:09
CONT-18370923,SESS-CBFCD279,Loyalty Program,Retail,Mobile App,en,20,1,0,4.3,,955,1.0,0.958,2026-04-03T03:28:54
CONT-24C3E988,SESS-EF23B792,Order Status,Retail,Kiosk,en,6,0,1,3.1,General-Service,143,0.7406,0.4822,2026-03-29T11:07:53
CONT-7E8553C7,SESS-3E35CA0C,General Inquiry,Financial Services,Kiosk,en,7,1,0,3.1,,406,0.804,0.8076,2026-03-13T04:29:00
CONT-02FDE145,SESS-6B7AC893,Account Management,Healthcare,Mobile App,en,11,0,0,,,375,1.0,0.58,2026-03-11T07:18:13
CONT-DB46BCA4,SESS-66C60B54,Billing Inquiry,Financial Services,Mobile App,ja,16,0,1,3.2,Tier1-Support,328,0.9918,0.5887,2026-03-10T17:04:56
CONT-BB043483,SESS-08BD38BA,Product Support,Financial Services,Web,en,7,1,0,4.2,,648,1.0,0.952,2026-03-27T03:52:26
CONT-1A9DC80D,SESS-E633906B,Product Support,Retail,Web,en,15,1,0,,,258,0.5262,0.6905,2026-03-15T15:56:15
CONT-4DBE01EF,SESS-054F4722,Account Management,Healthcare,Web,en,19,0,1,1.5,Tier1-Support,2078,0.3246,0.2198,2026-03-31T18:56:54
CONT-9800E737,SESS-586B2A45,Technical Troubleshooting,Retail,Web,zh,3,1,0,4.5,,51,0.6023,0.8109,2026-03-08T03:05:16
CONT-A4BBDF34,SESS-D739DA85,Returns & Refunds,Retail,Mobile App,fr,11,0,0,4.6,,551,1.0,0.676,2026-03-29T02:50:03
CONT-909C9769,SESS-744AA097,Technical Troubleshooting,Retail,Partner API,en,15,1,0,,,599,0.5784,0.7114,2026-03-09T16:03:41
CONT-F7EAB5A1,SESS-F40C2C64,Password Reset,Financial Services,Partner API,en,20,1,0,,,1077,0.7939,0.7976,2026-03-18T16:20:14
CONT-70FE4424,SESS-E8D25869,Billing Inquiry,Travel,Web,en,12,0,0,,,698,0.6644,0.4458,2026-04-02T02:54:09
CONT-3B76012F,SESS-0B4E1D15,Billing Inquiry,Technology,Kiosk,fr,3,0,0,,,41,0.5165,0.3866,2026-03-21T08:41:10
CONT-DB46BCA4,SESS-9F5CAE9F,Order Status,Healthcare,Partner API,en,6,1,0,4.8,,628,0.7374,0.883,2026-03-15T23:23:14
CONT-53AEBDF4,SESS-7810D890,Password Reset,Travel,Partner API,es,12,0,0,,,442,0.9236,0.5494,2026-03-21T22:41:27
CONT-553B0D98,SESS-BFEF15EC,Technical Troubleshooting,Retail,Partner API,de,16,1,0,,,363,0.6549,0.742,2026-03-27T11:19:54
CONT-6DD2B5C4,SESS-22A04C32,Subscription Management,Healthcare,Web,zh,12,1,0,,,582,0.6117,0.7247,2026-04-02T19:51:42
CONT-770EA7D2,SESS-DC8AC01D,Billing Inquiry,Travel,Kiosk,en,16,0,1,,General-Service,759,0.6625,0.445,2026-03-24T12:24:55
CONT-A8EFDD3A,SESS-FAEAB99F,Subscription Management,Technology,Mobile App,zh,15,0,1,1.4,Tier1-Support,289,0.7363,0.3785,2026-03-20T20:07:08
CONT-A4D2CF5C,SESS-246F415A,Account Management,Financial Services,Web,en,12,0,0,,,241,0.7331,0.4732,2026-03-31T07:15:06
CONT-137E5080,SESS-F9D1705D,Technical Troubleshooting,Travel,IVR,en,1,1,0,3.6,,101,0.6438,0.7735,2026-04-03T05:57:23
CONT-81CB18D0,SESS-4D64DB13,Billing Inquiry,Technology,Partner API,en,17,1,0,,,376,0.6746,0.7498,2026-03-29T15:20:15
CONT-1102BEA4,SESS-AC70FC2F,Technical Troubleshooting,Retail,IVR,en,17,0,0,,,461,0.8189,0.5076,2026-04-04T16:14:46
CONT-0292D77C,SESS-B9A8F3D5,Returns & Refunds,Technology,Partner API,en,13,0,1,2.4,Tier1-Support,531,1.0,0.544,2026-03-18T01:55:22
CONT-EEAD5EDB,SESS-797C52E9,Order Status,Financial Services,Kiosk,ja,20,1,0,2.3,,1796,0.6694,0.7058,2026-03-23T08:50:22
CONT-7528A6B0,SESS-8B314334,General Inquiry,Travel,Mobile App,en,16,1,0,1.8,,1098,0.6214,0.6566,2026-04-01T21:26:44
CONT-03614F35,SESS-616AC415,General Inquiry,Technology,Web,ja,13,0,0,,,593,0.6277,0.4311,2026-03-18T18:32:03
CONT-7E34666D,SESS-65704A96,Password Reset,Travel,IVR,en,18,1,0,2.8,,1274,0.9866,0.8626,2026-04-01T11:03:33
CONT-3B281422,SESS-2E58236D,General Inquiry,Financial Services,Partner API,de,2,1,0,2.8,,144,0.8844,0.8218,2026-03-29T21:52:01
CONT-A6C5D536,SESS-617A439D,Technical Troubleshooting,Travel,Kiosk,en,2,1,0,,,155,0.8103,0.8041,2026-03-27T03:05:44
CONT-17957E10,SESS-886854E1,Technical Troubleshooting,Retail,Partner API,zh,9,1,0,,,203,1.0,0.88,2026-03-26T04:00:35
CONT-9730C494,SESS-93E93C7F,Technical Troubleshooting,Retail,IVR,en,1,1,0,4.3,,131,0.6532,0.8193,2026-03-24T22:39:09
CONT-DB00495E,SESS-1467150F,Product Support,Travel,Partner API,fr,20,1,0,3.2,,715,0.8225,0.821,2026-03-08T05:46:28
CONT-602056C5,SESS-A4BEF2B2,Account Management,Healthcare,Web,en,6,1,0,2.6,,373,0.6596,0.7198,2026-03-12T01:20:00
CONT-CBBBA685,SESS-3D3D9053,Password Reset,Financial Services,Mobile App,pt,19,1,0,1.1,,401,0.7611,0.6704,2026-03-07T17:20:54
CONT-A4EACDEB,SESS-429E249A,Order Status,Financial Services,Web,en,19,0,0,4.9,,1182,0.8452,0.6321,2026-03-20T16:48:34
CONT-81B89730,SESS-8A2169F7,Account Management,Healthcare,Partner API,en,11,0,0,,,606,0.6458,0.4383,2026-03-28T20:03:30
CONT-DD480537,SESS-7598072C,Returns & Refunds,Healthcare,IVR,en,12,1,0,,,973,0.7132,0.7653,2026-03-17T14:16:28
CONT-8019F275,SESS-F70EA496,Password Reset,Retail,Kiosk,pt,1,0,0,4.6,,33,0.6639,0.5416,2026-03-14T05:33:16
CONT-3EC71A6E,SESS-BBED9685,Loyalty Program,Financial Services,Web,en,2,0,1,4.6,Billing-Ops,31,0.6636,0.5414,2026-03-26T15:18:31
CONT-384EE088,SESS-01E3F722,Product Support,Retail,IVR,es,14,1,0,3.8,,945,0.768,0.8352,2026-03-30T21:40:34
CONT-17BBA9B7,SESS-9710F907,Password Reset,Retail,Partner API,en,20,1,0,,,2226,0.6474,0.739,2026-03-24T20:01:54
CONT-E94CBFA3,SESS-DD649B31,Account Management,Technology,Partner API,en,14,1,0,2.8,,838,0.8585,0.8114,2026-04-04T07:00:42
CONT-EE0698E7,SESS-42AF4F51,General Inquiry,Financial Services,Mobile App,en,12,0,0,3.5,,2187,0.729,0.5016,2026-03-10T19:22:14
CONT-DB4A7617,SESS-13779848,Password Reset,Travel,Mobile App,en,8,1,0,4.6,,191,0.8696,0.9238,2026-03-09T20:29:08
CONT-35F0D645,SESS-58FBBCCE,Order Status,Technology,IVR,es,16,1,0,,,2190,0.6355,0.7342,2026-03-31T14:59:37
CONT-792C90DB,SESS-03F3C54F,Loyalty Program,Travel,Mobile App,fr,13,1,0,,,962,0.9457,0.8583,2026-03-28T21:04:04
CONT-738FFC0A,SESS-4A3E80E0,Product Support,Healthcare,Kiosk,es,15,1,0,,,1234,0.7251,0.77,2026-03-16T12:01:57
CONT-F72C7C84,SESS-1E7125E1,Billing Inquiry,Technology,Partner API,en,14,1,0,,,411,0.6837,0.7535,2026-04-02T13:10:14
CONT-C264F626,SESS-4417782F,Returns & Refunds,Healthcare,Kiosk,en,2,0,1,,Tech-Escalation,117,0.8816,0.5326,2026-04-04T19:34:29
CONT-2B41D2FA,SESS-47E9EAE8,Billing Inquiry,Retail,Partner API,en,4,1,0,2.5,,218,0.624,0.6996,2026-03-18T23:46:28
CONT-17BBA9B7,SESS-457AA5D6,Password Reset,Travel,Web,de,17,0,1,1.6,Tier1-Support,1060,0.872,0.4448,2026-03-29T16:53:48
CONT-8D45FCDC,SESS-423DF9A0,Order Status,Travel,IVR,en,10,0,0,,,561,0.5328,0.3931,2026-03-26T02:38:17
CONT-602308F1,SESS-701F82E9,General Inquiry,Travel,Mobile App,en,15,1,0,,,601,0.8896,0.8358,2026-04-03T18:32:16
CONT-F2B8DB1E,SESS-8071F5A2,Subscription Management,Retail,Partner API,fr,8,1,0,2.9,,155,0.2814,0.5866,2026-03-25T12:33:53
CONT-02B5DABA,SESS-B10D20A4,Billing Inquiry,Financial Services,Web,en,20,1,0,,,2209,0.8023,0.8009,2026-03-19T16:10:02
CONT-9175AA3E,SESS-D6CA8EA9,Order Status,Retail,Web,ja,16,0,1,2.3,Billing-Ops,1029,0.4846,0.3318,2026-03-29T03:15:49
CONT-50FE4E02,SESS-8654E838,Account Management,Technology,Partner API,en,14,1,0,2.4,,974,0.755,0.746,2026-03-27T06:22:16
CONT-FC7D29A9,SESS-23A6F001,Loyalty Program,Healthcare,Web,en,19,0,0,2.1,,328,0.9849,0.52,2026-03-28T21:43:39
CONT-6030A65E,SESS-52007525,Subscription Management,Healthcare,Kiosk,en,3,0,0,,,147,0.6208,0.4283,2026-04-05T12:34:11
CONT-8B7D5EC6,SESS-A34271E6,Password Reset,Technology,Kiosk,en,12,1,0,4.0,,427,0.297,0.6588,2026-03-13T14:39:25
CONT-B26BF1F3,SESS-BF6D4891,Order Status,Retail,Partner API,en,19,1,0,2.0,,1212,0.7524,0.721,2026-04-04T16:25:55
CONT-3B3A17AE,SESS-4A758891,Account Management,Financial Services,Partner API,en,15,1,0,1.7,,596,0.9557,0.7843,2026-03-07T19:03:17
CONT-14CCD884,SESS-1849223C,Billing Inquiry,Retail,Mobile App,pt,1,1,0,1.8,,19,0.5806,0.6402,2026-03-27T00:50:14
CONT-ED395817,SESS-A614A5C3,General Inquiry,Healthcare,Partner API,en,5,1,0,,,134,0.6442,0.7377,2026-03-30T02:09:03
CONT-E1C0B266,SESS-C29CCC0D,Returns & Refunds,Healthcare,IVR,en,10,1,0,,,465,0.786,0.7944,2026-04-03T18:45:57
CONT-C35955FD,SESS-83B6A2AE,Technical Troubleshooting,Healthcare,Partner API,fr,14,1,0,5.0,,508,0.5245,0.8098,2026-03-26T12:12:37
CONT-D451228D,SESS-CF484180,Returns & Refunds,Retail,Mobile App,ja,3,1,0,,,368,1.0,0.88,2026-03-11T09:02:02
CONT-E6FF5900,SESS-BA9AB5BB,General Inquiry,Travel,Kiosk,en,6,1,0,3.3,,292,0.5486,0.7174,2026-03-17T08:22:51
CONT-2A4846F9,SESS-179C3281,Product Support,Healthcare,IVR,en,1,1,0,3.6,,108,0.4106,0.6802,2026-03-25T00:48:40
CONT-181EBE73,SESS-F7DBB8DE,Returns & Refunds,Technology,Web,en,2,1,0,1.4,,73,0.5608,0.6083,2026-04-02T23:17:36
CONT-7DBE5E64,SESS-594A9447,Loyalty Program,Retail,IVR,fr,6,1,0,,,133,0.644,0.7376,2026-04-05T03:26:32
CONT-FDA4A257,SESS-D128815B,Password Reset,Technology,IVR,pt,7,0,1,1.9,Tier1-Support,186,0.7025,0.395,2026-04-02T17:56:28
CONT-FF6A346C,SESS-9E9FCA02,Technical Troubleshooting,Travel,Partner API,en,17,1,0,3.3,,772,0.5757,0.7283,2026-03-22T00:58:39
CONT-25A979B5,SESS-E946237C,Product Support,Healthcare,IVR,fr,4,0,1,,Billing-Ops,143,0.6538,0.4415,2026-03-20T02:06:55
CONT-256315E2,SESS-FE445B30,Password Reset,Retail,Web,en,14,1,0,2.1,,1017,0.6703,0.6941,2026-03-18T13:54:51
CONT-E3C10C4D,SESS-F2EA1924,Billing Inquiry,Retail,IVR,en,1,1,0,,,73,0.8172,0.8069,2026-03-10T10:07:58
CONT-ABFB3C50,SESS-F81507B5,Technical Troubleshooting,Retail,Partner API,en,13,0,0,,,818,0.9776,0.571,2026-03-20T16:27:01
CONT-FB959790,SESS-47026B90,Returns & Refunds,Travel,Partner API,zh,20,0,0,,,456,0.6054,0.4222,2026-03-15T06:40:17
CONT-7C8F053F,SESS-73C9DBD6,Returns & Refunds,Retail,Web,en,12,1,0,,,1545,0.6485,0.7394,2026-03-18T13:28:00
CONT-F371D2A0,SESS-403D6567,Password Reset,Travel,Web,en,5,1,0,1.1,,41,0.6594,0.6298,2026-03-24T12:17:04
CONT-4AA4EEF8,SESS-1AB9641F,Order Status,Travel,IVR,en,5,1,0,,,242,0.1766,0.5506,2026-04-04T11:00:41
CONT-4DAA2DCC,SESS-6FB9C026,General Inquiry,Retail,Mobile App,fr,17,1,0,1.3,,1691,0.5573,0.6009,2026-04-02T20:41:14
CONT-FA2F1D04,SESS-D8D6C882,Returns & Refunds,Retail,Web,fr,9,0,0,,,489,0.6548,0.4419,2026-03-19T06:09:55
CONT-01AB0A6A,SESS-0C2B74A9,Product Support,Financial Services,IVR,en,7,1,0,1.6,,144,0.4859,0.5904,2026-03-20T13:20:23
CONT-73F4067D,SESS-DF100980,Product Support,Healthcare,IVR,en,5,0,1,1.6,Billing-Ops,127,0.9171,0.4628,2026-03-18T21:24:41
CONT-D77DB9E3,SESS-2C204317,Returns & Refunds,Financial Services,Mobile App,es,2,1,0,3.7,,81,0.5956,0.7602,2026-03-15T17:58:35
CONT-4043E5E0,SESS-43559D71,Product Support,Technology,Kiosk,en,16,1,0,4.7,,408,0.9392,0.9577,2026-04-01T14:46:49
CONT-D5E666C9,SESS-57A96DE2,Returns & Refunds,Healthcare,Web,fr,8,0,1,4.5,Tier1-Support,860,0.9369,0.6448,2026-04-01T00:39:07
CONT-8388F7D5,SESS-CA92530E,Billing Inquiry,Travel,Mobile App,en,5,1,0,1.7,,300,0.758,0.7052,2026-03-28T05:31:10
CONT-18FBD5EE,SESS-6A1BD875,Technical Troubleshooting,Travel,IVR,en,5,1,0,1.6,,107,0.6508,0.6563,2026-03-17T16:45:15
CONT-BA7BA703,SESS-FD4EBAA1,Password Reset,Healthcare,Partner API,en,1,1,0,3.4,,29,0.3349,0.638,2026-03-26T18:46:52
CONT-1040AA48,SESS-B43DE5EF,Password Reset,Travel,Kiosk,de,9,1,0,,,758,0.5608,0.7043,2026-04-04T20:09:28
CONT-9DA05D20,SESS-33FC32C2,Returns & Refunds,Healthcare,Kiosk,en,20,1,0,1.9,,1832,0.8763,0.7645,2026-03-14T03:03:59
CONT-E60A79C7,SESS-340AD9C0,Loyalty Program,Financial Services,Mobile App,fr,7,1,0,,,437,0.8226,0.809,2026-03-17T08:23:38
CONT-308BFF64,SESS-0A31C4BF,Password Reset,Healthcare,Kiosk,zh,15,1,0,4.5,,463,1.0,0.97,2026-03-30T21:54:03
CONT-B017D2F9,SESS-F2B701D8,Technical Troubleshooting,Retail,Mobile App,pt,7,1,0,,,321,0.7604,0.7842,2026-03-25T21:40:18
CONT-2986C445,SESS-514C371A,Order Status,Retail,Mobile App,de,14,1,0,3.8,,423,0.5138,0.7335,2026-04-05T20:58:13
CONT-D3298458,SESS-09C659C7,Password Reset,Healthcare,IVR,en,16,0,1,,Tier1-Support,952,0.7435,0.4774,2026-04-02T05:02:12
CONT-69DC1146,SESS-2D6BE9AF,Order Status,Financial Services,Mobile App,en,6,1,0,2.5,,167,0.4123,0.6149,2026-03-07T19:56:18
CONT-4FB99958,SESS-CBBF0BEC,Order Status,Healthcare,Partner API,en,2,1,0,,,41,0.9392,0.8557,2026-03-19T15:21:46
CONT-0E0C573F,SESS-E247633B,Billing Inquiry,Financial Services,IVR,en,5,0,1,1.5,Tier1-Support,154,0.6322,0.3429,2026-03-29T02:12:52
CONT-FED31011,SESS-6E77EAAA,Loyalty Program,Financial Services,Mobile App,es,2,1,0,,,213,0.4756,0.6702,2026-03-26T02:53:18
CONT-BB043483,SESS-B23DEF18,Loyalty Program,Technology,IVR,en,16,0,1,,Tech-Escalation,462,0.5462,0.3985,2026-04-02T09:43:55
CONT-3FD04654,SESS-2BD71765,Subscription Management,Financial Services,Partner API,es,17,1,0,,,2006,1.0,0.88,2026-03-27T20:03:31
CONT-DA556B46,SESS-A73C8F60,Billing Inquiry,Travel,Mobile App,es,11,1,0,1.3,,771,0.8567,0.7207,2026-03-07T20:58:33
CONT-7D9DCD41,SESS-A811A0FF,General Inquiry,Travel,Kiosk,en,7,1,0,,,220,1.0,0.88,2026-03-07T16:34:06
CONT-11C5D661,SESS-029CB190,General Inquiry,Financial Services,Mobile App,pt,12,0,1,,Tech-Escalation,629,0.8706,0.5282,2026-03-31T07:17:07
CONT-94BC90D7,SESS-5F0DF706,Subscription Management,Financial Services,Mobile App,en,3,1,0,4.0,,125,0.6464,0.7986,2026-03-26T05:45:21
CONT-FBB300D0,SESS-89FB7AF3,Technical Troubleshooting,Financial Services,Mobile App,en,20,1,0,,,2424,0.8079,0.8032,2026-04-05T13:41:00
CONT-6C1BCE5E,SESS-7F9FADCE,Billing Inquiry,Travel,IVR,en,4,1,0,,,427,0.7511,0.7804,2026-03-25T16:57:40
CONT-7A01B546,SESS-265CE0A0,Returns & Refunds,Technology,Kiosk,es,5,0,1,,General-Service,134,0.5833,0.4133,2026-04-03T06:08:30
CONT-3CA68666,SESS-E66E6647,Subscription Management,Travel,Web,en,1,0,1,,Billing-Ops,47,0.5747,0.4099,2026-03-27T04:54:27
CONT-A2E4D364,SESS-7727A72D,Account Management,Travel,Partner API,fr,18,1,0,1.8,,414,0.9403,0.7841,2026-04-03T08:10:54
CONT-1717CF1E,SESS-36BF96B0,Order Status,Healthcare,Partner API,en,4,1,0,4.9,,128,0.7276,0.885,2026-03-17T07:46:29
CONT-ABFB3C50,SESS-1B48C4EB,Loyalty Program,Travel,Partner API,en,6,1,0,,,320,0.5824,0.713,2026-03-20T05:21:35
CONT-2BDA8EF3,SESS-7801635B,Loyalty Program,Financial Services,Mobile App,es,4,1,0,1.1,,426,0.4766,0.5566,2026-03-30T21:15:56
CONT-706798AF,SESS-1CF7E8B0,Loyalty Program,Travel,Mobile App,es,6,0,1,1.4,Tier1-Support,313,0.7492,0.3837,2026-03-24T13:38:08
CONT-6809D8D4,SESS-71C892CF,Billing Inquiry,Retail,IVR,zh,20,1,0,3.3,,865,0.4406,0.6742,2026-03-08T06:27:20
CONT-6AD09BC4,SESS-EB6869F5,Product Support,Retail,Partner API,en,15,1,0,,,1130,0.8487,0.8195,2026-03-27T17:10:37
CONT-330D5C0A,SESS-E5B8A1A5,Order Status,Retail,Web,en,10,1,0,,,298,0.8415,0.8166,2026-03-20T12:25:17
CONT-37E3F8B7,SESS-1E092DF5,Product Support,Financial Services,IVR,en,8,0,0,2.9,,447,0.4439,0.3516,2026-03-15T16:08:21
CONT-6EEF9E4A,SESS-AFDC7CBE,Technical Troubleshooting,Retail,IVR,pt,5,0,1,2.8,Tech-Escalation,133,0.9277,0.5391,2026-03-08T22:03:19
CONT-55F7670F,SESS-D9CB5FA3,Returns & Refunds,Healthcare,Kiosk,en,3,1,0,4.2,,161,0.5871,0.7868,2026-03-20T21:46:38
CONT-3499C8FE,SESS-5A63DD7F,General Inquiry,Financial Services,IVR,en,3,1,0,,,80,0.5969,0.7188,2026-03-31T21:03:19
CONT-D56F96C4,SESS-3D43BE38,Subscription Management,Financial Services,Web,pt,7,1,0,,,239,0.5308,0.6923,2026-03-22T08:18:24
CONT-E1C0B266,SESS-5447DDFC,Technical Troubleshooting,Travel,Kiosk,en,13,0,0,1.4,,204,0.928,0.4552,2026-03-17T06:40:51
CONT-A93DED69,SESS-3F4D0E63,Loyalty Program,Travel,Partner API,en,1,0,0,,,80,0.4453,0.3581,2026-04-01T05:22:15
CONT-C7783987,SESS-C3298652,Product Support,Financial Services,Mobile App,es,11,1,0,,,533,0.5196,0.6878,2026-03-20T06:43:43
CONT-4DBE01EF,SESS-E2799BA8,Product Support,Financial Services,Mobile App,fr,5,0,0,,,191,0.631,0.4324,2026-03-19T13:13:18
CONT-BB7528BA,SESS-94FC17F4,Returns & Refunds,Financial Services,Mobile App,ja,12,1,0,,,414,1.0,0.88,2026-03-23T09:10:54
CONT-35F1E09A,SESS-D1729B99,Password Reset,Technology,IVR,en,13,0,1,,Tier1-Support,446,0.5383,0.3953,2026-03-30T14:11:44
CONT-2DB4BB1A,SESS-D0225175,Order Status,Healthcare,Mobile App,en,18,1,0,3.1,,509,0.9088,0.8495,2026-03-31T20:28:33
CONT-331E14F4,SESS-759AA8D6,Order Status,Travel,Web,en,4,1,0,,,66,0.5475,0.699,2026-03-25T22:07:50
CONT-415CBAED,SESS-4C2DABB5,Loyalty Program,Retail,Mobile App,fr,13,1,0,2.9,,1384,0.7488,0.7735,2026-04-03T03:43:16
CONT-527DC99D,SESS-B1A772FC,Billing Inquiry,Retail,IVR,fr,14,1,0,3.8,,702,1.0,0.928,2026-03-12T13:26:19
CONT-62A47F11,SESS-908B224A,Returns & Refunds,Technology,IVR,pt,18,1,0,2.8,,932,0.5584,0.6914,2026-03-27T16:03:19
CONT-810F1F71,SESS-7F766F1C,Subscription Management,Travel,Mobile App,ja,12,1,0,4.9,,452,0.4729,0.7832,2026-03-15T21:11:20
CONT-2194FF23,SESS-A9A960A7,Product Support,Technology,IVR,es,14,1,0,5.0,,1329,0.8149,0.926,2026-04-02T10:42:38
CONT-E098BB63,SESS-41C77F55,Technical Troubleshooting,Healthcare,Kiosk,en,8,1,0,3.7,,702,0.9426,0.899,2026-03-15T07:40:29
CONT-9494C3A4,SESS-92AB7DC3,Account Management,Retail,Mobile App,en,13,1,0,,,453,0.511,0.6844,2026-03-14T17:31:11
CONT-6818B880,SESS-DA3A40B7,Loyalty Program,Retail,Mobile App,en,9,0,1,2.7,Tech-Escalation,390,0.5254,0.3722,2026-03-18T00:49:09
CONT-61000F42,SESS-09B91DF4,Technical Troubleshooting,Financial Services,Web,es,2,1,0,4.3,,98,0.9264,0.9286,2026-03-13T12:42:18
CONT-D3298458,SESS-D35C18AE,Password Reset,Technology,Partner API,en,2,1,0,,,80,0.73,0.772,2026-03-09T09:02:33
CONT-4C330B33,SESS-BBB027A7,Account Management,Healthcare,Mobile App,en,16,1,0,3.9,,676,0.8605,0.8782,2026-03-11T11:15:57
CONT-13868820,SESS-6DA5DB26,Billing Inquiry,Healthcare,Mobile App,en,17,1,0,,,509,0.2607,0.5843,2026-04-03T16:07:28
CONT-1F029345,SESS-2F3DD748,Technical Troubleshooting,Healthcare,Kiosk,en,14,1,0,3.2,,830,0.8976,0.851,2026-03-09T11:10:42
CONT-81CB18D0,SESS-F762F953,Order Status,Retail,Partner API,en,10,1,0,2.7,,584,0.572,0.6908,2026-03-28T20:14:33
CONT-2FFD4540,SESS-344F9849,Subscription Management,Healthcare,IVR,en,20,1,0,3.7,,452,0.7989,0.8416,2026-03-27T11:28:54
CONT-3F9236EF,SESS-ADB8578F,Billing Inquiry,Technology,Kiosk,en,13,1,0,4.7,,632,0.6748,0.8519,2026-03-16T13:26:32
CONT-E98BE0CA,SESS-26A4DF37,Account Management,Healthcare,Mobile App,fr,3,1,0,,,400,0.5106,0.6842,2026-03-14T00:17:41
CONT-9899E088,SESS-8F860474,Loyalty Program,Technology,IVR,pt,17,1,0,,,2204,0.7064,0.7626,2026-03-08T07:18:25
CONT-7A62DE92,SESS-6A44D9FC,General Inquiry,Travel,Kiosk,en,12,0,1,,Tech-Escalation,178,0.6642,0.4457,2026-03-30T01:11:54
CONT-EBC4CB03,SESS-C33B18E5,Order Status,Financial Services,Partner API,de,4,0,1,4.8,Billing-Ops,317,0.627,0.5388,2026-03-17T09:31:15
CONT-394E74FB,SESS-7446B80F,Account Management,Technology,Mobile App,en,16,1,0,,,295,0.6671,0.7468,2026-03-08T21:27:34
CONT-AF2CB5A2,SESS-D6E61BE2,Password Reset,Retail,IVR,en,8,1,0,,,213,0.7984,0.7994,2026-04-02T01:44:34
CONT-E423B36F,SESS-41C11E59,Order Status,Retail,IVR,de,15,1,0,,,1066,0.4887,0.6755,2026-04-05T10:19:28
CONT-94A15F1C,SESS-C6D7E413,Returns & Refunds,Technology,IVR,en,11,1,0,4.0,,321,0.8513,0.8805,2026-04-04T08:18:59
CONT-DBDAFACB,SESS-0DB02B7B,Returns & Refunds,Travel,Mobile App,zh,9,1,0,3.6,,240,0.4836,0.7094,2026-03-25T20:56:25
CONT-240FBB65,SESS-1218A198,Technical Troubleshooting,Travel,Web,en,18,1,0,4.5,,396,0.7704,0.8782,2026-03-27T05:16:02
CONT-56569C5C,SESS-4BFB04EA,Product Support,Financial Services,Kiosk,en,11,1,0,,,591,0.5632,0.7053,2026-03-12T05:00:56
CONT-2B7A3B25,SESS-04422DD8,Returns & Refunds,Healthcare,Web,en,20,0,0,,,896,1.0,0.58,2026-03-18T07:23:38
CONT-CF9F00E0,SESS-237676F2,Account Management,Travel,Web,es,13,1,0,,,323,0.3097,0.6039,2026-03-27T04:43:22
CONT-58D0CB1E,SESS-D789FF65,Order Status,Retail,Mobile App,pt,7,0,0,,,411,0.6779,0.4512,2026-03-15T09:03:36
CONT-A99BA6F4,SESS-D5DBD026,Account Management,Healthcare,Mobile App,en,13,1,0,,,379,0.8304,0.8122,2026-03-25T04:18:40
CONT-90751BFA,SESS-EB67F786,Loyalty Program,Retail,IVR,en,9,1,0,,,665,0.2583,0.5833,2026-03-22T22:30:03
CONT-61000F42,SESS-F1B366DD,Product Support,Travel,IVR,en,11,1,0,2.4,,332,1.0,0.844,2026-03-29T15:18:36
CONT-38329484,SESS-D7C26000,Account Management,Technology,Partner API,en,4,1,0,3.4,,253,0.8352,0.8381,2026-03-08T10:00:18
CONT-D135EEC8,SESS-629CE6AD,Account Management,Travel,Web,en,15,1,0,,,1355,0.7034,0.7614,2026-03-14T12:57:00
CONT-CDEEF082,SESS-A3059FAA,General Inquiry,Travel,Mobile App,pt,9,1,0,3.8,,648,0.8436,0.8654,2026-03-10T05:58:40
CONT-0053BA16,SESS-3091836D,Password Reset,Retail,IVR,en,20,1,0,,,1235,0.6356,0.7342,2026-03-07T21:17:54
CONT-C778BC11,SESS-004665B5,Account Management,Financial Services,Web,es,15,1,0,4.0,,743,0.5823,0.7729,2026-03-27T10:59:59
CONT-01391CBE,SESS-29068519,Password Reset,Retail,Kiosk,es,14,1,0,,,630,0.4663,0.6665,2026-03-23T13:37:25
CONT-1BBAEDE5,SESS-27F76920,Billing Inquiry,Financial Services,Kiosk,en,5,1,0,2.4,,139,0.6435,0.7014,2026-03-13T19:56:32
CONT-FC7D278B,SESS-E16F86AA,Technical Troubleshooting,Retail,IVR,fr,5,1,0,1.7,,126,0.599,0.6416,2026-03-12T07:15:15
CONT-F42A1470,SESS-03FFBD0D,Returns & Refunds,Financial Services,Mobile App,fr,10,1,0,,,405,0.7805,0.7922,2026-03-30T15:01:33
CONT-15B354A7,SESS-7046F06F,Technical Troubleshooting,Retail,Mobile App,en,17,0,0,1.1,,1343,0.6072,0.3089,2026-03-20T08:22:02
CONT-97D82E62,SESS-43277CB6,Subscription Management,Financial Services,Kiosk,es,2,1,0,3.6,,199,0.8877,0.8711,2026-03-28T20:29:41
CONT-D26B7E18,SESS-8BEC6FEA,Product Support,Travel,Web,en,9,0,0,3.4,,544,0.7307,0.4963,2026-03-23T19:52:05
CONT-871A0DB6,SESS-83EDE28D,Loyalty Program,Travel,Kiosk,en,7,1,0,3.9,,378,0.9374,0.909,2026-03-15T04:12:01
CONT-E2F07214,SESS-5B4282E1,Order Status,Retail,Mobile App,zh,10,1,0,,,931,0.967,0.8668,2026-03-29T15:05:42
CONT-FE6B157D,SESS-9AFF9CF0,Billing Inquiry,Travel,Mobile App,es,5,0,1,,Tech-Escalation,229,0.811,0.5044,2026-03-14T22:44:45
CONT-31765127,SESS-7FE7CCD6,Product Support,Travel,Mobile App,en,3,1,0,,,300,0.5753,0.7101,2026-03-17T21:53:06
CONT-976E5B14,SESS-201C5298,Billing Inquiry,Healthcare,Kiosk,en,19,1,0,4.5,,701,0.7032,0.8513,2026-03-07T09:56:48
CONT-10D3F9C8,SESS-AA07887E,General Inquiry,Travel,Partner API,es,8,0,1,1.1,Tier1-Support,613,0.883,0.4192,2026-03-22T06:00:05
CONT-122BB387,SESS-E5D5702A,Order Status,Travel,Kiosk,de,10,0,1,2.1,Tier1-Support,389,0.3983,0.2853,2026-03-13T07:33:45
CONT-0E821DC5,SESS-50715ED2,General Inquiry,Travel,Mobile App,en,17,1,0,,,880,0.5163,0.6865,2026-03-10T17:21:22
CONT-E9725B5E,SESS-F6F28374,Password Reset,Healthcare,Partner API,ja,9,1,0,2.7,,164,0.4472,0.6409,2026-03-20T15:30:51
CONT-E1A8A078,SESS-ABD244FD,Password Reset,Financial Services,Web,de,19,0,1,,General-Service,1033,0.9722,0.5689,2026-03-09T22:52:33
CONT-EC6A0323,SESS-B297ECAD,Subscription Management,Travel,Partner API,en,19,0,0,,,869,0.7423,0.4769,2026-03-25T07:42:27
CONT-A4D2CF5C,SESS-CF3BA44C,Loyalty Program,Retail,Web,fr,18,1,0,2.9,,1636,0.3911,0.6304,2026-03-15T08:08:02
CONT-811BA4A1,SESS-9FCAF903,Billing Inquiry,Travel,IVR,ja,2,1,0,,,122,0.6977,0.7591,2026-03-31T10:43:08
CONT-9B6D2E67,SESS-FEA26318,Loyalty Program,Travel,Web,en,12,1,0,2.7,,753,0.6033,0.7033,2026-03-24T23:33:28
CONT-CC4FC211,SESS-F7204791,Returns & Refunds,Retail,Web,fr,14,1,0,2.6,,383,0.7281,0.7472,2026-03-29T01:38:50
CONT-D5FCFE79,SESS-C6FB1FA4,Password Reset,Technology,Kiosk,en,20,1,0,2.0,,2404,0.8722,0.7689,2026-03-17T04:43:04
CONT-7DC4E7E8,SESS-1FE5E392,Billing Inquiry,Technology,Web,de,18,1,0,4.5,,593,0.4318,0.7427,2026-03-15T08:35:45
CONT-183AC109,SESS-EBE5488E,Billing Inquiry,Travel,Kiosk,en,19,1,0,,,309,0.9632,0.8653,2026-03-08T05:02:11
CONT-58C12708,SESS-5499AFE8,Returns & Refunds,Travel,Mobile App,en,19,1,0,3.2,,478,0.6349,0.746,2026-03-29T17:27:11
CONT-256315E2,SESS-CC207957,Billing Inquiry,Technology,IVR,fr,4,1,0,4.0,,395,0.3772,0.6909,2026-03-11T12:58:52
CONT-7F4EB2A1,SESS-66073F12,Account Management,Travel,Mobile App,en,16,0,1,2.6,Tech-Escalation,1751,0.6493,0.4157,2026-03-29T23:29:17
CONT-0F1AF68D,SESS-C22492DB,General Inquiry,Healthcare,Kiosk,en,19,0,0,3.2,,426,0.6505,0.4522,2026-03-22T05:18:03
CONT-278A31ED,SESS-5B26332D,Password Reset,Technology,IVR,zh,8,1,0,,,231,0.7882,0.7953,2026-03-30T13:07:37
CONT-D0DBD1BB,SESS-2FCE2823,Technical Troubleshooting,Travel,Web,en,7,1,0,1.5,,212,0.3177,0.5171,2026-03-12T16:36:30
CONT-D5DE4707,SESS-770DF2B2,Technical Troubleshooting,Retail,Web,en,20,1,0,,,783,0.4287,0.6515,2026-04-04T15:07:41
CONT-52A9CF20,SESS-7DA51EDB,Product Support,Healthcare,Partner API,pt,14,0,1,,Billing-Ops,707,0.4626,0.365,2026-03-22T20:10:45
CONT-AF96AF85,SESS-D8C1A9FC,Account Management,Technology,IVR,de,3,0,1,,Tech-Escalation,100,0.7365,0.4746,2026-03-23T13:48:34
CONT-518322B2,SESS-8A72A7D9,General Inquiry,Financial Services,Partner API,en,12,1,0,1.9,,472,0.7501,0.714,2026-03-21T16:29:56
CONT-181EBE73,SESS-44BB896B,Order Status,Healthcare,Kiosk,de,18,1,0,2.5,,1210,0.4684,0.6374,2026-03-16T07:54:11
CONT-11C5D661,SESS-F70DE71D,Account Management,Retail,Mobile App,de,8,1,0,4.5,,344,0.0341,0.5836,2026-03-23T16:51:47
CONT-1756AFC1,SESS-D81C08DB,Account Management,Travel,Web,en,18,1,0,4.8,,933,0.6398,0.8439,2026-03-29T02:34:16
CONT-4A23F421,SESS-FC84F459,Loyalty Program,Financial Services,Mobile App,fr,17,0,0,3.9,,421,0.7631,0.5392,2026-03-26T05:59:05
CONT-D0C44A8E,SESS-73ECC40D,Technical Troubleshooting,Healthcare,IVR,en,8,0,1,5.0,General-Service,722,0.6048,0.5419,2026-04-03T02:55:46
CONT-D560A923,SESS-A2E7CDA8,Password Reset,Healthcare,Mobile App,en,15,1,0,,,380,0.733,0.7732,2026-04-04T21:38:24
CONT-15378D97,SESS-D07C763A,Product Support,Healthcare,Kiosk,en,4,1,0,,,80,0.5679,0.7072,2026-04-05T13:30:47
CONT-294C57BC,SESS-89ED864E,Password Reset,Travel,Kiosk,en,9,0,1,2.3,General-Service,837,0.7124,0.423,2026-03-27T05:55:52
CONT-573408E8,SESS-FA7BB048,Returns & Refunds,Travel,Mobile App,en,6,1,0,,,86,0.3406,0.6162,2026-03-15T05:09:27
CONT-C20D74A5,SESS-605B6A02,Loyalty Program,Financial Services,Mobile App,en,5,0,1,4.6,Tier1-Support,246,0.8725,0.625,2026-03-13T14:52:09
CONT-7797177D,SESS-19613608,General Inquiry,Healthcare,Mobile App,es,4,1,0,4.9,,67,0.7899,0.91,2026-03-12T04:43:43
CONT-2518AAAA,SESS-9868959F,Product Support,Financial Services,Partner API,en,10,1,0,3.4,,993,1.0,0.904,2026-03-09T23:54:55
CONT-E0D22B18,SESS-7D218996,General Inquiry,Healthcare,Web,en,16,1,0,,,872,0.8014,0.8006,2026-03-11T17:42:46
CONT-462DC4F8,SESS-B39DBD83,Product Support,Travel,Mobile App,en,19,1,0,,,236,1.0,0.88,2026-03-07T07:05:42
CONT-50B40843,SESS-9C4C821A,Subscription Management,Technology,Web,es,6,1,0,1.3,,189,0.5133,0.5833,2026-03-27T02:26:17
CONT-C4E7B808,SESS-8FEC42FE,General Inquiry,Financial Services,Kiosk,es,18,1,0,1.6,,690,1.0,0.796,2026-03-29T22:01:56
CONT-B2D0F776,SESS-7A3A93C0,Subscription Management,Technology,Partner API,en,1,1,0,1.5,,168,0.7251,0.68,2026-03-30T13:48:51
CONT-8BA07529,SESS-511BE8AF,Loyalty Program,Financial Services,Web,es,5,1,0,3.9,,406,0.7086,0.8174,2026-03-09T16:44:02
CONT-A70BAE7F,SESS-C00DD58D,Loyalty Program,Healthcare,IVR,en,18,1,0,,,431,0.9953,0.8781,2026-03-24T18:07:48
CONT-1AD5DDAC,SESS-00861330,Password Reset,Technology,Mobile App,es,12,1,0,1.8,,369,1.0,0.808,2026-03-11T05:41:53
CONT-240FBB65,SESS-AA24B7AE,Order Status,Healthcare,Kiosk,es,6,1,0,,,584,0.8228,0.8091,2026-03-20T07:21:40
CONT-D379A0F0,SESS-910616A6,Subscription Management,Healthcare,Kiosk,zh,4,0,1,,Tech-Escalation,535,1.0,0.58,2026-03-25T17:57:47
CONT-9E5D752C,SESS-7958BCDF,Order Status,Technology,Partner API,en,8,1,0,3.5,,321,0.5382,0.7253,2026-03-08T15:56:08
CONT-E9465AE1,SESS-2A0466C4,Returns & Refunds,Technology,Web,de,10,1,0,2.8,,146,1.0,0.868,2026-03-21T10:29:27
CONT-D13B80D2,SESS-38996F1B,Password Reset,Financial Services,Kiosk,fr,17,1,0,4.0,,583,0.927,0.9108,2026-03-12T06:39:48
CONT-C75E13B3,SESS-BFCBA29C,Password Reset,Travel,Partner API,es,4,1,0,3.4,,114,1.0,0.904,2026-03-08T01:49:34
CONT-9DBD5A00,SESS-DEED6F5B,Returns & Refunds,Travel,Web,en,6,1,0,1.3,,176,0.4617,0.5627,2026-03-14T20:53:17
CONT-554E9FDC,SESS-EBAA4171,Technical Troubleshooting,Retail,IVR,es,7,1,0,,,276,0.5936,0.7174,2026-03-18T14:19:32
CONT-68D85989,SESS-ACF0D53C,Account Management,Healthcare,Web,fr,13,1,0,4.4,,831,0.6897,0.8399,2026-03-16T09:59:02
CONT-844296C1,SESS-AB4F33B1,Product Support,Travel,Web,es,19,1,0,3.5,,1237,0.6418,0.7667,2026-03-10T20:42:30
CONT-736FB02A,SESS-5B65EBA9,Billing Inquiry,Retail,Mobile App,en,8,1,0,,,239,0.5833,0.7133,2026-04-05T02:35:06
CONT-FA5AAAEC,SESS-DCF95C91,Subscription Management,Technology,Web,en,19,1,0,,,2896,0.745,0.778,2026-04-04T20:02:14
CONT-03AB45E5,SESS-BFA4F84B,Loyalty Program,Retail,IVR,en,13,1,0,1.3,,176,0.596,0.6164,2026-04-02T11:46:02
CONT-7DD56E05,SESS-3678A39E,Subscription Management,Healthcare,Partner API,en,2,1,0,5.0,,94,1.0,1.0,2026-03-12T09:18:50
CONT-6002BE35,SESS-AC659869,Product Support,Technology,Web,es,5,0,0,4.2,,414,0.5157,0.4583,2026-03-07T22:10:59
CONT-8AFA8545,SESS-C96FED00,Subscription Management,Financial Services,IVR,en,14,1,0,4.9,,2670,0.6938,0.8715,2026-03-14T06:28:19
CONT-5620E539,SESS-3D6CF7BD,Returns & Refunds,Financial Services,IVR,en,14,1,0,3.0,,1321,0.469,0.6676,2026-03-20T13:55:34
CONT-C8946EE9,SESS-8D002486,Technical Troubleshooting,Healthcare,Partner API,en,4,0,1,,General-Service,42,0.4183,0.3473,2026-03-31T20:57:39
CONT-D6E6B0C5,SESS-18AFC091,Password Reset,Financial Services,IVR,en,9,1,0,4.9,,57,1.0,0.994,2026-03-31T09:06:27
CONT-DFEE8563,SESS-601B35D0,Password Reset,Retail,Kiosk,en,20,1,0,,,1016,0.5151,0.686,2026-03-30T21:58:34
CONT-70C2657E,SESS-660B6B5E,Billing Inquiry,Financial Services,Kiosk,en,8,0,1,1.3,General-Service,469,0.7379,0.3732,2026-04-04T01:35:32
CONT-D5E666C9,SESS-D246E5DF,Subscription Management,Travel,IVR,ja,9,0,0,,,583,0.9419,0.5568,2026-03-13T11:41:09
CONT-C707780F,SESS-55B42D44,Subscription Management,Retail,Web,en,3,1,0,1.6,,112,0.524,0.6056,2026-03-30T15:35:30
CONT-7CBC5696,SESS-BC106F2A,Subscription Management,Healthcare,Mobile App,es,18,1,0,2.7,,1322,0.8605,0.8062,2026-03-29T16:15:54
CONT-FED31011,SESS-052FF98E,Product Support,Technology,Kiosk,zh,6,1,0,,,284,1.0,0.88,2026-03-28T20:29:43
CONT-1040AA48,SESS-D6DCB9F9,Order Status,Retail,Web,en,5,1,0,,,171,0.52,0.688,2026-03-13T15:22:19
CONT-B1EDDD3B,SESS-D3CF0ACD,General Inquiry,Healthcare,Mobile App,en,15,0,1,1.6,General-Service,861,0.565,0.322,2026-03-26T11:02:23
CONT-3EF8247E,SESS-284E559B,Returns & Refunds,Technology,Partner API,es,10,1,0,,,601,0.5334,0.6934,2026-03-22T07:25:38
CONT-81CB18D0,SESS-7B744122,Returns & Refunds,Retail,Mobile App,en,1,1,0,,,35,1.0,0.88,2026-03-09T03:40:59
CONT-CB9E6681,SESS-72AD78A4,Product Support,Travel,IVR,en,10,1,0,,,350,0.5402,0.6961,2026-03-24T05:16:47
CONT-B2F53CEB,SESS-5B487676,Subscription Management,Retail,Partner API,en,3,1,0,1.1,,270,0.4898,0.5619,2026-04-02T22:04:43
CONT-398E03EA,SESS-BDC5BD18,Account Management,Technology,Kiosk,de,12,1,0,3.6,,353,0.8153,0.8421,2026-03-17T13:19:33
CONT-5B2120A3,SESS-476571B8,Product Support,Technology,Mobile App,zh,16,1,0,,,1255,0.9441,0.8576,2026-03-21T06:25:50
CONT-DFF515E2,SESS-D477ABC0,Product Support,Financial Services,IVR,en,6,1,0,,,171,0.8192,0.8077,2026-03-25T21:18:26
CONT-F88F4B73,SESS-A1E7C40E,Product Support,Healthcare,Web,en,17,0,1,,Tech-Escalation,574,0.5789,0.4116,2026-03-24T07:22:36
CONT-3F13EAB9,SESS-8BD622B7,Password Reset,Retail,Mobile App,en,1,1,0,1.2,,92,0.5901,0.608,2026-03-22T22:29:07
CONT-94AFE11B,SESS-388EC0CA,Returns & Refunds,Retail,Web,en,10,0,1,2.3,Billing-Ops,528,0.7311,0.4304,2026-03-20T22:16:18
CONT-E449DC9B,SESS-90F0504B,Account Management,Travel,IVR,es,4,1,0,4.9,,94,0.8932,0.9513,2026-03-24T22:49:36
CONT-BD94AB84,SESS-609A5C1B,Password Reset,Healthcare,IVR,zh,9,1,0,,,563,0.3027,0.6011,2026-03-19T00:30:37
CONT-1D08D422,SESS-E5063641,General Inquiry,Financial Services,Web,en,4,1,0,,,211,0.5454,0.6982,2026-03-20T08:56:50
CONT-FDDFC276,SESS-E85177D6,Account Management,Healthcare,Mobile App,en,10,1,0,,,863,0.4109,0.6444,2026-03-10T14:55:05
CONT-5395208F,SESS-025BFC4A,Subscription Management,Retail,Web,es,5,0,1,4.6,General-Service,180,0.7724,0.585,2026-03-30T22:21:19
CONT-64649E09,SESS-09FC3201,General Inquiry,Travel,Mobile App,en,5,1,0,4.6,,230,0.8526,0.917,2026-03-11T17:17:43
CONT-1B876B9C,SESS-23767E6B,Loyalty Program,Retail,Kiosk,en,2,1,0,2.6,,35,1.0,0.856,2026-04-03T02:38:53
CONT-B195669F,SESS-39FAA102,Billing Inquiry,Healthcare,IVR,es,4,1,0,1.9,,245,0.9719,0.8028,2026-03-25T12:26:02
CONT-0FC9F9CF,SESS-E62BD37C,Password Reset,Healthcare,IVR,en,3,0,0,2.7,,226,0.6977,0.4411,2026-03-07T13:47:29
CONT-69896665,SESS-A4EC38A6,Returns & Refunds,Healthcare,Kiosk,pt,3,1,0,3.6,,62,0.5873,0.7509,2026-03-18T01:01:12
CONT-5B886503,SESS-FEF71B31,Account Management,Healthcare,Web,en,17,1,0,,,1972,0.9771,0.8708,2026-04-01T06:37:06
CONT-ADBB79C4,SESS-FB7DA29F,Order Status,Healthcare,Kiosk,es,4,1,0,3.3,,123,0.1363,0.5525,2026-03-11T01:41:41
CONT-E8C2470E,SESS-E7394427,Billing Inquiry,Financial Services,Web,en,19,1,0,,,747,0.6425,0.737,2026-03-23T06:20:34
CONT-D21F2B0F,SESS-23E85D3E,Product Support,Healthcare,Web,en,14,1,0,4.8,,538,0.8057,0.9103,2026-03-09T04:46:35
CONT-64996B93,SESS-96B55056,Loyalty Program,Healthcare,IVR,en,2,1,0,1.0,,151,0.8981,0.7192,2026-03-14T09:23:28
CONT-EEDDB97E,SESS-EC308E97,Loyalty Program,Healthcare,Kiosk,en,3,1,0,1.1,,175,0.3398,0.5019,2026-03-24T09:59:00
CONT-2D191E5A,SESS-E1A1EF2E,Product Support,Technology,Web,de,11,1,0,3.9,,400,1.0,0.934,2026-03-29T12:15:24
CONT-6F607AF5,SESS-C2BA91D7,Password Reset,Retail,Kiosk,en,2,1,0,,,111,0.7736,0.7894,2026-04-01T07:31:34
CONT-4778D936,SESS-BB94B975,Password Reset,Technology,Kiosk,es,17,1,0,,,942,0.7831,0.7932,2026-03-08T05:29:43
CONT-E51D3A7C,SESS-ED194588,Returns & Refunds,Travel,Kiosk,en,1,1,0,4.9,,10,0.6521,0.8548,2026-03-31T08:46:20
CONT-450D1E7E,SESS-CB34A58D,Returns & Refunds,Technology,Kiosk,zh,7,1,0,3.2,,305,0.9563,0.8745,2026-03-12T02:54:35
CONT-16DBA9B5,SESS-B06FF304,Product Support,Financial Services,Web,en,18,1,0,2.7,,827,0.3707,0.6103,2026-03-31T11:25:56
CONT-2102D627,SESS-8007DD18,Product Support,Travel,Kiosk,en,18,1,0,3.3,,1041,0.5392,0.7137,2026-04-04T22:50:27
CONT-BC6BCCB9,SESS-B8A2A49E,Technical Troubleshooting,Financial Services,IVR,en,16,0,0,,,344,0.5332,0.3933,2026-04-01T10:15:17
CONT-32B1CA87,SESS-1E4F1C77,Returns & Refunds,Healthcare,Mobile App,de,5,1,0,,,309,0.9518,0.8607,2026-04-02T06:32:12
CONT-A45D3573,SESS-BE0581AE,Billing Inquiry,Technology,Web,es,20,1,0,,,1194,0.8264,0.8106,2026-03-18T22:47:29
CONT-C3CE03A5,SESS-E8719B55,Technical Troubleshooting,Technology,Web,en,3,1,0,,,178,0.7203,0.7681,2026-03-07T08:24:30
CONT-B9677E57,SESS-A111360B,Password Reset,Healthcare,Partner API,es,4,1,0,3.5,,271,0.2162,0.5965,2026-04-05T20:23:24
CONT-4FD90624,SESS-CC5632FE,Subscription Management,Retail,Web,es,16,1,0,2.8,,764,0.491,0.6644,2026-03-11T12:37:59
CONT-8D30B623,SESS-BA6081ED,Technical Troubleshooting,Healthcare,IVR,en,7,1,0,,,628,0.6706,0.7482,2026-03-27T04:43:39
CONT-C25F08D5,SESS-17D8F7E3,Subscription Management,Travel,Web,es,11,1,0,3.5,,500,0.399,0.6696,2026-03-07T08:00:33
CONT-DBDAFACB,SESS-319CB920,Technical Troubleshooting,Retail,Partner API,es,1,1,0,4.1,,82,0.8255,0.8762,2026-03-09T23:12:22
CONT-03C53221,SESS-955F6FCC,Subscription Management,Retail,Mobile App,fr,13,1,0,4.1,,811,0.5374,0.761,2026-03-13T12:08:09
CONT-13107CB9,SESS-973E485E,Technical Troubleshooting,Retail,Web,en,12,1,0,,,337,0.7447,0.7779,2026-03-29T17:24:48
CONT-602308F1,SESS-6971F0FE,Account Management,Financial Services,Mobile App,en,6,1,0,2.9,,176,0.787,0.7888,2026-03-27T09:18:12
CONT-C575199D,SESS-DAC0B7AD,Loyalty Program,Technology,Web,en,10,0,1,3.5,Tier1-Support,122,0.6025,0.451,2026-03-07T08:56:38
CONT-59C9BE78,SESS-E1A9EC4A,Product Support,Travel,Partner API,es,16,0,0,2.4,,2101,0.7879,0.4592,2026-03-12T14:30:41
CONT-C4E9AB1F,SESS-63A1A1F9,Password Reset,Retail,Mobile App,en,10,1,0,,,494,1.0,0.88,2026-03-10T17:22:10
CONT-BB2D6E20,SESS-D412B69F,Account Management,Retail,Mobile App,es,11,1,0,1.2,,121,0.5369,0.5868,2026-04-01T22:04:53
CONT-496FF778,SESS-2FA08BCA,Order Status,Healthcare,Partner API,zh,8,1,0,,,281,0.8717,0.8287,2026-03-25T04:45:43
CONT-B3050031,SESS-25B66455,Subscription Management,Financial Services,IVR,ja,11,0,1,4.8,General-Service,831,0.5268,0.4987,2026-03-16T22:51:28
CONT-A33C66F1,SESS-842E29BB,General Inquiry,Financial Services,Kiosk,zh,3,1,0,1.5,,244,0.6193,0.6377,2026-03-27T07:39:08
CONT-ED212692,SESS-50800333,Billing Inquiry,Technology,Kiosk,pt,14,1,0,,,1294,0.4935,0.6774,2026-03-18T00:58:51
CONT-0457B228,SESS-2D6B580F,Account Management,Healthcare,Kiosk,en,13,1,0,,,539,0.602,0.7208,2026-03-20T09:29:32
CONT-53FDC395,SESS-A1AABB1C,Product Support,Technology,Partner API,en,5,1,0,4.9,,421,0.5954,0.8322,2026-03-18T23:09:38
CONT-A04A0522,SESS-69FDEB73,Order Status,Retail,Web,en,5,1,0,,,217,0.8014,0.8006,2026-03-10T12:34:17
CONT-18284F5C,SESS-B4799C37,Password Reset,Technology,Web,en,7,1,0,1.5,,434,0.8774,0.741,2026-03-30T11:20:17
CONT-DAF56607,SESS-C6C593DD,Returns & Refunds,Financial Services,Web,en,5,0,1,4.7,Billing-Ops,253,0.6164,0.5286,2026-03-28T00:55:14
CONT-8CE5BADC,SESS-5A422EFB,General Inquiry,Financial Services,IVR,en,19,1,0,4.5,,688,0.7051,0.852,2026-03-25T00:05:10
CONT-DD1BA0A7,SESS-15F6C41D,Billing Inquiry,Financial Services,Web,en,8,1,0,2.7,,415,0.6706,0.7302,2026-04-02T06:33:01
CONT-6A15AB07,SESS-5753E1F0,Subscription Management,Financial Services,Kiosk,en,4,0,0,4.5,,180,0.3965,0.4286,2026-03-25T09:21:42
CONT-5EA9EF5F,SESS-8FF864B7,Password Reset,Healthcare,Kiosk,en,16,0,0,1.5,,1067,0.7362,0.3845,2026-03-27T01:51:19
CONT-7E5BA1DB,SESS-A8FB89E7,Loyalty Program,Healthcare,Web,en,7,0,0,1.3,,570,0.7,0.358,2026-03-19T20:30:52
CONT-10B416F7,SESS-0EC7294D,Order Status,Travel,Web,en,9,0,0,1.4,,141,0.6283,0.3353,2026-03-19T08:57:05
CONT-0E21B290,SESS-9D8A6DCB,Returns & Refunds,Financial Services,Mobile App,en,19,0,0,,,753,0.8486,0.5194,2026-03-15T21:32:12
CONT-AF2CB5A2,SESS-69ACE837,Account Management,Technology,Kiosk,en,4,1,0,1.7,,51,0.7082,0.6853,2026-03-30T15:15:16
CONT-C56A12D8,SESS-36313163,Order Status,Financial Services,Partner API,ja,11,0,0,,,669,0.5677,0.4071,2026-04-03T18:37:45
CONT-FFF92BFF,SESS-4681A035,Billing Inquiry,Technology,IVR,fr,9,1,0,4.5,,420,0.5746,0.7998,2026-03-08T07:54:23
CONT-A27EF3B8,SESS-7F0C3813,General Inquiry,Travel,Partner API,ja,14,1,0,,,403,0.6183,0.7273,2026-03-10T05:12:19
CONT-59C9BE78,SESS-17940864,Product Support,Retail,Kiosk,es,18,1,0,4.5,,525,0.8367,0.9047,2026-03-29T15:04:17
CONT-35F1E09A,SESS-12A7ACA8,Returns & Refunds,Healthcare,Web,en,11,1,0,3.6,,316,0.5194,0.7238,2026-03-14T20:29:05
CONT-3EBF5882,SESS-3CE2E757,Product Support,Technology,Kiosk,en,6,0,1,,Tech-Escalation,774,0.8921,0.5368,2026-03-24T10:15:41
CONT-7C36ABA4,SESS-F40D5E16,Account Management,Financial Services,Partner API,en,7,1,0,,,102,0.547,0.6988,2026-03-20T14:14:15
CONT-9EA271CE,SESS-71D5FD71,General Inquiry,Healthcare,Mobile App,es,7,0,0,2.9,,361,0.7648,0.4799,2026-03-21T08:49:51
CONT-9BC55583,SESS-94FF2F40,Product Support,Financial Services,IVR,fr,3,1,0,2.0,,54,0.9317,0.7927,2026-03-23T16:46:25
CONT-423C6724,SESS-067B2172,Returns & Refunds,Healthcare,Kiosk,es,13,0,0,,,953,0.7964,0.4986,2026-03-31T10:18:51
CONT-7FFBDA58,SESS-F9AF0831,Technical Troubleshooting,Healthcare,Partner API,en,19,1,0,4.4,,1916,0.7905,0.8802,2026-04-01T16:48:26
CONT-538D06D2,SESS-DDD74B9F,Account Management,Financial Services,Kiosk,en,9,1,0,2.4,,526,1.0,0.844,2026-04-02T22:28:03
CONT-F2FFF453,SESS-9C0A5857,Order Status,Travel,Web,en,3,0,0,1.8,,259,0.5317,0.3207,2026-03-10T23:30:57
CONT-501012B2,SESS-616268FC,Billing Inquiry,Technology,Web,ja,15,1,0,,,980,0.5671,0.7068,2026-03-11T10:35:14
CONT-40B10F18,SESS-5F7097D9,General Inquiry,Technology,Mobile App,de,4,1,0,,,241,0.7953,0.7981,2026-04-05T04:20:29
CONT-DF983AF5,SESS-F22087DE,Order Status,Financial Services,Web,en,11,1,0,,,214,0.6756,0.7502,2026-03-31T07:14:34
CONT-EBEB2098,SESS-974AC060,Account Management,Retail,IVR,en,20,1,0,3.2,,1048,0.6127,0.7371,2026-03-10T15:59:35
CONT-C8946EE9,SESS-A164DA02,Technical Troubleshooting,Healthcare,Partner API,en,9,1,0,4.2,,485,0.8612,0.8965,2026-03-09T13:50:06
CONT-518A493E,SESS-D40E5DC7,Loyalty Program,Technology,IVR,en,17,1,0,,,746,0.7449,0.778,2026-03-17T03:19:40
CONT-343E0EA3,SESS-65C902ED,Order Status,Technology,Mobile App,en,8,1,0,4.9,,820,0.7946,0.9118,2026-03-25T16:31:37
CONT-FD62163C,SESS-A8E485DA,Subscription Management,Travel,Kiosk,en,10,1,0,,,504,0.5084,0.6834,2026-04-03T08:02:40
CONT-4A597B03,SESS-813B6128,Product Support,Retail,Kiosk,en,18,1,0,,,1203,0.766,0.7864,2026-03-17T07:25:31
CONT-17598984,SESS-7351EC41,Technical Troubleshooting,Technology,Partner API,en,6,1,0,1.2,,579,0.7094,0.6558,2026-03-30T08:17:34
CONT-5960E683,SESS-52290AA2,Product Support,Technology,Partner API,en,6,0,0,3.6,,90,0.36,0.36,2026-03-27T06:52:41
CONT-6B14E616,SESS-14221D7C,Password Reset,Financial Services,Kiosk,fr,16,0,0,,,1112,0.586,0.4144,2026-04-02T16:34:43
CONT-FEF5AA9E,SESS-B4ABB518,Account Management,Technology,Kiosk,pt,17,1,0,,,987,0.7228,0.7691,2026-03-30T06:02:55
CONT-3EBF5882,SESS-97604E2E,Returns & Refunds,Travel,Kiosk,en,8,1,0,4.5,,323,0.6807,0.8423,2026-03-31T12:26:25
CONT-278A8535,SESS-E18C255B,Loyalty Program,Technology,Mobile App,en,12,0,0,3.8,,319,0.6968,0.5067,2026-03-28T07:43:12
CONT-935549D7,SESS-F4CF0037,Account Management,Financial Services,IVR,ja,7,1,0,4.7,,220,0.6255,0.8322,2026-03-13T20:57:11
CONT-95A4F178,SESS-136F3387,Account Management,Financial Services,IVR,en,4,1,0,3.3,,147,0.6547,0.7599,2026-03-19T04:16:08
CONT-35A8B086,SESS-6D258872,Subscription Management,Healthcare,Web,en,7,1,0,1.6,,544,0.674,0.6656,2026-03-15T11:08:27
CONT-C264F626,SESS-72640E35,General Inquiry,Healthcare,Partner API,es,2,1,0,,,165,1.0,0.88,2026-03-09T08:46:12
CONT-C393FD59,SESS-58C374AE,Product Support,Technology,Mobile App,es,8,1,0,,,597,0.8069,0.8028,2026-03-20T03:56:57
CONT-262858D2,SESS-62F490AE,Password Reset,Technology,IVR,pt,10,1,0,2.1,,543,0.8731,0.7752,2026-03-31T07:59:05
CONT-D062AB51,SESS-9E8F341E,Order Status,Technology,Partner API,fr,1,1,0,4.7,,47,0.8969,0.9408,2026-04-01T10:31:45
CONT-EBCE24C6,SESS-2E1D4360,Account Management,Travel,Mobile App,en,15,1,0,,,969,0.628,0.7312,2026-04-01T13:44:34
CONT-7BFCC9C5,SESS-A92B87A8,Billing Inquiry,Technology,Kiosk,pt,12,1,0,4.3,,918,0.7183,0.8453,2026-03-18T04:08:10
CONT-E931400E,SESS-BDD18231,Billing Inquiry,Financial Services,Kiosk,en,11,0,0,1.2,,461,0.6048,0.3139,2026-04-03T22:51:30
CONT-3D23FAD7,SESS-C5E90E45,Password Reset,Financial Services,IVR,de,2,1,0,3.1,,98,0.8993,0.8457,2026-03-09T17:22:00
CONT-97CC68D2,SESS-38C4C23B,Order Status,Financial Services,Web,de,11,1,0,1.8,,838,0.7707,0.7163,2026-03-26T14:54:05
CONT-7E5BA1DB,SESS-C6482DE7,Account Management,Financial Services,Partner API,en,12,1,0,2.9,,768,0.9543,0.8557,2026-03-20T04:10:06
CONT-9721F2DB,SESS-D6277A64,Subscription Management,Retail,Kiosk,en,20,1,0,,,817,0.4769,0.6708,2026-03-26T00:54:52
CONT-4339E67C,SESS-74F6BB73,Loyalty Program,Retail,IVR,es,11,0,1,,Tech-Escalation,1073,0.594,0.4176,2026-03-29T13:26:36
CONT-7CF6FAF4,SESS-5E813585,Loyalty Program,Travel,Partner API,en,13,1,0,2.4,,384,0.3408,0.5803,2026-03-18T06:47:55
CONT-45DF4610,SESS-C38D373F,General Inquiry,Retail,Kiosk,en,14,1,0,,,881,0.3757,0.6303,2026-03-07T18:11:20
CONT-360F1BC6,SESS-7486DEB4,Returns & Refunds,Technology,Partner API,es,7,1,0,,,199,0.8176,0.807,2026-03-25T21:01:11
CONT-18E61FC8,SESS-68187AD5,Billing Inquiry,Retail,IVR,en,4,0,1,3.5,General-Service,275,0.5697,0.4379,2026-03-27T14:38:50
CONT-F371D2A0,SESS-56F45C99,Technical Troubleshooting,Travel,Partner API,en,5,0,1,,Billing-Ops,206,0.5255,0.3902,2026-03-30T10:14:32
CONT-FB29E36B,SESS-2E5E6C58,Returns & Refunds,Travel,Web,en,4,1,0,2.5,,128,0.7532,0.7513,2026-03-13T04:57:37
CONT-AA1D5EBC,SESS-73D3AA7F,Order Status,Financial Services,Partner API,de,8,0,1,1.1,General-Service,264,0.6512,0.3265,2026-03-13T19:43:22
CONT-8804F383,SESS-BDABB89D,Returns & Refunds,Technology,Web,es,19,1,0,,,352,0.9266,0.8506,2026-04-05T16:22:57
CONT-D53F12B1,SESS-6759FECA,Billing Inquiry,Financial Services,Web,en,11,1,0,1.1,,667,0.8586,0.7094,2026-03-07T09:21:30
CONT-13B2AA0C,SESS-2FB6540E,Technical Troubleshooting,Travel,Mobile App,es,12,1,0,4.5,,1163,0.535,0.784,2026-04-02T20:54:06
CONT-8CB6752C,SESS-71D73399,General Inquiry,Financial Services,Mobile App,en,1,1,0,,,36,0.321,0.6084,2026-03-31T02:40:40
CONT-39305D56,SESS-EB3DA78D,Order Status,Technology,Web,de,14,1,0,,,4118,0.6701,0.748,2026-04-05T10:36:46
CONT-A8317235,SESS-F51B745E,Subscription Management,Retail,Mobile App,es,12,1,0,4.5,,1000,0.4524,0.751,2026-03-12T23:05:31
CONT-8FDCD574,SESS-966CD06C,Product Support,Financial Services,Mobile App,fr,4,1,0,4.3,,325,1.0,0.958,2026-03-09T12:00:25
CONT-DB46BCA4,SESS-8B5492A0,General Inquiry,Travel,Mobile App,es,12,1,0,1.3,,517,0.4978,0.5771,2026-03-11T05:48:17
CONT-1473C52B,SESS-7A168BB3,Account Management,Financial Services,Web,en,2,1,0,4.2,,82,0.2546,0.6538,2026-03-09T16:26:18
CONT-911D017F,SESS-9CA6BCB4,Password Reset,Technology,Web,en,16,1,0,,,699,0.8642,0.8257,2026-03-31T21:26:43
CONT-55A9F05E,SESS-AD2700A9,Order Status,Financial Services,Mobile App,en,12,1,0,4.0,,525,0.6432,0.7973,2026-03-16T23:28:55
CONT-5F3714A1,SESS-12F46B6C,Billing Inquiry,Technology,IVR,en,13,0,0,,,797,0.8208,0.5083,2026-03-14T18:33:16
CONT-D1102239,SESS-44507F12,Subscription Management,Healthcare,IVR,en,1,1,0,,,16,0.7178,0.7671,2026-03-19T08:30:14
CONT-365EEFE0,SESS-42C73E2B,Subscription Management,Financial Services,Kiosk,en,5,0,0,2.5,,963,0.433,0.3232,2026-03-12T20:07:45
CONT-423C6724,SESS-1B2F06D6,Returns & Refunds,Retail,Web,es,13,1,0,,,552,1.0,0.88,2026-03-31T10:28:19
CONT-501012B2,SESS-0DCBEF3D,Account Management,Retail,Partner API,en,3,1,0,2.0,,260,0.5973,0.6589,2026-03-13T00:58:23
CONT-E2F07214,SESS-908018BD,Billing Inquiry,Travel,Kiosk,fr,11,0,1,1.9,General-Service,556,0.6996,0.3938,2026-04-05T12:25:43
CONT-6002BE35,SESS-483B4CE8,Loyalty Program,Financial Services,Mobile App,es,6,1,0,3.8,,171,0.6851,0.802,2026-03-28T09:51:08
CONT-ECD3BEC9,SESS-D571BA3F,Account Management,Travel,Partner API,en,12,0,0,,,453,0.7225,0.469,2026-03-10T05:18:32
CONT-E10BC48A,SESS-92E5B2A1,Account Management,Retail,Mobile App,fr,11,1,0,3.7,,313,0.4447,0.6999,2026-03-12T20:41:17
CONT-DDF1E516,SESS-54A7E061,Technical Troubleshooting,Healthcare,Mobile App,en,19,1,0,4.5,,828,1.0,0.97,2026-03-31T12:30:01
CONT-A8EFDD3A,SESS-7EB3E104,Billing Inquiry,Financial Services,Web,fr,13,0,1,2.2,Tier1-Support,610,0.6337,0.3855,2026-03-12T00:41:44
CONT-52264D9F,SESS-821E2EDF,Product Support,Retail,Mobile App,en,2,1,0,1.0,,140,0.6683,0.6273,2026-03-12T17:55:48
CONT-C7265A99,SESS-3A8643D9,Product Support,Travel,IVR,en,14,1,0,2.8,,1919,0.6992,0.7477,2026-03-08T05:24:13
CONT-6030A65E,SESS-876728E1,Returns & Refunds,Travel,Mobile App,en,8,1,0,3.8,,544,0.5491,0.7476,2026-03-21T18:06:23
CONT-16527B74,SESS-EEFE22CA,Order Status,Healthcare,Kiosk,en,19,0,0,,,1148,0.755,0.482,2026-03-30T16:06:12
CONT-0E0C573F,SESS-9201556F,Password Reset,Technology,Web,en,14,1,0,2.5,,604,0.5996,0.6898,2026-03-18T10:35:42
CONT-1D748857,SESS-E7245581,Product Support,Healthcare,IVR,en,8,0,1,2.3,General-Service,243,0.7565,0.4406,2026-03-07T02:16:20
CONT-60C50868,SESS-270B9918,General Inquiry,Financial Services,Mobile App,en,9,0,1,,Tier1-Support,586,0.6746,0.4498,2026-03-20T17:29:08
CONT-4FD90624,SESS-F1C06E71,Product Support,Healthcare,Web,en,12,0,1,,Tier1-Support,637,0.6924,0.457,2026-03-09T11:06:01
CONT-430EF48E,SESS-A152D903,Loyalty Program,Travel,IVR,en,7,1,0,,,331,0.6599,0.744,2026-03-30T04:01:36
CONT-285CA050,SESS-4BD55D83,Technical Troubleshooting,Financial Services,Kiosk,en,19,1,0,3.8,,858,1.0,0.928,2026-03-26T08:19:51
CONT-7CB75A85,SESS-ECF72DC7,Password Reset,Financial Services,Partner API,en,4,1,0,4.1,,215,0.8291,0.8776,2026-04-01T06:02:10
CONT-5B5404CD,SESS-E13C2AA4,Loyalty Program,Travel,Kiosk,es,18,1,0,4.2,,1046,0.6474,0.811,2026-03-21T00:50:55
CONT-1880E6F7,SESS-DB91C8DE,Billing Inquiry,Travel,Web,ja,18,1,0,,,1748,0.6418,0.7367,2026-03-17T07:12:36
CONT-FD62163C,SESS-FC45C9F4,Subscription Management,Travel,Partner API,de,14,1,0,,,1178,0.6332,0.7333,2026-04-02T16:44:10
CONT-11C5D661,SESS-21E3B484,General Inquiry,Technology,Web,en,11,1,0,4.7,,276,0.7731,0.8912,2026-03-13T11:12:15
CONT-1AD5DDAC,SESS-B6108ED8,Password Reset,Retail,Partner API,pt,12,1,0,3.6,,276,0.8071,0.8388,2026-03-14T14:31:36
CONT-35F50638,SESS-6384C864,Account Management,Healthcare,Mobile App,en,18,1,0,3.4,,393,0.6362,0.7585,2026-04-02T21:29:12
CONT-2DA451A0,SESS-1058AADF,Subscription Management,Healthcare,Mobile App,en,8,1,0,,,151,1.0,0.88,2026-03-11T23:14:00
CONT-DB46BCA4,SESS-F7416CAD,Password Reset,Technology,IVR,en,3,0,1,,Tech-Escalation,49,0.702,0.4608,2026-03-10T17:45:29
CONT-629FB9A9,SESS-D1FD8F12,Technical Troubleshooting,Financial Services,Web,pt,4,0,1,,General-Service,355,0.9073,0.5429,2026-03-16T09:16:52
CONT-32582483,SESS-6A669044,Subscription Management,Financial Services,Web,zh,14,1,0,1.6,,1043,0.6366,0.6506,2026-03-13T01:38:21
CONT-95409D3E,SESS-B8378F3D,Returns & Refunds,Technology,Web,fr,19,1,0,2.9,,1910,0.8827,0.8271,2026-03-24T16:52:08
CONT-BD3FC893,SESS-C77C4345,Password Reset,Retail,IVR,en,19,0,1,,Tech-Escalation,964,0.7481,0.4792,2026-03-24T16:41:19
CONT-5D4EE767,SESS-C2761151,Password Reset,Healthcare,IVR,en,17,0,0,1.0,,633,0.5181,0.2672,2026-03-24T08:46:37
CONT-63EB78AA,SESS-93BA0558,Technical Troubleshooting,Healthcare,Kiosk,pt,2,1,0,,,187,0.9624,0.865,2026-03-30T09:46:14
CONT-BDD6040E,SESS-154E6F60,Returns & Refunds,Financial Services,Partner API,en,15,0,1,2.9,Tech-Escalation,394,0.6692,0.4417,2026-04-05T10:02:08
